基本気質,意思決定,行動傾向,対人関係,価値観信念,役職,性格説明,主軸人格,行動理念
超内向,超慎重,超回避,孤高,超現実,影の参謀,裏方で支える冷静慎重派,閉鎖的でリスクを極端に避け、対立を徹底的に避ける性格,孤高の存在で超現実主義
超内向,超慎重,超回避,孤高,現実,影の参謀,裏方で支える冷静慎重派,閉鎖的でリスクを極端に避け、対立を徹底的に避ける性格,孤高の存在で現実主義
超内向,超慎重,超回避,孤高,少現実,調整役,周囲を見てバランスを取る人,閉鎖的でリスクを極端に避け、対立を徹底的に避ける性格,孤高の存在で現実的な側面を考慮する
超内向,超慎重,超回避,孤高,少理想,調整役,周囲を見てバランスを取る人,閉鎖的でリスクを極端に避け、対立を徹底的に避ける性格,孤高の存在で夢見がち
超内向,超慎重,超回避,孤高,理想,癒し手,控えめで理想に生きる,閉鎖的でリスクを極端に避け、対立を徹底的に避ける性格,孤高の存在で理想的
超内向,超慎重,超回避,孤高,超理想,癒し手,控えめで理想に生きる,閉鎖的でリスクを極端に避け、対立を徹底的に避ける性格,孤高の存在で地に足がついていない
超内向,超慎重,超回避,一匹狼,超現実,影の参謀,裏方で支える冷静慎重派,閉鎖的でリスクを極端に避け、対立を徹底的に避ける性格,一匹狼で超現実主義
超内向,超慎重,超回避,一匹狼,現実,影の参謀,裏方で支える冷静慎重派,閉鎖的でリスクを極端に避け、対立を徹底的に避ける性格,一匹狼で現実主義
超内向,超慎重,超回避,一匹狼,少現実,調整役,周囲を見てバランスを取る人,閉鎖的でリスクを極端に避け、対立を徹底的に避ける性格,一匹狼で現実的な側面を考慮する
超内向,超慎重,超回避,一匹狼,少理想,調整役,周囲を見てバランスを取る人,閉鎖的でリスクを極端に避け、対立を徹底的に避ける性格,一匹狼で夢見がち
超内向,超慎重,超回避,一匹狼,理想,癒し手,控えめで理想に生きる,閉鎖的でリスクを極端に避け、対立を徹底的に避ける性格,一匹狼で理想的
超内向,超慎重,超回避,一匹狼,超理想,癒し手,控えめで理想に生きる,閉鎖的でリスクを極端に避け、対立を徹底的に避ける性格,一匹狼で地に足がついていない
超内向,超慎重,超回避,少孤独,超現実,調整役,周囲を見てバランスを取る人,閉鎖的でリスクを極端に避け、対立を徹底的に避ける性格,自由主義で超現実主義
超内向,超慎重,超回避,少孤独,現実,調整役,周囲を見てバランスを取る人,閉鎖的でリスクを極端に避け、対立を徹底的に避ける性格,自由主義で現実主義
超内向,超慎重,超回避,少孤独,少現実,調整役,周囲を見てバランスを取る人,閉鎖的でリスクを極端に避け、対立を徹底的に避ける性格,自由主義で現実的な側面を考慮する
超内向,超慎重,超回避,少孤独,少理想,調整役,周囲を見てバランスを取る人,閉鎖的でリスクを極端に避け、対立を徹底的に避ける性格,自由主義で夢見がち
超内向,超慎重,超回避,少孤独,理想,癒し手,控えめで理想に生きる,閉鎖的でリスクを極端に避け、対立を徹底的に避ける性格,自由主義で理想的
超内向,超慎重,超回避,少孤独,超理想,癒し手,控えめで理想に生きる,閉鎖的でリスクを極端に避け、対立を徹底的に避ける性格,自由主義で地に足がついていない
超内向,超慎重,超回避,少仲間,超現実,調整役,周囲を見てバランスを取る人,閉鎖的でリスクを極端に避け、対立を徹底的に避ける性格,温厚で超現実主義
超内向,超慎重,超回避,少仲間,現実,調整役,周囲を見てバランスを取る人,閉鎖的でリスクを極端に避け、対立を徹底的に避ける性格,温厚で現実主義
超内向,超慎重,超回避,少仲間,少現実,調整役,周囲を見てバランスを取る人,閉鎖的でリスクを極端に避け、対立を徹底的に避ける性格,温厚で現実的な側面を考慮する
超内向,超慎重,超回避,少仲間,少理想,調整役,周囲を見てバランスを取る人,閉鎖的でリスクを極端に避け、対立を徹底的に避ける性格,温厚で夢見がち
超内向,超慎重,超回避,少仲間,理想,癒し手,控えめで理想に生きる,閉鎖的でリスクを極端に避け、対立を徹底的に避ける性格,温厚で理想的
超内向,超慎重,超回避,少仲間,超理想,癒し手,控えめで理想に生きる,閉鎖的でリスクを極端に避け、対立を徹底的に避ける性格,温厚で地に足がついていない
超内向,超慎重,超回避,仲間派,超現実,守護者,仲間を守る頼れる存在,閉鎖的でリスクを極端に避け、対立を徹底的に避ける性格,仲間思いで超現実主義
超内向,超慎重,超回避,仲間派,現実,守護者,仲間を守る頼れる存在,閉鎖的でリスクを極端に避け、対立を徹底的に避ける性格,仲間思いで現実主義
超内向,超慎重,超回避,仲間派,少現実,守護者,仲間を守る頼れる存在,閉鎖的でリスクを極端に避け、対立を徹底的に避ける性格,仲間思いで現実的な側面を考慮する
超内向,超慎重,超回避,仲間派,少理想,守護者,仲間を守る頼れる存在,閉鎖的でリスクを極端に避け、対立を徹底的に避ける性格,仲間思いで夢見がち
超内向,超慎重,超回避,仲間派,理想,癒し手,控えめで理想に生きる,閉鎖的でリスクを極端に避け、対立を徹底的に避ける性格,仲間思いで理想的
超内向,超慎重,超回避,仲間派,超理想,癒し手,控えめで理想に生きる,閉鎖的でリスクを極端に避け、対立を徹底的に避ける性格,仲間思いで地に足がついていない
超内向,超慎重,超回避,超仲間,超現実,守護者,仲間を守る頼れる存在,閉鎖的でリスクを極端に避け、対立を徹底的に避ける性格,自己犠牲精神で超現実主義
超内向,超慎重,超回避,超仲間,現実,守護者,仲間を守る頼れる存在,閉鎖的でリスクを極端に避け、対立を徹底的に避ける性格,自己犠牲精神で現実主義
超内向,超慎重,超回避,超仲間,少現実,守護者,仲間を守る頼れる存在,閉鎖的でリスクを極端に避け、対立を徹底的に避ける性格,自己犠牲精神で現実的な側面を考慮する
超内向,超慎重,超回避,超仲間,少理想,守護者,仲間を守る頼れる存在,閉鎖的でリスクを極端に避け、対立を徹底的に避ける性格,自己犠牲精神で夢見がち
超内向,超慎重,超回避,超仲間,理想,癒し手,控えめで理想に生きる,閉鎖的でリスクを極端に避け、対立を徹底的に避ける性格,自己犠牲精神で理想的
超内向,超慎重,超回避,超仲間,超理想,癒し手,控えめで理想に生きる,閉鎖的でリスクを極端に避け、対立を徹底的に避ける性格,自己犠牲精神で地に足がついていない
超内向,超慎重,回避,孤高,超現実,影の参謀,裏方で支える冷静慎重派,閉鎖的でリスクを極端に避け、直接的な対応を好まない性格,孤高の存在で超現実主義
超内向,超慎重,回避,孤高,現実,影の参謀,裏方で支える冷静慎重派,閉鎖的でリスクを極端に避け、直接的な対応を好まない性格,孤高の存在で現実主義
超内向,超慎重,回避,孤高,少現実,調整役,周囲を見てバランスを取る人,閉鎖的でリスクを極端に避け、直接的な対応を好まない性格,孤高の存在で現実的な側面を考慮する
超内向,超慎重,回避,孤高,少理想,調整役,周囲を見てバランスを取る人,閉鎖的でリスクを極端に避け、直接的な対応を好まない性格,孤高の存在で夢見がち
超内向,超慎重,回避,孤高,理想,癒し手,控えめで理想に生きる,閉鎖的でリスクを極端に避け、直接的な対応を好まない性格,孤高の存在で理想的
超内向,超慎重,回避,孤高,超理想,癒し手,控えめで理想に生きる,閉鎖的でリスクを極端に避け、直接的な対応を好まない性格,孤高の存在で地に足がついていない
超内向,超慎重,回避,一匹狼,超現実,影の参謀,裏方で支える冷静慎重派,閉鎖的でリスクを極端に避け、直接的な対応を好まない性格,一匹狼で超現実主義
超内向,超慎重,回避,一匹狼,現実,影の参謀,裏方で支える冷静慎重派,閉鎖的でリスクを極端に避け、直接的な対応を好まない性格,一匹狼で現実主義
超内向,超慎重,回避,一匹狼,少現実,調整役,周囲を見てバランスを取る人,閉鎖的でリスクを極端に避け、直接的な対応を好まない性格,一匹狼で現実的な側面を考慮する
超内向,超慎重,回避,一匹狼,少理想,調整役,周囲を見てバランスを取る人,閉鎖的でリスクを極端に避け、直接的な対応を好まない性格,一匹狼で夢見がち
超内向,超慎重,回避,一匹狼,理想,癒し手,控えめで理想に生きる,閉鎖的でリスクを極端に避け、直接的な対応を好まない性格,一匹狼で理想的
超内向,超慎重,回避,一匹狼,超理想,癒し手,控えめで理想に生きる,閉鎖的でリスクを極端に避け、直接的な対応を好まない性格,一匹狼で地に足がついていない
超内向,超慎重,回避,少孤独,超現実,調整役,周囲を見てバランスを取る人,閉鎖的でリスクを極端に避け、直接的な対応を好まない性格,自由主義で超現実主義
超内向,超慎重,回避,少孤独,現実,調整役,周囲を見てバランスを取る人,閉鎖的でリスクを極端に避け、直接的な対応を好まない性格,自由主義で現実主義
超内向,超慎重,回避,少孤独,少現実,調整役,周囲を見てバランスを取る人,閉鎖的でリスクを極端に避け、直接的な対応を好まない性格,自由主義で現実的な側面を考慮する
超内向,超慎重,回避,少孤独,少理想,調整役,周囲を見てバランスを取る人,閉鎖的でリスクを極端に避け、直接的な対応を好まない性格,自由主義で夢見がち
超内向,超慎重,回避,少孤独,理想,癒し手,控えめで理想に生きる,閉鎖的でリスクを極端に避け、直接的な対応を好まない性格,自由主義で理想的
超内向,超慎重,回避,少孤独,超理想,癒し手,控えめで理想に生きる,閉鎖的でリスクを極端に避け、直接的な対応を好まない性格,自由主義で地に足がついていない
超内向,超慎重,回避,少仲間,超現実,調整役,周囲を見てバランスを取る人,閉鎖的でリスクを極端に避け、直接的な対応を好まない性格,温厚で超現実主義
超内向,超慎重,回避,少仲間,現実,調整役,周囲を見てバランスを取る人,閉鎖的でリスクを極端に避け、直接的な対応を好まない性格,温厚で現実主義
超内向,超慎重,回避,少仲間,少現実,調整役,周囲を見てバランスを取る人,閉鎖的でリスクを極端に避け、直接的な対応を好まない性格,温厚で現実的な側面を考慮する
超内向,超慎重,回避,少仲間,少理想,調整役,周囲を見てバランスを取る人,閉鎖的でリスクを極端に避け、直接的な対応を好まない性格,温厚で夢見がち
超内向,超慎重,回避,少仲間,理想,癒し手,控えめで理想に生きる,閉鎖的でリスクを極端に避け、直接的な対応を好まない性格,温厚で理想的
超内向,超慎重,回避,少仲間,超理想,癒し手,控えめで理想に生きる,閉鎖的でリスクを極端に避け、直接的な対応を好まない性格,温厚で地に足がついていない
超内向,超慎重,回避,仲間派,超現実,守護者,仲間を守る頼れる存在,閉鎖的でリスクを極端に避け、直接的な対応を好まない性格,仲間思いで超現実主義
超内向,超慎重,回避,仲間派,現実,守護者,仲間を守る頼れる存在,閉鎖的でリスクを極端に避け、直接的な対応を好まない性格,仲間思いで現実主義
超内向,超慎重,回避,仲間派,少現実,守護者,仲間を守る頼れる存在,閉鎖的でリスクを極端に避け、直接的な対応を好まない性格,仲間思いで現実的な側面を考慮する
超内向,超慎重,回避,仲間派,少理想,守護者,仲間を守る頼れる存在,閉鎖的でリスクを極端に避け、直接的な対応を好まない性格,仲間思いで夢見がち
超内向,超慎重,回避,仲間派,理想,癒し手,控えめで理想に生きる,閉鎖的でリスクを極端に避け、直接的な対応を好まない性格,仲間思いで理想的
超内向,超慎重,回避,仲間派,超理想,癒し手,控えめで理想に生きる,閉鎖的でリスクを極端に避け、直接的な対応を好まない性格,仲間思いで地に足がついていない
超内向,超慎重,回避,超仲間,超現実,守護者,仲間を守る頼れる存在,閉鎖的でリスクを極端に避け、直接的な対応を好まない性格,自己犠牲精神で超現実主義
超内向,超慎重,回避,超仲間,現実,守護者,仲間を守る頼れる存在,閉鎖的でリスクを極端に避け、直接的な対応を好まない性格,自己犠牲精神で現実主義
超内向,超慎重,回避,超仲間,少現実,守護者,仲間を守る頼れる存在,閉鎖的でリスクを極端に避け、直接的な対応を好まない性格,自己犠牲精神で現実的な側面を考慮する
超内向,超慎重,回避,超仲間,少理想,守護者,仲間を守る頼れる存在,閉鎖的でリスクを極端に避け、直接的な対応を好まない性格,自己犠牲精神で夢見がち
超内向,超慎重,回避,超仲間,理想,癒し手,控えめで理想に生きる,閉鎖的でリスクを極端に避け、直接的な対応を好まない性格,自己犠牲精神で理想的
超内向,超慎重,回避,超仲間,超理想,癒し手,控えめで理想に生きる,閉鎖的でリスクを極端に避け、直接的な対応を好まない性格,自己犠牲精神で地に足がついていない
超内向,超慎重,少回避,孤高,超現実,調整役,周囲を見てバランスを取る人,閉鎖的でリスクを極端に避け、争いごとを好まない性格,孤高の存在で超現実主義
超内向,超慎重,少回避,孤高,現実,調整役,周囲を見てバランスを取る人,閉鎖的でリスクを極端に避け、争いごとを好まない性格,孤高の存在で現実主義
超内向,超慎重,少回避,孤高,少現実,調整役,周囲を見てバランスを取る人,閉鎖的でリスクを極端に避け、争いごとを好まない性格,孤高の存在で現実的な側面を考慮する
超内向,超慎重,少回避,孤高,少理想,調整役,周囲を見てバランスを取る人,閉鎖的でリスクを極端に避け、争いごとを好まない性格,孤高の存在で夢見がち
超内向,超慎重,少回避,孤高,理想,癒し手,控えめで理想に生きる,閉鎖的でリスクを極端に避け、争いごとを好まない性格,孤高の存在で理想的
超内向,超慎重,少回避,孤高,超理想,癒し手,控えめで理想に生きる,閉鎖的でリスクを極端に避け、争いごとを好まない性格,孤高の存在で地に足がついていない
超内向,超慎重,少回避,一匹狼,超現実,調整役,周囲を見てバランスを取る人,閉鎖的でリスクを極端に避け、争いごとを好まない性格,一匹狼で超現実主義
超内向,超慎重,少回避,一匹狼,現実,調整役,周囲を見てバランスを取る人,閉鎖的でリスクを極端に避け、争いごとを好まない性格,一匹狼で現実主義
超内向,超慎重,少回避,一匹狼,少現実,調整役,周囲を見てバランスを取る人,閉鎖的でリスクを極端に避け、争いごとを好まない性格,一匹狼で現実的な側面を考慮する
超内向,超慎重,少回避,一匹狼,少理想,調整役,周囲を見てバランスを取る人,閉鎖的でリスクを極端に避け、争いごとを好まない性格,一匹狼で夢見がち
超内向,超慎重,少回避,一匹狼,理想,癒し手,控えめで理想に生きる,閉鎖的でリスクを極端に避け、争いごとを好まない性格,一匹狼で理想的
超内向,超慎重,少回避,一匹狼,超理想,癒し手,控えめで理想に生きる,閉鎖的でリスクを極端に避け、争いごとを好まない性格,一匹狼で地に足がついていない
超内向,超慎重,少回避,少孤独,超現実,調整役,周囲を見てバランスを取る人,閉鎖的でリスクを極端に避け、争いごとを好まない性格,自由主義で超現実主義
超内向,超慎重,少回避,少孤独,現実,調整役,周囲を見てバランスを取る人,閉鎖的でリスクを極端に避け、争いごとを好まない性格,自由主義で現実主義
超内向,超慎重,少回避,少孤独,少現実,調整役,周囲を見てバランスを取る人,閉鎖的でリスクを極端に避け、争いごとを好まない性格,自由主義で現実的な側面を考慮する
超内向,超慎重,少回避,少孤独,少理想,調整役,周囲を見てバランスを取る人,閉鎖的でリスクを極端に避け、争いごとを好まない性格,自由主義で夢見がち
超内向,超慎重,少回避,少孤独,理想,癒し手,控えめで理想に生きる,閉鎖的でリスクを極端に避け、争いごとを好まない性格,自由主義で理想的
超内向,超慎重,少回避,少孤独,超理想,癒し手,控えめで理想に生きる,閉鎖的でリスクを極端に避け、争いごとを好まない性格,自由主義で地に足がついていない
超内向,超慎重,少回避,少仲間,超現実,調整役,周囲を見てバランスを取る人,閉鎖的でリスクを極端に避け、争いごとを好まない性格,温厚で超現実主義
超内向,超慎重,少回避,少仲間,現実,調整役,周囲を見てバランスを取る人,閉鎖的でリスクを極端に避け、争いごとを好まない性格,温厚で現実主義
超内向,超慎重,少回避,少仲間,少現実,調整役,周囲を見てバランスを取る人,閉鎖的でリスクを極端に避け、争いごとを好まない性格,温厚で現実的な側面を考慮する
超内向,超慎重,少回避,少仲間,少理想,調整役,周囲を見てバランスを取る人,閉鎖的でリスクを極端に避け、争いごとを好まない性格,温厚で夢見がち
超内向,超慎重,少回避,少仲間,理想,癒し手,控えめで理想に生きる,閉鎖的でリスクを極端に避け、争いごとを好まない性格,温厚で理想的
超内向,超慎重,少回避,少仲間,超理想,癒し手,控えめで理想に生きる,閉鎖的でリスクを極端に避け、争いごとを好まない性格,温厚で地に足がついていない
超内向,超慎重,少回避,仲間派,超現実,守護者,仲間を守る頼れる存在,閉鎖的でリスクを極端に避け、争いごとを好まない性格,仲間思いで超現実主義
超内向,超慎重,少回避,仲間派,現実,守護者,仲間を守る頼れる存在,閉鎖的でリスクを極端に避け、争いごとを好まない性格,仲間思いで現実主義
超内向,超慎重,少回避,仲間派,少現実,守護者,仲間を守る頼れる存在,閉鎖的でリスクを極端に避け、争いごとを好まない性格,仲間思いで現実的な側面を考慮する
超内向,超慎重,少回避,仲間派,少理想,守護者,仲間を守る頼れる存在,閉鎖的でリスクを極端に避け、争いごとを好まない性格,仲間思いで夢見がち
超内向,超慎重,少回避,仲間派,理想,癒し手,控えめで理想に生きる,閉鎖的でリスクを極端に避け、争いごとを好まない性格,仲間思いで理想的
超内向,超慎重,少回避,仲間派,超理想,癒し手,控えめで理想に生きる,閉鎖的でリスクを極端に避け、争いごとを好まない性格,仲間思いで地に足がついていない
超内向,超慎重,少回避,超仲間,超現実,守護者,仲間を守る頼れる存在,閉鎖的でリスクを極端に避け、争いごとを好まない性格,自己犠牲精神で超現実主義
超内向,超慎重,少回避,超仲間,現実,守護者,仲間を守る頼れる存在,閉鎖的でリスクを極端に避け、争いごとを好まない性格,自己犠牲精神で現実主義
超内向,超慎重,少回避,超仲間,少現実,守護者,仲間を守る頼れる存在,閉鎖的でリスクを極端に避け、争いごとを好まない性格,自己犠牲精神で現実的な側面を考慮する
超内向,超慎重,少回避,超仲間,少理想,守護者,仲間を守る頼れる存在,閉鎖的でリスクを極端に避け、争いごとを好まない性格,自己犠牲精神で夢見がち
超内向,超慎重,少回避,超仲間,理想,癒し手,控えめで理想に生きる,閉鎖的でリスクを極端に避け、争いごとを好まない性格,自己犠牲精神で理想的
超内向,超慎重,少回避,超仲間,超理想,癒し手,控えめで理想に生きる,閉鎖的でリスクを極端に避け、争いごとを好まない性格,自己犠牲精神で地に足がついていない
超内向,超慎重,少挑戦,孤高,超現実,調整役,周囲を見てバランスを取る人,閉鎖的でリスクを極端に避け、探求心がある性格,孤高の存在で超現実主義
超内向,超慎重,少挑戦,孤高,現実,調整役,周囲を見てバランスを取る人,閉鎖的でリスクを極端に避け、探求心がある性格,孤高の存在で現実主義
超内向,超慎重,少挑戦,孤高,少現実,調整役,周囲を見てバランスを取る人,閉鎖的でリスクを極端に避け、探求心がある性格,孤高の存在で現実的な側面を考慮する
超内向,超慎重,少挑戦,孤高,少理想,調整役,周囲を見てバランスを取る人,閉鎖的でリスクを極端に避け、探求心がある性格,孤高の存在で夢見がち
超内向,超慎重,少挑戦,孤高,理想,癒し手,控えめで理想に生きる,閉鎖的でリスクを極端に避け、探求心がある性格,孤高の存在で理想的
超内向,超慎重,少挑戦,孤高,超理想,癒し手,控えめで理想に生きる,閉鎖的でリスクを極端に避け、探求心がある性格,孤高の存在で地に足がついていない
超内向,超慎重,少挑戦,一匹狼,超現実,調整役,周囲を見てバランスを取る人,閉鎖的でリスクを極端に避け、探求心がある性格,一匹狼で超現実主義
超内向,超慎重,少挑戦,一匹狼,現実,調整役,周囲を見てバランスを取る人,閉鎖的でリスクを極端に避け、探求心がある性格,一匹狼で現実主義
超内向,超慎重,少挑戦,一匹狼,少現実,調整役,周囲を見てバランスを取る人,閉鎖的でリスクを極端に避け、探求心がある性格,一匹狼で現実的な側面を考慮する
超内向,超慎重,少挑戦,一匹狼,少理想,調整役,周囲を見てバランスを取る人,閉鎖的でリスクを極端に避け、探求心がある性格,一匹狼で夢見がち
超内向,超慎重,少挑戦,一匹狼,理想,癒し手,控えめで理想に生きる,閉鎖的でリスクを極端に避け、探求心がある性格,一匹狼で理想的
超内向,超慎重,少挑戦,一匹狼,超理想,癒し手,控えめで理想に生きる,閉鎖的でリスクを極端に避け、探求心がある性格,一匹狼で地に足がついていない
超内向,超慎重,少挑戦,少孤独,超現実,調整役,周囲を見てバランスを取る人,閉鎖的でリスクを極端に避け、探求心がある性格,自由主義で超現実主義
超内向,超慎重,少挑戦,少孤独,現実,調整役,周囲を見てバランスを取る人,閉鎖的でリスクを極端に避け、探求心がある性格,自由主義で現実主義
超内向,超慎重,少挑戦,少孤独,少現実,調整役,周囲を見てバランスを取る人,閉鎖的でリスクを極端に避け、探求心がある性格,自由主義で現実的な側面を考慮する
超内向,超慎重,少挑戦,少孤独,少理想,調整役,周囲を見てバランスを取る人,閉鎖的でリスクを極端に避け、探求心がある性格,自由主義で夢見がち
超内向,超慎重,少挑戦,少孤独,理想,癒し手,控えめで理想に生きる,閉鎖的でリスクを極端に避け、探求心がある性格,自由主義で理想的
超内向,超慎重,少挑戦,少孤独,超理想,癒し手,控えめで理想に生きる,閉鎖的でリスクを極端に避け、探求心がある性格,自由主義で地に足がついていない
超内向,超慎重,少挑戦,少仲間,超現実,調整役,周囲を見てバランスを取る人,閉鎖的でリスクを極端に避け、探求心がある性格,温厚で超現実主義
超内向,超慎重,少挑戦,少仲間,現実,調整役,周囲を見てバランスを取る人,閉鎖的でリスクを極端に避け、探求心がある性格,温厚で現実主義
超内向,超慎重,少挑戦,少仲間,少現実,調整役,周囲を見てバランスを取る人,閉鎖的でリスクを極端に避け、探求心がある性格,温厚で現実的な側面を考慮する
超内向,超慎重,少挑戦,少仲間,少理想,調整役,周囲を見てバランスを取る人,閉鎖的でリスクを極端に避け、探求心がある性格,温厚で夢見がち
超内向,超慎重,少挑戦,少仲間,理想,癒し手,控えめで理想に生きる,閉鎖的でリスクを極端に避け、探求心がある性格,温厚で理想的
超内向,超慎重,少挑戦,少仲間,超理想,癒し手,控えめで理想に生きる,閉鎖的でリスクを極端に避け、探求心がある性格,温厚で地に足がついていない
超内向,超慎重,少挑戦,仲間派,超現実,調整役,周囲を見てバランスを取る人,閉鎖的でリスクを極端に避け、探求心がある性格,仲間思いで超現実主義
超内向,超慎重,少挑戦,仲間派,現実,調整役,周囲を見てバランスを取る人,閉鎖的でリスクを極端に避け、探求心がある性格,仲間思いで現実主義
超内向,超慎重,少挑戦,仲間派,少現実,調整役,周囲を見てバランスを取る人,閉鎖的でリスクを極端に避け、探求心がある性格,仲間思いで現実的な側面を考慮する
超内向,超慎重,少挑戦,仲間派,少理想,調整役,周囲を見てバランスを取る人,閉鎖的でリスクを極端に避け、探求心がある性格,仲間思いで夢見がち
超内向,超慎重,少挑戦,仲間派,理想,癒し手,控えめで理想に生きる,閉鎖的でリスクを極端に避け、探求心がある性格,仲間思いで理想的
超内向,超慎重,少挑戦,仲間派,超理想,癒し手,控えめで理想に生きる,閉鎖的でリスクを極端に避け、探求心がある性格,仲間思いで地に足がついていない
超内向,超慎重,少挑戦,超仲間,超現実,調整役,周囲を見てバランスを取る人,閉鎖的でリスクを極端に避け、探求心がある性格,自己犠牲精神で超現実主義
超内向,超慎重,少挑戦,超仲間,現実,調整役,周囲を見てバランスを取る人,閉鎖的でリスクを極端に避け、探求心がある性格,自己犠牲精神で現実主義
超内向,超慎重,少挑戦,超仲間,少現実,調整役,周囲を見てバランスを取る人,閉鎖的でリスクを極端に避け、探求心がある性格,自己犠牲精神で現実的な側面を考慮する
超内向,超慎重,少挑戦,超仲間,少理想,調整役,周囲を見てバランスを取る人,閉鎖的でリスクを極端に避け、探求心がある性格,自己犠牲精神で夢見がち
超内向,超慎重,少挑戦,超仲間,理想,癒し手,控えめで理想に生きる,閉鎖的でリスクを極端に避け、探求心がある性格,自己犠牲精神で理想的
超内向,超慎重,少挑戦,超仲間,超理想,癒し手,控えめで理想に生きる,閉鎖的でリスクを極端に避け、探求心がある性格,自己犠牲精神で地に足がついていない
超内向,超慎重,挑戦,孤高,超現実,孤高の戦士,誰にも頼らず突き進む,閉鎖的でリスクを極端に避け、挑戦的な性格,孤高の存在で超現実主義
超内向,超慎重,挑戦,孤高,現実,孤高の戦士,誰にも頼らず突き進む,閉鎖的でリスクを極端に避け、挑戦的な性格,孤高の存在で現実主義
超内向,超慎重,挑戦,孤高,少現実,策略家,冷静に挑む策士,閉鎖的でリスクを極端に避け、挑戦的な性格,孤高の存在で現実的な側面を考慮する
超内向,超慎重,挑戦,孤高,少理想,策略家,冷静に挑む策士,閉鎖的でリスクを極端に避け、挑戦的な性格,孤高の存在で夢見がち
超内向,超慎重,挑戦,孤高,理想,癒し手,控えめで理想に生きる,閉鎖的でリスクを極端に避け、挑戦的な性格,孤高の存在で理想的
超内向,超慎重,挑戦,孤高,超理想,癒し手,控えめで理想に生きる,閉鎖的でリスクを極端に避け、挑戦的な性格,孤高の存在で地に足がついていない
超内向,超慎重,挑戦,一匹狼,超現実,孤高の戦士,誰にも頼らず突き進む,閉鎖的でリスクを極端に避け、挑戦的な性格,一匹狼で超現実主義
超内向,超慎重,挑戦,一匹狼,現実,孤高の戦士,誰にも頼らず突き進む,閉鎖的でリスクを極端に避け、挑戦的な性格,一匹狼で現実主義
超内向,超慎重,挑戦,一匹狼,少現実,策略家,冷静に挑む策士,閉鎖的でリスクを極端に避け、挑戦的な性格,一匹狼で現実的な側面を考慮する
超内向,超慎重,挑戦,一匹狼,少理想,策略家,冷静に挑む策士,閉鎖的でリスクを極端に避け、挑戦的な性格,一匹狼で夢見がち
超内向,超慎重,挑戦,一匹狼,理想,癒し手,控えめで理想に生きる,閉鎖的でリスクを極端に避け、挑戦的な性格,一匹狼で理想的
超内向,超慎重,挑戦,一匹狼,超理想,癒し手,控えめで理想に生きる,閉鎖的でリスクを極端に避け、挑戦的な性格,一匹狼で地に足がついていない
超内向,超慎重,挑戦,少孤独,超現実,策略家,冷静に挑む策士,閉鎖的でリスクを極端に避け、挑戦的な性格,自由主義で超現実主義
超内向,超慎重,挑戦,少孤独,現実,策略家,冷静に挑む策士,閉鎖的でリスクを極端に避け、挑戦的な性格,自由主義で現実主義
超内向,超慎重,挑戦,少孤独,少現実,策略家,冷静に挑む策士,閉鎖的でリスクを極端に避け、挑戦的な性格,自由主義で現実的な側面を考慮する
超内向,超慎重,挑戦,少孤独,少理想,策略家,冷静に挑む策士,閉鎖的でリスクを極端に避け、挑戦的な性格,自由主義で夢見がち
超内向,超慎重,挑戦,少孤独,理想,癒し手,控えめで理想に生きる,閉鎖的でリスクを極端に避け、挑戦的な性格,自由主義で理想的
超内向,超慎重,挑戦,少孤独,超理想,癒し手,控えめで理想に生きる,閉鎖的でリスクを極端に避け、挑戦的な性格,自由主義で地に足がついていない
超内向,超慎重,挑戦,少仲間,超現実,策略家,冷静に挑む策士,閉鎖的でリスクを極端に避け、挑戦的な性格,温厚で超現実主義
超内向,超慎重,挑戦,少仲間,現実,策略家,冷静に挑む策士,閉鎖的でリスクを極端に避け、挑戦的な性格,温厚で現実主義
超内向,超慎重,挑戦,少仲間,少現実,策略家,冷静に挑む策士,閉鎖的でリスクを極端に避け、挑戦的な性格,温厚で現実的な側面を考慮する
超内向,超慎重,挑戦,少仲間,少理想,策略家,冷静に挑む策士,閉鎖的でリスクを極端に避け、挑戦的な性格,温厚で夢見がち
超内向,超慎重,挑戦,少仲間,理想,癒し手,控えめで理想に生きる,閉鎖的でリスクを極端に避け、挑戦的な性格,温厚で理想的
超内向,超慎重,挑戦,少仲間,超理想,癒し手,控えめで理想に生きる,閉鎖的でリスクを極端に避け、挑戦的な性格,温厚で地に足がついていない
超内向,超慎重,挑戦,仲間派,超現実,策略家,冷静に挑む策士,閉鎖的でリスクを極端に避け、挑戦的な性格,仲間思いで超現実主義
超内向,超慎重,挑戦,仲間派,現実,策略家,冷静に挑む策士,閉鎖的でリスクを極端に避け、挑戦的な性格,仲間思いで現実主義
超内向,超慎重,挑戦,仲間派,少現実,策略家,冷静に挑む策士,閉鎖的でリスクを極端に避け、挑戦的な性格,仲間思いで現実的な側面を考慮する
超内向,超慎重,挑戦,仲間派,少理想,策略家,冷静に挑む策士,閉鎖的でリスクを極端に避け、挑戦的な性格,仲間思いで夢見がち
超内向,超慎重,挑戦,仲間派,理想,挑戦家,理想を掲げ挑戦を恐れない,閉鎖的でリスクを極端に避け、挑戦的な性格,仲間思いで理想的
超内向,超慎重,挑戦,仲間派,超理想,挑戦家,理想を掲げ挑戦を恐れない,閉鎖的でリスクを極端に避け、挑戦的な性格,仲間思いで地に足がついていない
超内向,超慎重,挑戦,超仲間,超現実,策略家,冷静に挑む策士,閉鎖的でリスクを極端に避け、挑戦的な性格,自己犠牲精神で超現実主義
超内向,超慎重,挑戦,超仲間,現実,策略家,冷静に挑む策士,閉鎖的でリスクを極端に避け、挑戦的な性格,自己犠牲精神で現実主義
超内向,超慎重,挑戦,超仲間,少現実,策略家,冷静に挑む策士,閉鎖的でリスクを極端に避け、挑戦的な性格,自己犠牲精神で現実的な側面を考慮する
超内向,超慎重,挑戦,超仲間,少理想,策略家,冷静に挑む策士,閉鎖的でリスクを極端に避け、挑戦的な性格,自己犠牲精神で夢見がち
超内向,超慎重,挑戦,超仲間,理想,挑戦家,理想を掲げ挑戦を恐れない,閉鎖的でリスクを極端に避け、挑戦的な性格,自己犠牲精神で理想的
超内向,超慎重,挑戦,超仲間,超理想,挑戦家,理想を掲げ挑戦を恐れない,閉鎖的でリスクを極端に避け、挑戦的な性格,自己犠牲精神で地に足がついていない
超内向,超慎重,超挑戦,孤高,超現実,孤高の戦士,誰にも頼らず突き進む,閉鎖的でリスクを極端に避け、果敢な性格,孤高の存在で超現実主義
超内向,超慎重,超挑戦,孤高,現実,孤高の戦士,誰にも頼らず突き進む,閉鎖的でリスクを極端に避け、果敢な性格,孤高の存在で現実主義
超内向,超慎重,超挑戦,孤高,少現実,策略家,冷静に挑む策士,閉鎖的でリスクを極端に避け、果敢な性格,孤高の存在で現実的な側面を考慮する
超内向,超慎重,超挑戦,孤高,少理想,策略家,冷静に挑む策士,閉鎖的でリスクを極端に避け、果敢な性格,孤高の存在で夢見がち
超内向,超慎重,超挑戦,孤高,理想,癒し手,控えめで理想に生きる,閉鎖的でリスクを極端に避け、果敢な性格,孤高の存在で理想的
超内向,超慎重,超挑戦,孤高,超理想,癒し手,控えめで理想に生きる,閉鎖的でリスクを極端に避け、果敢な性格,孤高の存在で地に足がついていない
超内向,超慎重,超挑戦,一匹狼,超現実,孤高の戦士,誰にも頼らず突き進む,閉鎖的でリスクを極端に避け、果敢な性格,一匹狼で超現実主義
超内向,超慎重,超挑戦,一匹狼,現実,孤高の戦士,誰にも頼らず突き進む,閉鎖的でリスクを極端に避け、果敢な性格,一匹狼で現実主義
超内向,超慎重,超挑戦,一匹狼,少現実,策略家,冷静に挑む策士,閉鎖的でリスクを極端に避け、果敢な性格,一匹狼で現実的な側面を考慮する
超内向,超慎重,超挑戦,一匹狼,少理想,策略家,冷静に挑む策士,閉鎖的でリスクを極端に避け、果敢な性格,一匹狼で夢見がち
超内向,超慎重,超挑戦,一匹狼,理想,癒し手,控えめで理想に生きる,閉鎖的でリスクを極端に避け、果敢な性格,一匹狼で理想的
超内向,超慎重,超挑戦,一匹狼,超理想,癒し手,控えめで理想に生きる,閉鎖的でリスクを極端に避け、果敢な性格,一匹狼で地に足がついていない
超内向,超慎重,超挑戦,少孤独,超現実,策略家,冷静に挑む策士,閉鎖的でリスクを極端に避け、果敢な性格,自由主義で超現実主義
超内向,超慎重,超挑戦,少孤独,現実,策略家,冷静に挑む策士,閉鎖的でリスクを極端に避け、果敢な性格,自由主義で現実主義
超内向,超慎重,超挑戦,少孤独,少現実,策略家,冷静に挑む策士,閉鎖的でリスクを極端に避け、果敢な性格,自由主義で現実的な側面を考慮する
超内向,超慎重,超挑戦,少孤独,少理想,策略家,冷静に挑む策士,閉鎖的でリスクを極端に避け、果敢な性格,自由主義で夢見がち
超内向,超慎重,超挑戦,少孤独,理想,癒し手,控えめで理想に生きる,閉鎖的でリスクを極端に避け、果敢な性格,自由主義で理想的
超内向,超慎重,超挑戦,少孤独,超理想,癒し手,控えめで理想に生きる,閉鎖的でリスクを極端に避け、果敢な性格,自由主義で地に足がついていない
超内向,超慎重,超挑戦,少仲間,超現実,策略家,冷静に挑む策士,閉鎖的でリスクを極端に避け、果敢な性格,温厚で超現実主義
超内向,超慎重,超挑戦,少仲間,現実,策略家,冷静に挑む策士,閉鎖的でリスクを極端に避け、果敢な性格,温厚で現実主義
超内向,超慎重,超挑戦,少仲間,少現実,策略家,冷静に挑む策士,閉鎖的でリスクを極端に避け、果敢な性格,温厚で現実的な側面を考慮する
超内向,超慎重,超挑戦,少仲間,少理想,策略家,冷静に挑む策士,閉鎖的でリスクを極端に避け、果敢な性格,温厚で夢見がち
超内向,超慎重,超挑戦,少仲間,理想,癒し手,控えめで理想に生きる,閉鎖的でリスクを極端に避け、果敢な性格,温厚で理想的
超内向,超慎重,超挑戦,少仲間,超理想,癒し手,控えめで理想に生きる,閉鎖的でリスクを極端に避け、果敢な性格,温厚で地に足がついていない
超内向,超慎重,超挑戦,仲間派,超現実,策略家,冷静に挑む策士,閉鎖的でリスクを極端に避け、果敢な性格,仲間思いで超現実主義
超内向,超慎重,超挑戦,仲間派,現実,策略家,冷静に挑む策士,閉鎖的でリスクを極端に避け、果敢な性格,仲間思いで現実主義
超内向,超慎重,超挑戦,仲間派,少現実,策略家,冷静に挑む策士,閉鎖的でリスクを極端に避け、果敢な性格,仲間思いで現実的な側面を考慮する
超内向,超慎重,超挑戦,仲間派,少理想,策略家,冷静に挑む策士,閉鎖的でリスクを極端に避け、果敢な性格,仲間思いで夢見がち
超内向,超慎重,超挑戦,仲間派,理想,挑戦家,理想を掲げ挑戦を恐れない,閉鎖的でリスクを極端に避け、果敢な性格,仲間思いで理想的
超内向,超慎重,超挑戦,仲間派,超理想,挑戦家,理想を掲げ挑戦を恐れない,閉鎖的でリスクを極端に避け、果敢な性格,仲間思いで地に足がついていない
超内向,超慎重,超挑戦,超仲間,超現実,策略家,冷静に挑む策士,閉鎖的でリスクを極端に避け、果敢な性格,自己犠牲精神で超現実主義
超内向,超慎重,超挑戦,超仲間,現実,策略家,冷静に挑む策士,閉鎖的でリスクを極端に避け、果敢な性格,自己犠牲精神で現実主義
超内向,超慎重,超挑戦,超仲間,少現実,策略家,冷静に挑む策士,閉鎖的でリスクを極端に避け、果敢な性格,自己犠牲精神で現実的な側面を考慮する
超内向,超慎重,超挑戦,超仲間,少理想,策略家,冷静に挑む策士,閉鎖的でリスクを極端に避け、果敢な性格,自己犠牲精神で夢見がち
超内向,超慎重,超挑戦,超仲間,理想,挑戦家,理想を掲げ挑戦を恐れない,閉鎖的でリスクを極端に避け、果敢な性格,自己犠牲精神で理想的
超内向,超慎重,超挑戦,超仲間,超理想,挑戦家,理想を掲げ挑戦を恐れない,閉鎖的でリスクを極端に避け、果敢な性格,自己犠牲精神で地に足がついていない
超内向,慎重,超回避,孤高,超現実,影の参謀,裏方で支える冷静慎重派,閉鎖的で慎重的、対立を徹底的に避ける性格,孤高の存在で超現実主義
超内向,慎重,超回避,孤高,現実,影の参謀,裏方で支える冷静慎重派,閉鎖的で慎重的、対立を徹底的に避ける性格,孤高の存在で現実主義
超内向,慎重,超回避,孤高,少現実,調整役,周囲を見てバランスを取る人,閉鎖的で慎重的、対立を徹底的に避ける性格,孤高の存在で現実的な側面を考慮する
超内向,慎重,超回避,孤高,少理想,調整役,周囲を見てバランスを取る人,閉鎖的で慎重的、対立を徹底的に避ける性格,孤高の存在で夢見がち
超内向,慎重,超回避,孤高,理想,癒し手,控えめで理想に生きる,閉鎖的で慎重的、対立を徹底的に避ける性格,孤高の存在で理想的
超内向,慎重,超回避,孤高,超理想,癒し手,控えめで理想に生きる,閉鎖的で慎重的、対立を徹底的に避ける性格,孤高の存在で地に足がついていない
超内向,慎重,超回避,一匹狼,超現実,影の参謀,裏方で支える冷静慎重派,閉鎖的で慎重的、対立を徹底的に避ける性格,一匹狼で超現実主義
超内向,慎重,超回避,一匹狼,現実,影の参謀,裏方で支える冷静慎重派,閉鎖的で慎重的、対立を徹底的に避ける性格,一匹狼で現実主義
超内向,慎重,超回避,一匹狼,少現実,調整役,周囲を見てバランスを取る人,閉鎖的で慎重的、対立を徹底的に避ける性格,一匹狼で現実的な側面を考慮する
超内向,慎重,超回避,一匹狼,少理想,調整役,周囲を見てバランスを取る人,閉鎖的で慎重的、対立を徹底的に避ける性格,一匹狼で夢見がち
超内向,慎重,超回避,一匹狼,理想,癒し手,控えめで理想に生きる,閉鎖的で慎重的、対立を徹底的に避ける性格,一匹狼で理想的
超内向,慎重,超回避,一匹狼,超理想,癒し手,控えめで理想に生きる,閉鎖的で慎重的、対立を徹底的に避ける性格,一匹狼で地に足がついていない
超内向,慎重,超回避,少孤独,超現実,調整役,周囲を見てバランスを取る人,閉鎖的で慎重的、対立を徹底的に避ける性格,自由主義で超現実主義
超内向,慎重,超回避,少孤独,現実,調整役,周囲を見てバランスを取る人,閉鎖的で慎重的、対立を徹底的に避ける性格,自由主義で現実主義
超内向,慎重,超回避,少孤独,少現実,調整役,周囲を見てバランスを取る人,閉鎖的で慎重的、対立を徹底的に避ける性格,自由主義で現実的な側面を考慮する
超内向,慎重,超回避,少孤独,少理想,調整役,周囲を見てバランスを取る人,閉鎖的で慎重的、対立を徹底的に避ける性格,自由主義で夢見がち
超内向,慎重,超回避,少孤独,理想,癒し手,控えめで理想に生きる,閉鎖的で慎重的、対立を徹底的に避ける性格,自由主義で理想的
超内向,慎重,超回避,少孤独,超理想,癒し手,控えめで理想に生きる,閉鎖的で慎重的、対立を徹底的に避ける性格,自由主義で地に足がついていない
超内向,慎重,超回避,少仲間,超現実,調整役,周囲を見てバランスを取る人,閉鎖的で慎重的、対立を徹底的に避ける性格,温厚で超現実主義
超内向,慎重,超回避,少仲間,現実,調整役,周囲を見てバランスを取る人,閉鎖的で慎重的、対立を徹底的に避ける性格,温厚で現実主義
超内向,慎重,超回避,少仲間,少現実,調整役,周囲を見てバランスを取る人,閉鎖的で慎重的、対立を徹底的に避ける性格,温厚で現実的な側面を考慮する
超内向,慎重,超回避,少仲間,少理想,調整役,周囲を見てバランスを取る人,閉鎖的で慎重的、対立を徹底的に避ける性格,温厚で夢見がち
超内向,慎重,超回避,少仲間,理想,癒し手,控えめで理想に生きる,閉鎖的で慎重的、対立を徹底的に避ける性格,温厚で理想的
超内向,慎重,超回避,少仲間,超理想,癒し手,控えめで理想に生きる,閉鎖的で慎重的、対立を徹底的に避ける性格,温厚で地に足がついていない
超内向,慎重,超回避,仲間派,超現実,守護者,仲間を守る頼れる存在,閉鎖的で慎重的、対立を徹底的に避ける性格,仲間思いで超現実主義
超内向,慎重,超回避,仲間派,現実,守護者,仲間を守る頼れる存在,閉鎖的で慎重的、対立を徹底的に避ける性格,仲間思いで現実主義
超内向,慎重,超回避,仲間派,少現実,守護者,仲間を守る頼れる存在,閉鎖的で慎重的、対立を徹底的に避ける性格,仲間思いで現実的な側面を考慮する
超内向,慎重,超回避,仲間派,少理想,守護者,仲間を守る頼れる存在,閉鎖的で慎重的、対立を徹底的に避ける性格,仲間思いで夢見がち
超内向,慎重,超回避,仲間派,理想,癒し手,控えめで理想に生きる,閉鎖的で慎重的、対立を徹底的に避ける性格,仲間思いで理想的
超内向,慎重,超回避,仲間派,超理想,癒し手,控えめで理想に生きる,閉鎖的で慎重的、対立を徹底的に避ける性格,仲間思いで地に足がついていない
超内向,慎重,超回避,超仲間,超現実,守護者,仲間を守る頼れる存在,閉鎖的で慎重的、対立を徹底的に避ける性格,自己犠牲精神で超現実主義
超内向,慎重,超回避,超仲間,現実,守護者,仲間を守る頼れる存在,閉鎖的で慎重的、対立を徹底的に避ける性格,自己犠牲精神で現実主義
超内向,慎重,超回避,超仲間,少現実,守護者,仲間を守る頼れる存在,閉鎖的で慎重的、対立を徹底的に避ける性格,自己犠牲精神で現実的な側面を考慮する
超内向,慎重,超回避,超仲間,少理想,守護者,仲間を守る頼れる存在,閉鎖的で慎重的、対立を徹底的に避ける性格,自己犠牲精神で夢見がち
超内向,慎重,超回避,超仲間,理想,癒し手,控えめで理想に生きる,閉鎖的で慎重的、対立を徹底的に避ける性格,自己犠牲精神で理想的
超内向,慎重,超回避,超仲間,超理想,癒し手,控えめで理想に生きる,閉鎖的で慎重的、対立を徹底的に避ける性格,自己犠牲精神で地に足がついていない
超内向,慎重,回避,孤高,超現実,影の参謀,裏方で支える冷静慎重派,閉鎖的で慎重的、直接的な対応を好まない性格,孤高の存在で超現実主義
超内向,慎重,回避,孤高,現実,影の参謀,裏方で支える冷静慎重派,閉鎖的で慎重的、直接的な対応を好まない性格,孤高の存在で現実主義
超内向,慎重,回避,孤高,少現実,調整役,周囲を見てバランスを取る人,閉鎖的で慎重的、直接的な対応を好まない性格,孤高の存在で現実的な側面を考慮する
超内向,慎重,回避,孤高,少理想,調整役,周囲を見てバランスを取る人,閉鎖的で慎重的、直接的な対応を好まない性格,孤高の存在で夢見がち
超内向,慎重,回避,孤高,理想,癒し手,控えめで理想に生きる,閉鎖的で慎重的、直接的な対応を好まない性格,孤高の存在で理想的
超内向,慎重,回避,孤高,超理想,癒し手,控えめで理想に生きる,閉鎖的で慎重的、直接的な対応を好まない性格,孤高の存在で地に足がついていない
超内向,慎重,回避,一匹狼,超現実,影の参謀,裏方で支える冷静慎重派,閉鎖的で慎重的、直接的な対応を好まない性格,一匹狼で超現実主義
超内向,慎重,回避,一匹狼,現実,影の参謀,裏方で支える冷静慎重派,閉鎖的で慎重的、直接的な対応を好まない性格,一匹狼で現実主義
超内向,慎重,回避,一匹狼,少現実,調整役,周囲を見てバランスを取る人,閉鎖的で慎重的、直接的な対応を好まない性格,一匹狼で現実的な側面を考慮する
超内向,慎重,回避,一匹狼,少理想,調整役,周囲を見てバランスを取る人,閉鎖的で慎重的、直接的な対応を好まない性格,一匹狼で夢見がち
超内向,慎重,回避,一匹狼,理想,癒し手,控えめで理想に生きる,閉鎖的で慎重的、直接的な対応を好まない性格,一匹狼で理想的
超内向,慎重,回避,一匹狼,超理想,癒し手,控えめで理想に生きる,閉鎖的で慎重的、直接的な対応を好まない性格,一匹狼で地に足がついていない
超内向,慎重,回避,少孤独,超現実,調整役,周囲を見てバランスを取る人,閉鎖的で慎重的、直接的な対応を好まない性格,自由主義で超現実主義
超内向,慎重,回避,少孤独,現実,調整役,周囲を見てバランスを取る人,閉鎖的で慎重的、直接的な対応を好まない性格,自由主義で現実主義
超内向,慎重,回避,少孤独,少現実,調整役,周囲を見てバランスを取る人,閉鎖的で慎重的、直接的な対応を好まない性格,自由主義で現実的な側面を考慮する
超内向,慎重,回避,少孤独,少理想,調整役,周囲を見てバランスを取る人,閉鎖的で慎重的、直接的な対応を好まない性格,自由主義で夢見がち
超内向,慎重,回避,少孤独,理想,癒し手,控えめで理想に生きる,閉鎖的で慎重的、直接的な対応を好まない性格,自由主義で理想的
超内向,慎重,回避,少孤独,超理想,癒し手,控えめで理想に生きる,閉鎖的で慎重的、直接的な対応を好まない性格,自由主義で地に足がついていない
超内向,慎重,回避,少仲間,超現実,調整役,周囲を見てバランスを取る人,閉鎖的で慎重的、直接的な対応を好まない性格,温厚で超現実主義
超内向,慎重,回避,少仲間,現実,調整役,周囲を見てバランスを取る人,閉鎖的で慎重的、直接的な対応を好まない性格,温厚で現実主義
超内向,慎重,回避,少仲間,少現実,調整役,周囲を見てバランスを取る人,閉鎖的で慎重的、直接的な対応を好まない性格,温厚で現実的な側面を考慮する
超内向,慎重,回避,少仲間,少理想,調整役,周囲を見てバランスを取る人,閉鎖的で慎重的、直接的な対応を好まない性格,温厚で夢見がち
超内向,慎重,回避,少仲間,理想,癒し手,控えめで理想に生きる,閉鎖的で慎重的、直接的な対応を好まない性格,温厚で理想的
超内向,慎重,回避,少仲間,超理想,癒し手,控えめで理想に生きる,閉鎖的で慎重的、直接的な対応を好まない性格,温厚で地に足がついていない
超内向,慎重,回避,仲間派,超現実,守護者,仲間を守る頼れる存在,閉鎖的で慎重的、直接的な対応を好まない性格,仲間思いで超現実主義
超内向,慎重,回避,仲間派,現実,守護者,仲間を守る頼れる存在,閉鎖的で慎重的、直接的な対応を好まない性格,仲間思いで現実主義
超内向,慎重,回避,仲間派,少現実,守護者,仲間を守る頼れる存在,閉鎖的で慎重的、直接的な対応を好まない性格,仲間思いで現実的な側面を考慮する
超内向,慎重,回避,仲間派,少理想,守護者,仲間を守る頼れる存在,閉鎖的で慎重的、直接的な対応を好まない性格,仲間思いで夢見がち
超内向,慎重,回避,仲間派,理想,癒し手,控えめで理想に生きる,閉鎖的で慎重的、直接的な対応を好まない性格,仲間思いで理想的
超内向,慎重,回避,仲間派,超理想,癒し手,控えめで理想に生きる,閉鎖的で慎重的、直接的な対応を好まない性格,仲間思いで地に足がついていない
超内向,慎重,回避,超仲間,超現実,守護者,仲間を守る頼れる存在,閉鎖的で慎重的、直接的な対応を好まない性格,自己犠牲精神で超現実主義
超内向,慎重,回避,超仲間,現実,守護者,仲間を守る頼れる存在,閉鎖的で慎重的、直接的な対応を好まない性格,自己犠牲精神で現実主義
超内向,慎重,回避,超仲間,少現実,守護者,仲間を守る頼れる存在,閉鎖的で慎重的、直接的な対応を好まない性格,自己犠牲精神で現実的な側面を考慮する
超内向,慎重,回避,超仲間,少理想,守護者,仲間を守る頼れる存在,閉鎖的で慎重的、直接的な対応を好まない性格,自己犠牲精神で夢見がち
超内向,慎重,回避,超仲間,理想,癒し手,控えめで理想に生きる,閉鎖的で慎重的、直接的な対応を好まない性格,自己犠牲精神で理想的
超内向,慎重,回避,超仲間,超理想,癒し手,控えめで理想に生きる,閉鎖的で慎重的、直接的な対応を好まない性格,自己犠牲精神で地に足がついていない
超内向,慎重,少回避,孤高,超現実,調整役,周囲を見てバランスを取る人,閉鎖的で慎重的、争いごとを好まない性格,孤高の存在で超現実主義
超内向,慎重,少回避,孤高,現実,調整役,周囲を見てバランスを取る人,閉鎖的で慎重的、争いごとを好まない性格,孤高の存在で現実主義
超内向,慎重,少回避,孤高,少現実,調整役,周囲を見てバランスを取る人,閉鎖的で慎重的、争いごとを好まない性格,孤高の存在で現実的な側面を考慮する
超内向,慎重,少回避,孤高,少理想,調整役,周囲を見てバランスを取る人,閉鎖的で慎重的、争いごとを好まない性格,孤高の存在で夢見がち
超内向,慎重,少回避,孤高,理想,癒し手,控えめで理想に生きる,閉鎖的で慎重的、争いごとを好まない性格,孤高の存在で理想的
超内向,慎重,少回避,孤高,超理想,癒し手,控えめで理想に生きる,閉鎖的で慎重的、争いごとを好まない性格,孤高の存在で地に足がついていない
超内向,慎重,少回避,一匹狼,超現実,調整役,周囲を見てバランスを取る人,閉鎖的で慎重的、争いごとを好まない性格,一匹狼で超現実主義
超内向,慎重,少回避,一匹狼,現実,調整役,周囲を見てバランスを取る人,閉鎖的で慎重的、争いごとを好まない性格,一匹狼で現実主義
超内向,慎重,少回避,一匹狼,少現実,調整役,周囲を見てバランスを取る人,閉鎖的で慎重的、争いごとを好まない性格,一匹狼で現実的な側面を考慮する
超内向,慎重,少回避,一匹狼,少理想,調整役,周囲を見てバランスを取る人,閉鎖的で慎重的、争いごとを好まない性格,一匹狼で夢見がち
超内向,慎重,少回避,一匹狼,理想,癒し手,控えめで理想に生きる,閉鎖的で慎重的、争いごとを好まない性格,一匹狼で理想的
超内向,慎重,少回避,一匹狼,超理想,癒し手,控えめで理想に生きる,閉鎖的で慎重的、争いごとを好まない性格,一匹狼で地に足がついていない
超内向,慎重,少回避,少孤独,超現実,調整役,周囲を見てバランスを取る人,閉鎖的で慎重的、争いごとを好まない性格,自由主義で超現実主義
超内向,慎重,少回避,少孤独,現実,調整役,周囲を見てバランスを取る人,閉鎖的で慎重的、争いごとを好まない性格,自由主義で現実主義
超内向,慎重,少回避,少孤独,少現実,調整役,周囲を見てバランスを取る人,閉鎖的で慎重的、争いごとを好まない性格,自由主義で現実的な側面を考慮する
超内向,慎重,少回避,少孤独,少理想,調整役,周囲を見てバランスを取る人,閉鎖的で慎重的、争いごとを好まない性格,自由主義で夢見がち
超内向,慎重,少回避,少孤独,理想,癒し手,控えめで理想に生きる,閉鎖的で慎重的、争いごとを好まない性格,自由主義で理想的
超内向,慎重,少回避,少孤独,超理想,癒し手,控えめで理想に生きる,閉鎖的で慎重的、争いごとを好まない性格,自由主義で地に足がついていない
超内向,慎重,少回避,少仲間,超現実,調整役,周囲を見てバランスを取る人,閉鎖的で慎重的、争いごとを好まない性格,温厚で超現実主義
超内向,慎重,少回避,少仲間,現実,調整役,周囲を見てバランスを取る人,閉鎖的で慎重的、争いごとを好まない性格,温厚で現実主義
超内向,慎重,少回避,少仲間,少現実,調整役,周囲を見てバランスを取る人,閉鎖的で慎重的、争いごとを好まない性格,温厚で現実的な側面を考慮する
超内向,慎重,少回避,少仲間,少理想,調整役,周囲を見てバランスを取る人,閉鎖的で慎重的、争いごとを好まない性格,温厚で夢見がち
超内向,慎重,少回避,少仲間,理想,癒し手,控えめで理想に生きる,閉鎖的で慎重的、争いごとを好まない性格,温厚で理想的
超内向,慎重,少回避,少仲間,超理想,癒し手,控えめで理想に生きる,閉鎖的で慎重的、争いごとを好まない性格,温厚で地に足がついていない
超内向,慎重,少回避,仲間派,超現実,守護者,仲間を守る頼れる存在,閉鎖的で慎重的、争いごとを好まない性格,仲間思いで超現実主義
超内向,慎重,少回避,仲間派,現実,守護者,仲間を守る頼れる存在,閉鎖的で慎重的、争いごとを好まない性格,仲間思いで現実主義
超内向,慎重,少回避,仲間派,少現実,守護者,仲間を守る頼れる存在,閉鎖的で慎重的、争いごとを好まない性格,仲間思いで現実的な側面を考慮する
超内向,慎重,少回避,仲間派,少理想,守護者,仲間を守る頼れる存在,閉鎖的で慎重的、争いごとを好まない性格,仲間思いで夢見がち
超内向,慎重,少回避,仲間派,理想,癒し手,控えめで理想に生きる,閉鎖的で慎重的、争いごとを好まない性格,仲間思いで理想的
超内向,慎重,少回避,仲間派,超理想,癒し手,控えめで理想に生きる,閉鎖的で慎重的、争いごとを好まない性格,仲間思いで地に足がついていない
超内向,慎重,少回避,超仲間,超現実,守護者,仲間を守る頼れる存在,閉鎖的で慎重的、争いごとを好まない性格,自己犠牲精神で超現実主義
超内向,慎重,少回避,超仲間,現実,守護者,仲間を守る頼れる存在,閉鎖的で慎重的、争いごとを好まない性格,自己犠牲精神で現実主義
超内向,慎重,少回避,超仲間,少現実,守護者,仲間を守る頼れる存在,閉鎖的で慎重的、争いごとを好まない性格,自己犠牲精神で現実的な側面を考慮する
超内向,慎重,少回避,超仲間,少理想,守護者,仲間を守る頼れる存在,閉鎖的で慎重的、争いごとを好まない性格,自己犠牲精神で夢見がち
超内向,慎重,少回避,超仲間,理想,癒し手,控えめで理想に生きる,閉鎖的で慎重的、争いごとを好まない性格,自己犠牲精神で理想的
超内向,慎重,少回避,超仲間,超理想,癒し手,控えめで理想に生きる,閉鎖的で慎重的、争いごとを好まない性格,自己犠牲精神で地に足がついていない
超内向,慎重,少挑戦,孤高,超現実,調整役,周囲を見てバランスを取る人,閉鎖的で慎重的、探求心がある性格,孤高の存在で超現実主義
超内向,慎重,少挑戦,孤高,現実,調整役,周囲を見てバランスを取る人,閉鎖的で慎重的、探求心がある性格,孤高の存在で現実主義
超内向,慎重,少挑戦,孤高,少現実,調整役,周囲を見てバランスを取る人,閉鎖的で慎重的、探求心がある性格,孤高の存在で現実的な側面を考慮する
超内向,慎重,少挑戦,孤高,少理想,調整役,周囲を見てバランスを取る人,閉鎖的で慎重的、探求心がある性格,孤高の存在で夢見がち
超内向,慎重,少挑戦,孤高,理想,癒し手,控えめで理想に生きる,閉鎖的で慎重的、探求心がある性格,孤高の存在で理想的
超内向,慎重,少挑戦,孤高,超理想,癒し手,控えめで理想に生きる,閉鎖的で慎重的、探求心がある性格,孤高の存在で地に足がついていない
超内向,慎重,少挑戦,一匹狼,超現実,調整役,周囲を見てバランスを取る人,閉鎖的で慎重的、探求心がある性格,一匹狼で超現実主義
超内向,慎重,少挑戦,一匹狼,現実,調整役,周囲を見てバランスを取る人,閉鎖的で慎重的、探求心がある性格,一匹狼で現実主義
超内向,慎重,少挑戦,一匹狼,少現実,調整役,周囲を見てバランスを取る人,閉鎖的で慎重的、探求心がある性格,一匹狼で現実的な側面を考慮する
超内向,慎重,少挑戦,一匹狼,少理想,調整役,周囲を見てバランスを取る人,閉鎖的で慎重的、探求心がある性格,一匹狼で夢見がち
超内向,慎重,少挑戦,一匹狼,理想,癒し手,控えめで理想に生きる,閉鎖的で慎重的、探求心がある性格,一匹狼で理想的
超内向,慎重,少挑戦,一匹狼,超理想,癒し手,控えめで理想に生きる,閉鎖的で慎重的、探求心がある性格,一匹狼で地に足がついていない
超内向,慎重,少挑戦,少孤独,超現実,調整役,周囲を見てバランスを取る人,閉鎖的で慎重的、探求心がある性格,自由主義で超現実主義
超内向,慎重,少挑戦,少孤独,現実,調整役,周囲を見てバランスを取る人,閉鎖的で慎重的、探求心がある性格,自由主義で現実主義
超内向,慎重,少挑戦,少孤独,少現実,調整役,周囲を見てバランスを取る人,閉鎖的で慎重的、探求心がある性格,自由主義で現実的な側面を考慮する
超内向,慎重,少挑戦,少孤独,少理想,調整役,周囲を見てバランスを取る人,閉鎖的で慎重的、探求心がある性格,自由主義で夢見がち
超内向,慎重,少挑戦,少孤独,理想,癒し手,控えめで理想に生きる,閉鎖的で慎重的、探求心がある性格,自由主義で理想的
超内向,慎重,少挑戦,少孤独,超理想,癒し手,控えめで理想に生きる,閉鎖的で慎重的、探求心がある性格,自由主義で地に足がついていない
超内向,慎重,少挑戦,少仲間,超現実,調整役,周囲を見てバランスを取る人,閉鎖的で慎重的、探求心がある性格,温厚で超現実主義
超内向,慎重,少挑戦,少仲間,現実,調整役,周囲を見てバランスを取る人,閉鎖的で慎重的、探求心がある性格,温厚で現実主義
超内向,慎重,少挑戦,少仲間,少現実,調整役,周囲を見てバランスを取る人,閉鎖的で慎重的、探求心がある性格,温厚で現実的な側面を考慮する
超内向,慎重,少挑戦,少仲間,少理想,調整役,周囲を見てバランスを取る人,閉鎖的で慎重的、探求心がある性格,温厚で夢見がち
超内向,慎重,少挑戦,少仲間,理想,癒し手,控えめで理想に生きる,閉鎖的で慎重的、探求心がある性格,温厚で理想的
超内向,慎重,少挑戦,少仲間,超理想,癒し手,控えめで理想に生きる,閉鎖的で慎重的、探求心がある性格,温厚で地に足がついていない
超内向,慎重,少挑戦,仲間派,超現実,調整役,周囲を見てバランスを取る人,閉鎖的で慎重的、探求心がある性格,仲間思いで超現実主義
超内向,慎重,少挑戦,仲間派,現実,調整役,周囲を見てバランスを取る人,閉鎖的で慎重的、探求心がある性格,仲間思いで現実主義
超内向,慎重,少挑戦,仲間派,少現実,調整役,周囲を見てバランスを取る人,閉鎖的で慎重的、探求心がある性格,仲間思いで現実的な側面を考慮する
超内向,慎重,少挑戦,仲間派,少理想,調整役,周囲を見てバランスを取る人,閉鎖的で慎重的、探求心がある性格,仲間思いで夢見がち
超内向,慎重,少挑戦,仲間派,理想,癒し手,控えめで理想に生きる,閉鎖的で慎重的、探求心がある性格,仲間思いで理想的
超内向,慎重,少挑戦,仲間派,超理想,癒し手,控えめで理想に生きる,閉鎖的で慎重的、探求心がある性格,仲間思いで地に足がついていない
超内向,慎重,少挑戦,超仲間,超現実,調整役,周囲を見てバランスを取る人,閉鎖的で慎重的、探求心がある性格,自己犠牲精神で超現実主義
超内向,慎重,少挑戦,超仲間,現実,調整役,周囲を見てバランスを取る人,閉鎖的で慎重的、探求心がある性格,自己犠牲精神で現実主義
超内向,慎重,少挑戦,超仲間,少現実,調整役,周囲を見てバランスを取る人,閉鎖的で慎重的、探求心がある性格,自己犠牲精神で現実的な側面を考慮する
超内向,慎重,少挑戦,超仲間,少理想,調整役,周囲を見てバランスを取る人,閉鎖的で慎重的、探求心がある性格,自己犠牲精神で夢見がち
超内向,慎重,少挑戦,超仲間,理想,癒し手,控えめで理想に生きる,閉鎖的で慎重的、探求心がある性格,自己犠牲精神で理想的
超内向,慎重,少挑戦,超仲間,超理想,癒し手,控えめで理想に生きる,閉鎖的で慎重的、探求心がある性格,自己犠牲精神で地に足がついていない
超内向,慎重,挑戦,孤高,超現実,孤高の戦士,誰にも頼らず突き進む,閉鎖的で慎重的、挑戦的な性格,孤高の存在で超現実主義
超内向,慎重,挑戦,孤高,現実,孤高の戦士,誰にも頼らず突き進む,閉鎖的で慎重的、挑戦的な性格,孤高の存在で現実主義
超内向,慎重,挑戦,孤高,少現実,策略家,冷静に挑む策士,閉鎖的で慎重的、挑戦的な性格,孤高の存在で現実的な側面を考慮する
超内向,慎重,挑戦,孤高,少理想,策略家,冷静に挑む策士,閉鎖的で慎重的、挑戦的な性格,孤高の存在で夢見がち
超内向,慎重,挑戦,孤高,理想,癒し手,控えめで理想に生きる,閉鎖的で慎重的、挑戦的な性格,孤高の存在で理想的
超内向,慎重,挑戦,孤高,超理想,癒し手,控えめで理想に生きる,閉鎖的で慎重的、挑戦的な性格,孤高の存在で地に足がついていない
超内向,慎重,挑戦,一匹狼,超現実,孤高の戦士,誰にも頼らず突き進む,閉鎖的で慎重的、挑戦的な性格,一匹狼で超現実主義
超内向,慎重,挑戦,一匹狼,現実,孤高の戦士,誰にも頼らず突き進む,閉鎖的で慎重的、挑戦的な性格,一匹狼で現実主義
超内向,慎重,挑戦,一匹狼,少現実,策略家,冷静に挑む策士,閉鎖的で慎重的、挑戦的な性格,一匹狼で現実的な側面を考慮する
超内向,慎重,挑戦,一匹狼,少理想,策略家,冷静に挑む策士,閉鎖的で慎重的、挑戦的な性格,一匹狼で夢見がち
超内向,慎重,挑戦,一匹狼,理想,癒し手,控えめで理想に生きる,閉鎖的で慎重的、挑戦的な性格,一匹狼で理想的
超内向,慎重,挑戦,一匹狼,超理想,癒し手,控えめで理想に生きる,閉鎖的で慎重的、挑戦的な性格,一匹狼で地に足がついていない
超内向,慎重,挑戦,少孤独,超現実,策略家,冷静に挑む策士,閉鎖的で慎重的、挑戦的な性格,自由主義で超現実主義
超内向,慎重,挑戦,少孤独,現実,策略家,冷静に挑む策士,閉鎖的で慎重的、挑戦的な性格,自由主義で現実主義
超内向,慎重,挑戦,少孤独,少現実,策略家,冷静に挑む策士,閉鎖的で慎重的、挑戦的な性格,自由主義で現実的な側面を考慮する
超内向,慎重,挑戦,少孤独,少理想,策略家,冷静に挑む策士,閉鎖的で慎重的、挑戦的な性格,自由主義で夢見がち
超内向,慎重,挑戦,少孤独,理想,癒し手,控えめで理想に生きる,閉鎖的で慎重的、挑戦的な性格,自由主義で理想的
超内向,慎重,挑戦,少孤独,超理想,癒し手,控えめで理想に生きる,閉鎖的で慎重的、挑戦的な性格,自由主義で地に足がついていない
超内向,慎重,挑戦,少仲間,超現実,策略家,冷静に挑む策士,閉鎖的で慎重的、挑戦的な性格,温厚で超現実主義
超内向,慎重,挑戦,少仲間,現実,策略家,冷静に挑む策士,閉鎖的で慎重的、挑戦的な性格,温厚で現実主義
超内向,慎重,挑戦,少仲間,少現実,策略家,冷静に挑む策士,閉鎖的で慎重的、挑戦的な性格,温厚で現実的な側面を考慮する
超内向,慎重,挑戦,少仲間,少理想,策略家,冷静に挑む策士,閉鎖的で慎重的、挑戦的な性格,温厚で夢見がち
超内向,慎重,挑戦,少仲間,理想,癒し手,控えめで理想に生きる,閉鎖的で慎重的、挑戦的な性格,温厚で理想的
超内向,慎重,挑戦,少仲間,超理想,癒し手,控えめで理想に生きる,閉鎖的で慎重的、挑戦的な性格,温厚で地に足がついていない
超内向,慎重,挑戦,仲間派,超現実,策略家,冷静に挑む策士,閉鎖的で慎重的、挑戦的な性格,仲間思いで超現実主義
超内向,慎重,挑戦,仲間派,現実,策略家,冷静に挑む策士,閉鎖的で慎重的、挑戦的な性格,仲間思いで現実主義
超内向,慎重,挑戦,仲間派,少現実,策略家,冷静に挑む策士,閉鎖的で慎重的、挑戦的な性格,仲間思いで現実的な側面を考慮する
超内向,慎重,挑戦,仲間派,少理想,策略家,冷静に挑む策士,閉鎖的で慎重的、挑戦的な性格,仲間思いで夢見がち
超内向,慎重,挑戦,仲間派,理想,挑戦家,理想を掲げ挑戦を恐れない,閉鎖的で慎重的、挑戦的な性格,仲間思いで理想的
超内向,慎重,挑戦,仲間派,超理想,挑戦家,理想を掲げ挑戦を恐れない,閉鎖的で慎重的、挑戦的な性格,仲間思いで地に足がついていない
超内向,慎重,挑戦,超仲間,超現実,策略家,冷静に挑む策士,閉鎖的で慎重的、挑戦的な性格,自己犠牲精神で超現実主義
超内向,慎重,挑戦,超仲間,現実,策略家,冷静に挑む策士,閉鎖的で慎重的、挑戦的な性格,自己犠牲精神で現実主義
超内向,慎重,挑戦,超仲間,少現実,策略家,冷静に挑む策士,閉鎖的で慎重的、挑戦的な性格,自己犠牲精神で現実的な側面を考慮する
超内向,慎重,挑戦,超仲間,少理想,策略家,冷静に挑む策士,閉鎖的で慎重的、挑戦的な性格,自己犠牲精神で夢見がち
超内向,慎重,挑戦,超仲間,理想,挑戦家,理想を掲げ挑戦を恐れない,閉鎖的で慎重的、挑戦的な性格,自己犠牲精神で理想的
超内向,慎重,挑戦,超仲間,超理想,挑戦家,理想を掲げ挑戦を恐れない,閉鎖的で慎重的、挑戦的な性格,自己犠牲精神で地に足がついていない
超内向,慎重,超挑戦,孤高,超現実,孤高の戦士,誰にも頼らず突き進む,閉鎖的で慎重的、果敢な性格,孤高の存在で超現実主義
超内向,慎重,超挑戦,孤高,現実,孤高の戦士,誰にも頼らず突き進む,閉鎖的で慎重的、果敢な性格,孤高の存在で現実主義
超内向,慎重,超挑戦,孤高,少現実,策略家,冷静に挑む策士,閉鎖的で慎重的、果敢な性格,孤高の存在で現実的な側面を考慮する
超内向,慎重,超挑戦,孤高,少理想,策略家,冷静に挑む策士,閉鎖的で慎重的、果敢な性格,孤高の存在で夢見がち
超内向,慎重,超挑戦,孤高,理想,癒し手,控えめで理想に生きる,閉鎖的で慎重的、果敢な性格,孤高の存在で理想的
超内向,慎重,超挑戦,孤高,超理想,癒し手,控えめで理想に生きる,閉鎖的で慎重的、果敢な性格,孤高の存在で地に足がついていない
超内向,慎重,超挑戦,一匹狼,超現実,孤高の戦士,誰にも頼らず突き進む,閉鎖的で慎重的、果敢な性格,一匹狼で超現実主義
超内向,慎重,超挑戦,一匹狼,現実,孤高の戦士,誰にも頼らず突き進む,閉鎖的で慎重的、果敢な性格,一匹狼で現実主義
超内向,慎重,超挑戦,一匹狼,少現実,策略家,冷静に挑む策士,閉鎖的で慎重的、果敢な性格,一匹狼で現実的な側面を考慮する
超内向,慎重,超挑戦,一匹狼,少理想,策略家,冷静に挑む策士,閉鎖的で慎重的、果敢な性格,一匹狼で夢見がち
超内向,慎重,超挑戦,一匹狼,理想,癒し手,控えめで理想に生きる,閉鎖的で慎重的、果敢な性格,一匹狼で理想的
超内向,慎重,超挑戦,一匹狼,超理想,癒し手,控えめで理想に生きる,閉鎖的で慎重的、果敢な性格,一匹狼で地に足がついていない
超内向,慎重,超挑戦,少孤独,超現実,策略家,冷静に挑む策士,閉鎖的で慎重的、果敢な性格,自由主義で超現実主義
超内向,慎重,超挑戦,少孤独,現実,策略家,冷静に挑む策士,閉鎖的で慎重的、果敢な性格,自由主義で現実主義
超内向,慎重,超挑戦,少孤独,少現実,策略家,冷静に挑む策士,閉鎖的で慎重的、果敢な性格,自由主義で現実的な側面を考慮する
超内向,慎重,超挑戦,少孤独,少理想,策略家,冷静に挑む策士,閉鎖的で慎重的、果敢な性格,自由主義で夢見がち
超内向,慎重,超挑戦,少孤独,理想,癒し手,控えめで理想に生きる,閉鎖的で慎重的、果敢な性格,自由主義で理想的
超内向,慎重,超挑戦,少孤独,超理想,癒し手,控えめで理想に生きる,閉鎖的で慎重的、果敢な性格,自由主義で地に足がついていない
超内向,慎重,超挑戦,少仲間,超現実,策略家,冷静に挑む策士,閉鎖的で慎重的、果敢な性格,温厚で超現実主義
超内向,慎重,超挑戦,少仲間,現実,策略家,冷静に挑む策士,閉鎖的で慎重的、果敢な性格,温厚で現実主義
超内向,慎重,超挑戦,少仲間,少現実,策略家,冷静に挑む策士,閉鎖的で慎重的、果敢な性格,温厚で現実的な側面を考慮する
超内向,慎重,超挑戦,少仲間,少理想,策略家,冷静に挑む策士,閉鎖的で慎重的、果敢な性格,温厚で夢見がち
超内向,慎重,超挑戦,少仲間,理想,癒し手,控えめで理想に生きる,閉鎖的で慎重的、果敢な性格,温厚で理想的
超内向,慎重,超挑戦,少仲間,超理想,癒し手,控えめで理想に生きる,閉鎖的で慎重的、果敢な性格,温厚で地に足がついていない
超内向,慎重,超挑戦,仲間派,超現実,策略家,冷静に挑む策士,閉鎖的で慎重的、果敢な性格,仲間思いで超現実主義
超内向,慎重,超挑戦,仲間派,現実,策略家,冷静に挑む策士,閉鎖的で慎重的、果敢な性格,仲間思いで現実主義
超内向,慎重,超挑戦,仲間派,少現実,策略家,冷静に挑む策士,閉鎖的で慎重的、果敢な性格,仲間思いで現実的な側面を考慮する
超内向,慎重,超挑戦,仲間派,少理想,策略家,冷静に挑む策士,閉鎖的で慎重的、果敢な性格,仲間思いで夢見がち
超内向,慎重,超挑戦,仲間派,理想,挑戦家,理想を掲げ挑戦を恐れない,閉鎖的で慎重的、果敢な性格,仲間思いで理想的
超内向,慎重,超挑戦,仲間派,超理想,挑戦家,理想を掲げ挑戦を恐れない,閉鎖的で慎重的、果敢な性格,仲間思いで地に足がついていない
超内向,慎重,超挑戦,超仲間,超現実,策略家,冷静に挑む策士,閉鎖的で慎重的、果敢な性格,自己犠牲精神で超現実主義
超内向,慎重,超挑戦,超仲間,現実,策略家,冷静に挑む策士,閉鎖的で慎重的、果敢な性格,自己犠牲精神で現実主義
超内向,慎重,超挑戦,超仲間,少現実,策略家,冷静に挑む策士,閉鎖的で慎重的、果敢な性格,自己犠牲精神で現実的な側面を考慮する
超内向,慎重,超挑戦,超仲間,少理想,策略家,冷静に挑む策士,閉鎖的で慎重的、果敢な性格,自己犠牲精神で夢見がち
超内向,慎重,超挑戦,超仲間,理想,挑戦家,理想を掲げ挑戦を恐れない,閉鎖的で慎重的、果敢な性格,自己犠牲精神で理想的
超内向,慎重,超挑戦,超仲間,超理想,挑戦家,理想を掲げ挑戦を恐れない,閉鎖的で慎重的、果敢な性格,自己犠牲精神で地に足がついていない
超内向,少慎重,超回避,孤高,超現実,調整役,周囲を見てバランスを取る人,閉鎖的で少し用心深く、対立を徹底的に避ける性格,孤高の存在で超現実主義
超内向,少慎重,超回避,孤高,現実,調整役,周囲を見てバランスを取る人,閉鎖的で少し用心深く、対立を徹底的に避ける性格,孤高の存在で現実主義
超内向,少慎重,超回避,孤高,少現実,調整役,周囲を見てバランスを取る人,閉鎖的で少し用心深く、対立を徹底的に避ける性格,孤高の存在で現実的な側面を考慮する
超内向,少慎重,超回避,孤高,少理想,調整役,周囲を見てバランスを取る人,閉鎖的で少し用心深く、対立を徹底的に避ける性格,孤高の存在で夢見がち
超内向,少慎重,超回避,孤高,理想,癒し手,控えめで理想に生きる,閉鎖的で少し用心深く、対立を徹底的に避ける性格,孤高の存在で理想的
超内向,少慎重,超回避,孤高,超理想,癒し手,控えめで理想に生きる,閉鎖的で少し用心深く、対立を徹底的に避ける性格,孤高の存在で地に足がついていない
超内向,少慎重,超回避,一匹狼,超現実,調整役,周囲を見てバランスを取る人,閉鎖的で少し用心深く、対立を徹底的に避ける性格,一匹狼で超現実主義
超内向,少慎重,超回避,一匹狼,現実,調整役,周囲を見てバランスを取る人,閉鎖的で少し用心深く、対立を徹底的に避ける性格,一匹狼で現実主義
超内向,少慎重,超回避,一匹狼,少現実,調整役,周囲を見てバランスを取る人,閉鎖的で少し用心深く、対立を徹底的に避ける性格,一匹狼で現実的な側面を考慮する
超内向,少慎重,超回避,一匹狼,少理想,調整役,周囲を見てバランスを取る人,閉鎖的で少し用心深く、対立を徹底的に避ける性格,一匹狼で夢見がち
超内向,少慎重,超回避,一匹狼,理想,癒し手,控えめで理想に生きる,閉鎖的で少し用心深く、対立を徹底的に避ける性格,一匹狼で理想的
超内向,少慎重,超回避,一匹狼,超理想,癒し手,控えめで理想に生きる,閉鎖的で少し用心深く、対立を徹底的に避ける性格,一匹狼で地に足がついていない
超内向,少慎重,超回避,少孤独,超現実,調整役,周囲を見てバランスを取る人,閉鎖的で少し用心深く、対立を徹底的に避ける性格,自由主義で超現実主義
超内向,少慎重,超回避,少孤独,現実,調整役,周囲を見てバランスを取る人,閉鎖的で少し用心深く、対立を徹底的に避ける性格,自由主義で現実主義
超内向,少慎重,超回避,少孤独,少現実,調整役,周囲を見てバランスを取る人,閉鎖的で少し用心深く、対立を徹底的に避ける性格,自由主義で現実的な側面を考慮する
超内向,少慎重,超回避,少孤独,少理想,調整役,周囲を見てバランスを取る人,閉鎖的で少し用心深く、対立を徹底的に避ける性格,自由主義で夢見がち
超内向,少慎重,超回避,少孤独,理想,癒し手,控えめで理想に生きる,閉鎖的で少し用心深く、対立を徹底的に避ける性格,自由主義で理想的
超内向,少慎重,超回避,少孤独,超理想,癒し手,控えめで理想に生きる,閉鎖的で少し用心深く、対立を徹底的に避ける性格,自由主義で地に足がついていない
超内向,少慎重,超回避,少仲間,超現実,調整役,周囲を見てバランスを取る人,閉鎖的で少し用心深く、対立を徹底的に避ける性格,温厚で超現実主義
超内向,少慎重,超回避,少仲間,現実,調整役,周囲を見てバランスを取る人,閉鎖的で少し用心深く、対立を徹底的に避ける性格,温厚で現実主義
超内向,少慎重,超回避,少仲間,少現実,調整役,周囲を見てバランスを取る人,閉鎖的で少し用心深く、対立を徹底的に避ける性格,温厚で現実的な側面を考慮する
超内向,少慎重,超回避,少仲間,少理想,調整役,周囲を見てバランスを取る人,閉鎖的で少し用心深く、対立を徹底的に避ける性格,温厚で夢見がち
超内向,少慎重,超回避,少仲間,理想,癒し手,控えめで理想に生きる,閉鎖的で少し用心深く、対立を徹底的に避ける性格,温厚で理想的
超内向,少慎重,超回避,少仲間,超理想,癒し手,控えめで理想に生きる,閉鎖的で少し用心深く、対立を徹底的に避ける性格,温厚で地に足がついていない
超内向,少慎重,超回避,仲間派,超現実,守護者,仲間を守る頼れる存在,閉鎖的で少し用心深く、対立を徹底的に避ける性格,仲間思いで超現実主義
超内向,少慎重,超回避,仲間派,現実,守護者,仲間を守る頼れる存在,閉鎖的で少し用心深く、対立を徹底的に避ける性格,仲間思いで現実主義
超内向,少慎重,超回避,仲間派,少現実,守護者,仲間を守る頼れる存在,閉鎖的で少し用心深く、対立を徹底的に避ける性格,仲間思いで現実的な側面を考慮する
超内向,少慎重,超回避,仲間派,少理想,守護者,仲間を守る頼れる存在,閉鎖的で少し用心深く、対立を徹底的に避ける性格,仲間思いで夢見がち
超内向,少慎重,超回避,仲間派,理想,癒し手,控えめで理想に生きる,閉鎖的で少し用心深く、対立を徹底的に避ける性格,仲間思いで理想的
超内向,少慎重,超回避,仲間派,超理想,癒し手,控えめで理想に生きる,閉鎖的で少し用心深く、対立を徹底的に避ける性格,仲間思いで地に足がついていない
超内向,少慎重,超回避,超仲間,超現実,守護者,仲間を守る頼れる存在,閉鎖的で少し用心深く、対立を徹底的に避ける性格,自己犠牲精神で超現実主義
超内向,少慎重,超回避,超仲間,現実,守護者,仲間を守る頼れる存在,閉鎖的で少し用心深く、対立を徹底的に避ける性格,自己犠牲精神で現実主義
超内向,少慎重,超回避,超仲間,少現実,守護者,仲間を守る頼れる存在,閉鎖的で少し用心深く、対立を徹底的に避ける性格,自己犠牲精神で現実的な側面を考慮する
超内向,少慎重,超回避,超仲間,少理想,守護者,仲間を守る頼れる存在,閉鎖的で少し用心深く、対立を徹底的に避ける性格,自己犠牲精神で夢見がち
超内向,少慎重,超回避,超仲間,理想,癒し手,控えめで理想に生きる,閉鎖的で少し用心深く、対立を徹底的に避ける性格,自己犠牲精神で理想的
超内向,少慎重,超回避,超仲間,超理想,癒し手,控えめで理想に生きる,閉鎖的で少し用心深く、対立を徹底的に避ける性格,自己犠牲精神で地に足がついていない
超内向,少慎重,回避,孤高,超現実,調整役,周囲を見てバランスを取る人,閉鎖的で少し用心深く、直接的な対応を好まない性格,孤高の存在で超現実主義
超内向,少慎重,回避,孤高,現実,調整役,周囲を見てバランスを取る人,閉鎖的で少し用心深く、直接的な対応を好まない性格,孤高の存在で現実主義
超内向,少慎重,回避,孤高,少現実,調整役,周囲を見てバランスを取る人,閉鎖的で少し用心深く、直接的な対応を好まない性格,孤高の存在で現実的な側面を考慮する
超内向,少慎重,回避,孤高,少理想,調整役,周囲を見てバランスを取る人,閉鎖的で少し用心深く、直接的な対応を好まない性格,孤高の存在で夢見がち
超内向,少慎重,回避,孤高,理想,癒し手,控えめで理想に生きる,閉鎖的で少し用心深く、直接的な対応を好まない性格,孤高の存在で理想的
超内向,少慎重,回避,孤高,超理想,癒し手,控えめで理想に生きる,閉鎖的で少し用心深く、直接的な対応を好まない性格,孤高の存在で地に足がついていない
超内向,少慎重,回避,一匹狼,超現実,調整役,周囲を見てバランスを取る人,閉鎖的で少し用心深く、直接的な対応を好まない性格,一匹狼で超現実主義
超内向,少慎重,回避,一匹狼,現実,調整役,周囲を見てバランスを取る人,閉鎖的で少し用心深く、直接的な対応を好まない性格,一匹狼で現実主義
超内向,少慎重,回避,一匹狼,少現実,調整役,周囲を見てバランスを取る人,閉鎖的で少し用心深く、直接的な対応を好まない性格,一匹狼で現実的な側面を考慮する
超内向,少慎重,回避,一匹狼,少理想,調整役,周囲を見てバランスを取る人,閉鎖的で少し用心深く、直接的な対応を好まない性格,一匹狼で夢見がち
超内向,少慎重,回避,一匹狼,理想,癒し手,控えめで理想に生きる,閉鎖的で少し用心深く、直接的な対応を好まない性格,一匹狼で理想的
超内向,少慎重,回避,一匹狼,超理想,癒し手,控えめで理想に生きる,閉鎖的で少し用心深く、直接的な対応を好まない性格,一匹狼で地に足がついていない
超内向,少慎重,回避,少孤独,超現実,調整役,周囲を見てバランスを取る人,閉鎖的で少し用心深く、直接的な対応を好まない性格,自由主義で超現実主義
超内向,少慎重,回避,少孤独,現実,調整役,周囲を見てバランスを取る人,閉鎖的で少し用心深く、直接的な対応を好まない性格,自由主義で現実主義
超内向,少慎重,回避,少孤独,少現実,調整役,周囲を見てバランスを取る人,閉鎖的で少し用心深く、直接的な対応を好まない性格,自由主義で現実的な側面を考慮する
超内向,少慎重,回避,少孤独,少理想,調整役,周囲を見てバランスを取る人,閉鎖的で少し用心深く、直接的な対応を好まない性格,自由主義で夢見がち
超内向,少慎重,回避,少孤独,理想,癒し手,控えめで理想に生きる,閉鎖的で少し用心深く、直接的な対応を好まない性格,自由主義で理想的
超内向,少慎重,回避,少孤独,超理想,癒し手,控えめで理想に生きる,閉鎖的で少し用心深く、直接的な対応を好まない性格,自由主義で地に足がついていない
超内向,少慎重,回避,少仲間,超現実,調整役,周囲を見てバランスを取る人,閉鎖的で少し用心深く、直接的な対応を好まない性格,温厚で超現実主義
超内向,少慎重,回避,少仲間,現実,調整役,周囲を見てバランスを取る人,閉鎖的で少し用心深く、直接的な対応を好まない性格,温厚で現実主義
超内向,少慎重,回避,少仲間,少現実,調整役,周囲を見てバランスを取る人,閉鎖的で少し用心深く、直接的な対応を好まない性格,温厚で現実的な側面を考慮する
超内向,少慎重,回避,少仲間,少理想,調整役,周囲を見てバランスを取る人,閉鎖的で少し用心深く、直接的な対応を好まない性格,温厚で夢見がち
超内向,少慎重,回避,少仲間,理想,癒し手,控えめで理想に生きる,閉鎖的で少し用心深く、直接的な対応を好まない性格,温厚で理想的
超内向,少慎重,回避,少仲間,超理想,癒し手,控えめで理想に生きる,閉鎖的で少し用心深く、直接的な対応を好まない性格,温厚で地に足がついていない
超内向,少慎重,回避,仲間派,超現実,守護者,仲間を守る頼れる存在,閉鎖的で少し用心深く、直接的な対応を好まない性格,仲間思いで超現実主義
超内向,少慎重,回避,仲間派,現実,守護者,仲間を守る頼れる存在,閉鎖的で少し用心深く、直接的な対応を好まない性格,仲間思いで現実主義
超内向,少慎重,回避,仲間派,少現実,守護者,仲間を守る頼れる存在,閉鎖的で少し用心深く、直接的な対応を好まない性格,仲間思いで現実的な側面を考慮する
超内向,少慎重,回避,仲間派,少理想,守護者,仲間を守る頼れる存在,閉鎖的で少し用心深く、直接的な対応を好まない性格,仲間思いで夢見がち
超内向,少慎重,回避,仲間派,理想,癒し手,控えめで理想に生きる,閉鎖的で少し用心深く、直接的な対応を好まない性格,仲間思いで理想的
超内向,少慎重,回避,仲間派,超理想,癒し手,控えめで理想に生きる,閉鎖的で少し用心深く、直接的な対応を好まない性格,仲間思いで地に足がついていない
超内向,少慎重,回避,超仲間,超現実,守護者,仲間を守る頼れる存在,閉鎖的で少し用心深く、直接的な対応を好まない性格,自己犠牲精神で超現実主義
超内向,少慎重,回避,超仲間,現実,守護者,仲間を守る頼れる存在,閉鎖的で少し用心深く、直接的な対応を好まない性格,自己犠牲精神で現実主義
超内向,少慎重,回避,超仲間,少現実,守護者,仲間を守る頼れる存在,閉鎖的で少し用心深く、直接的な対応を好まない性格,自己犠牲精神で現実的な側面を考慮する
超内向,少慎重,回避,超仲間,少理想,守護者,仲間を守る頼れる存在,閉鎖的で少し用心深く、直接的な対応を好まない性格,自己犠牲精神で夢見がち
超内向,少慎重,回避,超仲間,理想,癒し手,控えめで理想に生きる,閉鎖的で少し用心深く、直接的な対応を好まない性格,自己犠牲精神で理想的
超内向,少慎重,回避,超仲間,超理想,癒し手,控えめで理想に生きる,閉鎖的で少し用心深く、直接的な対応を好まない性格,自己犠牲精神で地に足がついていない
超内向,少慎重,少回避,孤高,超現実,調整役,周囲を見てバランスを取る人,閉鎖的で少し用心深く、争いごとを好まない性格,孤高の存在で超現実主義
超内向,少慎重,少回避,孤高,現実,調整役,周囲を見てバランスを取る人,閉鎖的で少し用心深く、争いごとを好まない性格,孤高の存在で現実主義
超内向,少慎重,少回避,孤高,少現実,調整役,周囲を見てバランスを取る人,閉鎖的で少し用心深く、争いごとを好まない性格,孤高の存在で現実的な側面を考慮する
超内向,少慎重,少回避,孤高,少理想,調整役,周囲を見てバランスを取る人,閉鎖的で少し用心深く、争いごとを好まない性格,孤高の存在で夢見がち
超内向,少慎重,少回避,孤高,理想,癒し手,控えめで理想に生きる,閉鎖的で少し用心深く、争いごとを好まない性格,孤高の存在で理想的
超内向,少慎重,少回避,孤高,超理想,癒し手,控えめで理想に生きる,閉鎖的で少し用心深く、争いごとを好まない性格,孤高の存在で地に足がついていない
超内向,少慎重,少回避,一匹狼,超現実,調整役,周囲を見てバランスを取る人,閉鎖的で少し用心深く、争いごとを好まない性格,一匹狼で超現実主義
超内向,少慎重,少回避,一匹狼,現実,調整役,周囲を見てバランスを取る人,閉鎖的で少し用心深く、争いごとを好まない性格,一匹狼で現実主義
超内向,少慎重,少回避,一匹狼,少現実,調整役,周囲を見てバランスを取る人,閉鎖的で少し用心深く、争いごとを好まない性格,一匹狼で現実的な側面を考慮する
超内向,少慎重,少回避,一匹狼,少理想,調整役,周囲を見てバランスを取る人,閉鎖的で少し用心深く、争いごとを好まない性格,一匹狼で夢見がち
超内向,少慎重,少回避,一匹狼,理想,癒し手,控えめで理想に生きる,閉鎖的で少し用心深く、争いごとを好まない性格,一匹狼で理想的
超内向,少慎重,少回避,一匹狼,超理想,癒し手,控えめで理想に生きる,閉鎖的で少し用心深く、争いごとを好まない性格,一匹狼で地に足がついていない
超内向,少慎重,少回避,少孤独,超現実,調整役,周囲を見てバランスを取る人,閉鎖的で少し用心深く、争いごとを好まない性格,自由主義で超現実主義
超内向,少慎重,少回避,少孤独,現実,調整役,周囲を見てバランスを取る人,閉鎖的で少し用心深く、争いごとを好まない性格,自由主義で現実主義
超内向,少慎重,少回避,少孤独,少現実,調整役,周囲を見てバランスを取る人,閉鎖的で少し用心深く、争いごとを好まない性格,自由主義で現実的な側面を考慮する
超内向,少慎重,少回避,少孤独,少理想,調整役,周囲を見てバランスを取る人,閉鎖的で少し用心深く、争いごとを好まない性格,自由主義で夢見がち
超内向,少慎重,少回避,少孤独,理想,癒し手,控えめで理想に生きる,閉鎖的で少し用心深く、争いごとを好まない性格,自由主義で理想的
超内向,少慎重,少回避,少孤独,超理想,癒し手,控えめで理想に生きる,閉鎖的で少し用心深く、争いごとを好まない性格,自由主義で地に足がついていない
超内向,少慎重,少回避,少仲間,超現実,調整役,周囲を見てバランスを取る人,閉鎖的で少し用心深く、争いごとを好まない性格,温厚で超現実主義
超内向,少慎重,少回避,少仲間,現実,調整役,周囲を見てバランスを取る人,閉鎖的で少し用心深く、争いごとを好まない性格,温厚で現実主義
超内向,少慎重,少回避,少仲間,少現実,調整役,周囲を見てバランスを取る人,閉鎖的で少し用心深く、争いごとを好まない性格,温厚で現実的な側面を考慮する
超内向,少慎重,少回避,少仲間,少理想,調整役,周囲を見てバランスを取る人,閉鎖的で少し用心深く、争いごとを好まない性格,温厚で夢見がち
超内向,少慎重,少回避,少仲間,理想,癒し手,控えめで理想に生きる,閉鎖的で少し用心深く、争いごとを好まない性格,温厚で理想的
超内向,少慎重,少回避,少仲間,超理想,癒し手,控えめで理想に生きる,閉鎖的で少し用心深く、争いごとを好まない性格,温厚で地に足がついていない
超内向,少慎重,少回避,仲間派,超現実,守護者,仲間を守る頼れる存在,閉鎖的で少し用心深く、争いごとを好まない性格,仲間思いで超現実主義
超内向,少慎重,少回避,仲間派,現実,守護者,仲間を守る頼れる存在,閉鎖的で少し用心深く、争いごとを好まない性格,仲間思いで現実主義
超内向,少慎重,少回避,仲間派,少現実,守護者,仲間を守る頼れる存在,閉鎖的で少し用心深く、争いごとを好まない性格,仲間思いで現実的な側面を考慮する
超内向,少慎重,少回避,仲間派,少理想,守護者,仲間を守る頼れる存在,閉鎖的で少し用心深く、争いごとを好まない性格,仲間思いで夢見がち
超内向,少慎重,少回避,仲間派,理想,癒し手,控えめで理想に生きる,閉鎖的で少し用心深く、争いごとを好まない性格,仲間思いで理想的
超内向,少慎重,少回避,仲間派,超理想,癒し手,控えめで理想に生きる,閉鎖的で少し用心深く、争いごとを好まない性格,仲間思いで地に足がついていない
超内向,少慎重,少回避,超仲間,超現実,守護者,仲間を守る頼れる存在,閉鎖的で少し用心深く、争いごとを好まない性格,自己犠牲精神で超現実主義
超内向,少慎重,少回避,超仲間,現実,守護者,仲間を守る頼れる存在,閉鎖的で少し用心深く、争いごとを好まない性格,自己犠牲精神で現実主義
超内向,少慎重,少回避,超仲間,少現実,守護者,仲間を守る頼れる存在,閉鎖的で少し用心深く、争いごとを好まない性格,自己犠牲精神で現実的な側面を考慮する
超内向,少慎重,少回避,超仲間,少理想,守護者,仲間を守る頼れる存在,閉鎖的で少し用心深く、争いごとを好まない性格,自己犠牲精神で夢見がち
超内向,少慎重,少回避,超仲間,理想,癒し手,控えめで理想に生きる,閉鎖的で少し用心深く、争いごとを好まない性格,自己犠牲精神で理想的
超内向,少慎重,少回避,超仲間,超理想,癒し手,控えめで理想に生きる,閉鎖的で少し用心深く、争いごとを好まない性格,自己犠牲精神で地に足がついていない
超内向,少慎重,少挑戦,孤高,超現実,調整役,周囲を見てバランスを取る人,閉鎖的で少し用心深く、探求心がある性格,孤高の存在で超現実主義
超内向,少慎重,少挑戦,孤高,現実,調整役,周囲を見てバランスを取る人,閉鎖的で少し用心深く、探求心がある性格,孤高の存在で現実主義
超内向,少慎重,少挑戦,孤高,少現実,調整役,周囲を見てバランスを取る人,閉鎖的で少し用心深く、探求心がある性格,孤高の存在で現実的な側面を考慮する
超内向,少慎重,少挑戦,孤高,少理想,調整役,周囲を見てバランスを取る人,閉鎖的で少し用心深く、探求心がある性格,孤高の存在で夢見がち
超内向,少慎重,少挑戦,孤高,理想,癒し手,控えめで理想に生きる,閉鎖的で少し用心深く、探求心がある性格,孤高の存在で理想的
超内向,少慎重,少挑戦,孤高,超理想,癒し手,控えめで理想に生きる,閉鎖的で少し用心深く、探求心がある性格,孤高の存在で地に足がついていない
超内向,少慎重,少挑戦,一匹狼,超現実,調整役,周囲を見てバランスを取る人,閉鎖的で少し用心深く、探求心がある性格,一匹狼で超現実主義
超内向,少慎重,少挑戦,一匹狼,現実,調整役,周囲を見てバランスを取る人,閉鎖的で少し用心深く、探求心がある性格,一匹狼で現実主義
超内向,少慎重,少挑戦,一匹狼,少現実,調整役,周囲を見てバランスを取る人,閉鎖的で少し用心深く、探求心がある性格,一匹狼で現実的な側面を考慮する
超内向,少慎重,少挑戦,一匹狼,少理想,調整役,周囲を見てバランスを取る人,閉鎖的で少し用心深く、探求心がある性格,一匹狼で夢見がち
超内向,少慎重,少挑戦,一匹狼,理想,癒し手,控えめで理想に生きる,閉鎖的で少し用心深く、探求心がある性格,一匹狼で理想的
超内向,少慎重,少挑戦,一匹狼,超理想,癒し手,控えめで理想に生きる,閉鎖的で少し用心深く、探求心がある性格,一匹狼で地に足がついていない
超内向,少慎重,少挑戦,少孤独,超現実,調整役,周囲を見てバランスを取る人,閉鎖的で少し用心深く、探求心がある性格,自由主義で超現実主義
超内向,少慎重,少挑戦,少孤独,現実,調整役,周囲を見てバランスを取る人,閉鎖的で少し用心深く、探求心がある性格,自由主義で現実主義
超内向,少慎重,少挑戦,少孤独,少現実,調整役,周囲を見てバランスを取る人,閉鎖的で少し用心深く、探求心がある性格,自由主義で現実的な側面を考慮する
超内向,少慎重,少挑戦,少孤独,少理想,調整役,周囲を見てバランスを取る人,閉鎖的で少し用心深く、探求心がある性格,自由主義で夢見がち
超内向,少慎重,少挑戦,少孤独,理想,癒し手,控えめで理想に生きる,閉鎖的で少し用心深く、探求心がある性格,自由主義で理想的
超内向,少慎重,少挑戦,少孤独,超理想,癒し手,控えめで理想に生きる,閉鎖的で少し用心深く、探求心がある性格,自由主義で地に足がついていない
超内向,少慎重,少挑戦,少仲間,超現実,調整役,周囲を見てバランスを取る人,閉鎖的で少し用心深く、探求心がある性格,温厚で超現実主義
超内向,少慎重,少挑戦,少仲間,現実,調整役,周囲を見てバランスを取る人,閉鎖的で少し用心深く、探求心がある性格,温厚で現実主義
超内向,少慎重,少挑戦,少仲間,少現実,調整役,周囲を見てバランスを取る人,閉鎖的で少し用心深く、探求心がある性格,温厚で現実的な側面を考慮する
超内向,少慎重,少挑戦,少仲間,少理想,調整役,周囲を見てバランスを取る人,閉鎖的で少し用心深く、探求心がある性格,温厚で夢見がち
超内向,少慎重,少挑戦,少仲間,理想,癒し手,控えめで理想に生きる,閉鎖的で少し用心深く、探求心がある性格,温厚で理想的
超内向,少慎重,少挑戦,少仲間,超理想,癒し手,控えめで理想に生きる,閉鎖的で少し用心深く、探求心がある性格,温厚で地に足がついていない
超内向,少慎重,少挑戦,仲間派,超現実,調整役,周囲を見てバランスを取る人,閉鎖的で少し用心深く、探求心がある性格,仲間思いで超現実主義
超内向,少慎重,少挑戦,仲間派,現実,調整役,周囲を見てバランスを取る人,閉鎖的で少し用心深く、探求心がある性格,仲間思いで現実主義
超内向,少慎重,少挑戦,仲間派,少現実,調整役,周囲を見てバランスを取る人,閉鎖的で少し用心深く、探求心がある性格,仲間思いで現実的な側面を考慮する
超内向,少慎重,少挑戦,仲間派,少理想,調整役,周囲を見てバランスを取る人,閉鎖的で少し用心深く、探求心がある性格,仲間思いで夢見がち
超内向,少慎重,少挑戦,仲間派,理想,癒し手,控えめで理想に生きる,閉鎖的で少し用心深く、探求心がある性格,仲間思いで理想的
超内向,少慎重,少挑戦,仲間派,超理想,癒し手,控えめで理想に生きる,閉鎖的で少し用心深く、探求心がある性格,仲間思いで地に足がついていない
超内向,少慎重,少挑戦,超仲間,超現実,調整役,周囲を見てバランスを取る人,閉鎖的で少し用心深く、探求心がある性格,自己犠牲精神で超現実主義
超内向,少慎重,少挑戦,超仲間,現実,調整役,周囲を見てバランスを取る人,閉鎖的で少し用心深く、探求心がある性格,自己犠牲精神で現実主義
超内向,少慎重,少挑戦,超仲間,少現実,調整役,周囲を見てバランスを取る人,閉鎖的で少し用心深く、探求心がある性格,自己犠牲精神で現実的な側面を考慮する
超内向,少慎重,少挑戦,超仲間,少理想,調整役,周囲を見てバランスを取る人,閉鎖的で少し用心深く、探求心がある性格,自己犠牲精神で夢見がち
超内向,少慎重,少挑戦,超仲間,理想,癒し手,控えめで理想に生きる,閉鎖的で少し用心深く、探求心がある性格,自己犠牲精神で理想的
超内向,少慎重,少挑戦,超仲間,超理想,癒し手,控えめで理想に生きる,閉鎖的で少し用心深く、探求心がある性格,自己犠牲精神で地に足がついていない
超内向,少慎重,挑戦,孤高,超現実,孤高の戦士,誰にも頼らず突き進む,閉鎖的で少し用心深く、挑戦的な性格,孤高の存在で超現実主義
超内向,少慎重,挑戦,孤高,現実,孤高の戦士,誰にも頼らず突き進む,閉鎖的で少し用心深く、挑戦的な性格,孤高の存在で現実主義
超内向,少慎重,挑戦,孤高,少現実,調整役,周囲を見てバランスを取る人,閉鎖的で少し用心深く、挑戦的な性格,孤高の存在で現実的な側面を考慮する
超内向,少慎重,挑戦,孤高,少理想,調整役,周囲を見てバランスを取る人,閉鎖的で少し用心深く、挑戦的な性格,孤高の存在で夢見がち
超内向,少慎重,挑戦,孤高,理想,癒し手,控えめで理想に生きる,閉鎖的で少し用心深く、挑戦的な性格,孤高の存在で理想的
超内向,少慎重,挑戦,孤高,超理想,癒し手,控えめで理想に生きる,閉鎖的で少し用心深く、挑戦的な性格,孤高の存在で地に足がついていない
超内向,少慎重,挑戦,一匹狼,超現実,孤高の戦士,誰にも頼らず突き進む,閉鎖的で少し用心深く、挑戦的な性格,一匹狼で超現実主義
超内向,少慎重,挑戦,一匹狼,現実,孤高の戦士,誰にも頼らず突き進む,閉鎖的で少し用心深く、挑戦的な性格,一匹狼で現実主義
超内向,少慎重,挑戦,一匹狼,少現実,調整役,周囲を見てバランスを取る人,閉鎖的で少し用心深く、挑戦的な性格,一匹狼で現実的な側面を考慮する
超内向,少慎重,挑戦,一匹狼,少理想,調整役,周囲を見てバランスを取る人,閉鎖的で少し用心深く、挑戦的な性格,一匹狼で夢見がち
超内向,少慎重,挑戦,一匹狼,理想,癒し手,控えめで理想に生きる,閉鎖的で少し用心深く、挑戦的な性格,一匹狼で理想的
超内向,少慎重,挑戦,一匹狼,超理想,癒し手,控えめで理想に生きる,閉鎖的で少し用心深く、挑戦的な性格,一匹狼で地に足がついていない
超内向,少慎重,挑戦,少孤独,超現実,調整役,周囲を見てバランスを取る人,閉鎖的で少し用心深く、挑戦的な性格,自由主義で超現実主義
超内向,少慎重,挑戦,少孤独,現実,調整役,周囲を見てバランスを取る人,閉鎖的で少し用心深く、挑戦的な性格,自由主義で現実主義
超内向,少慎重,挑戦,少孤独,少現実,調整役,周囲を見てバランスを取る人,閉鎖的で少し用心深く、挑戦的な性格,自由主義で現実的な側面を考慮する
超内向,少慎重,挑戦,少孤独,少理想,調整役,周囲を見てバランスを取る人,閉鎖的で少し用心深く、挑戦的な性格,自由主義で夢見がち
超内向,少慎重,挑戦,少孤独,理想,癒し手,控えめで理想に生きる,閉鎖的で少し用心深く、挑戦的な性格,自由主義で理想的
超内向,少慎重,挑戦,少孤独,超理想,癒し手,控えめで理想に生きる,閉鎖的で少し用心深く、挑戦的な性格,自由主義で地に足がついていない
超内向,少慎重,挑戦,少仲間,超現実,調整役,周囲を見てバランスを取る人,閉鎖的で少し用心深く、挑戦的な性格,温厚で超現実主義
超内向,少慎重,挑戦,少仲間,現実,調整役,周囲を見てバランスを取る人,閉鎖的で少し用心深く、挑戦的な性格,温厚で現実主義
超内向,少慎重,挑戦,少仲間,少現実,調整役,周囲を見てバランスを取る人,閉鎖的で少し用心深く、挑戦的な性格,温厚で現実的な側面を考慮する
超内向,少慎重,挑戦,少仲間,少理想,調整役,周囲を見てバランスを取る人,閉鎖的で少し用心深く、挑戦的な性格,温厚で夢見がち
超内向,少慎重,挑戦,少仲間,理想,癒し手,控えめで理想に生きる,閉鎖的で少し用心深く、挑戦的な性格,温厚で理想的
超内向,少慎重,挑戦,少仲間,超理想,癒し手,控えめで理想に生きる,閉鎖的で少し用心深く、挑戦的な性格,温厚で地に足がついていない
超内向,少慎重,挑戦,仲間派,超現実,調整役,周囲を見てバランスを取る人,閉鎖的で少し用心深く、挑戦的な性格,仲間思いで超現実主義
超内向,少慎重,挑戦,仲間派,現実,調整役,周囲を見てバランスを取る人,閉鎖的で少し用心深く、挑戦的な性格,仲間思いで現実主義
超内向,少慎重,挑戦,仲間派,少現実,調整役,周囲を見てバランスを取る人,閉鎖的で少し用心深く、挑戦的な性格,仲間思いで現実的な側面を考慮する
超内向,少慎重,挑戦,仲間派,少理想,調整役,周囲を見てバランスを取る人,閉鎖的で少し用心深く、挑戦的な性格,仲間思いで夢見がち
超内向,少慎重,挑戦,仲間派,理想,挑戦家,理想を掲げ挑戦を恐れない,閉鎖的で少し用心深く、挑戦的な性格,仲間思いで理想的
超内向,少慎重,挑戦,仲間派,超理想,挑戦家,理想を掲げ挑戦を恐れない,閉鎖的で少し用心深く、挑戦的な性格,仲間思いで地に足がついていない
超内向,少慎重,挑戦,超仲間,超現実,調整役,周囲を見てバランスを取る人,閉鎖的で少し用心深く、挑戦的な性格,自己犠牲精神で超現実主義
超内向,少慎重,挑戦,超仲間,現実,調整役,周囲を見てバランスを取る人,閉鎖的で少し用心深く、挑戦的な性格,自己犠牲精神で現実主義
超内向,少慎重,挑戦,超仲間,少現実,調整役,周囲を見てバランスを取る人,閉鎖的で少し用心深く、挑戦的な性格,自己犠牲精神で現実的な側面を考慮する
超内向,少慎重,挑戦,超仲間,少理想,調整役,周囲を見てバランスを取る人,閉鎖的で少し用心深く、挑戦的な性格,自己犠牲精神で夢見がち
超内向,少慎重,挑戦,超仲間,理想,挑戦家,理想を掲げ挑戦を恐れない,閉鎖的で少し用心深く、挑戦的な性格,自己犠牲精神で理想的
超内向,少慎重,挑戦,超仲間,超理想,挑戦家,理想を掲げ挑戦を恐れない,閉鎖的で少し用心深く、挑戦的な性格,自己犠牲精神で地に足がついていない
超内向,少慎重,超挑戦,孤高,超現実,孤高の戦士,誰にも頼らず突き進む,閉鎖的で少し用心深く、果敢な性格,孤高の存在で超現実主義
超内向,少慎重,超挑戦,孤高,現実,孤高の戦士,誰にも頼らず突き進む,閉鎖的で少し用心深く、果敢な性格,孤高の存在で現実主義
超内向,少慎重,超挑戦,孤高,少現実,調整役,周囲を見てバランスを取る人,閉鎖的で少し用心深く、果敢な性格,孤高の存在で現実的な側面を考慮する
超内向,少慎重,超挑戦,孤高,少理想,調整役,周囲を見てバランスを取る人,閉鎖的で少し用心深く、果敢な性格,孤高の存在で夢見がち
超内向,少慎重,超挑戦,孤高,理想,癒し手,控えめで理想に生きる,閉鎖的で少し用心深く、果敢な性格,孤高の存在で理想的
超内向,少慎重,超挑戦,孤高,超理想,癒し手,控えめで理想に生きる,閉鎖的で少し用心深く、果敢な性格,孤高の存在で地に足がついていない
超内向,少慎重,超挑戦,一匹狼,超現実,孤高の戦士,誰にも頼らず突き進む,閉鎖的で少し用心深く、果敢な性格,一匹狼で超現実主義
超内向,少慎重,超挑戦,一匹狼,現実,孤高の戦士,誰にも頼らず突き進む,閉鎖的で少し用心深く、果敢な性格,一匹狼で現実主義
超内向,少慎重,超挑戦,一匹狼,少現実,調整役,周囲を見てバランスを取る人,閉鎖的で少し用心深く、果敢な性格,一匹狼で現実的な側面を考慮する
超内向,少慎重,超挑戦,一匹狼,少理想,調整役,周囲を見てバランスを取る人,閉鎖的で少し用心深く、果敢な性格,一匹狼で夢見がち
超内向,少慎重,超挑戦,一匹狼,理想,癒し手,控えめで理想に生きる,閉鎖的で少し用心深く、果敢な性格,一匹狼で理想的
超内向,少慎重,超挑戦,一匹狼,超理想,癒し手,控えめで理想に生きる,閉鎖的で少し用心深く、果敢な性格,一匹狼で地に足がついていない
超内向,少慎重,超挑戦,少孤独,超現実,調整役,周囲を見てバランスを取る人,閉鎖的で少し用心深く、果敢な性格,自由主義で超現実主義
超内向,少慎重,超挑戦,少孤独,現実,調整役,周囲を見てバランスを取る人,閉鎖的で少し用心深く、果敢な性格,自由主義で現実主義
超内向,少慎重,超挑戦,少孤独,少現実,調整役,周囲を見てバランスを取る人,閉鎖的で少し用心深く、果敢な性格,自由主義で現実的な側面を考慮する
超内向,少慎重,超挑戦,少孤独,少理想,調整役,周囲を見てバランスを取る人,閉鎖的で少し用心深く、果敢な性格,自由主義で夢見がち
超内向,少慎重,超挑戦,少孤独,理想,癒し手,控えめで理想に生きる,閉鎖的で少し用心深く、果敢な性格,自由主義で理想的
超内向,少慎重,超挑戦,少孤独,超理想,癒し手,控えめで理想に生きる,閉鎖的で少し用心深く、果敢な性格,自由主義で地に足がついていない
超内向,少慎重,超挑戦,少仲間,超現実,調整役,周囲を見てバランスを取る人,閉鎖的で少し用心深く、果敢な性格,温厚で超現実主義
超内向,少慎重,超挑戦,少仲間,現実,調整役,周囲を見てバランスを取る人,閉鎖的で少し用心深く、果敢な性格,温厚で現実主義
超内向,少慎重,超挑戦,少仲間,少現実,調整役,周囲を見てバランスを取る人,閉鎖的で少し用心深く、果敢な性格,温厚で現実的な側面を考慮する
超内向,少慎重,超挑戦,少仲間,少理想,調整役,周囲を見てバランスを取る人,閉鎖的で少し用心深く、果敢な性格,温厚で夢見がち
超内向,少慎重,超挑戦,少仲間,理想,癒し手,控えめで理想に生きる,閉鎖的で少し用心深く、果敢な性格,温厚で理想的
超内向,少慎重,超挑戦,少仲間,超理想,癒し手,控えめで理想に生きる,閉鎖的で少し用心深く、果敢な性格,温厚で地に足がついていない
超内向,少慎重,超挑戦,仲間派,超現実,調整役,周囲を見てバランスを取る人,閉鎖的で少し用心深く、果敢な性格,仲間思いで超現実主義
超内向,少慎重,超挑戦,仲間派,現実,調整役,周囲を見てバランスを取る人,閉鎖的で少し用心深く、果敢な性格,仲間思いで現実主義
超内向,少慎重,超挑戦,仲間派,少現実,調整役,周囲を見てバランスを取る人,閉鎖的で少し用心深く、果敢な性格,仲間思いで現実的な側面を考慮する
超内向,少慎重,超挑戦,仲間派,少理想,調整役,周囲を見てバランスを取る人,閉鎖的で少し用心深く、果敢な性格,仲間思いで夢見がち
超内向,少慎重,超挑戦,仲間派,理想,挑戦家,理想を掲げ挑戦を恐れない,閉鎖的で少し用心深く、果敢な性格,仲間思いで理想的
超内向,少慎重,超挑戦,仲間派,超理想,挑戦家,理想を掲げ挑戦を恐れない,閉鎖的で少し用心深く、果敢な性格,仲間思いで地に足がついていない
超内向,少慎重,超挑戦,超仲間,超現実,調整役,周囲を見てバランスを取る人,閉鎖的で少し用心深く、果敢な性格,自己犠牲精神で超現実主義
超内向,少慎重,超挑戦,超仲間,現実,調整役,周囲を見てバランスを取る人,閉鎖的で少し用心深く、果敢な性格,自己犠牲精神で現実主義
超内向,少慎重,超挑戦,超仲間,少現実,調整役,周囲を見てバランスを取る人,閉鎖的で少し用心深く、果敢な性格,自己犠牲精神で現実的な側面を考慮する
超内向,少慎重,超挑戦,超仲間,少理想,調整役,周囲を見てバランスを取る人,閉鎖的で少し用心深く、果敢な性格,自己犠牲精神で夢見がち
超内向,少慎重,超挑戦,超仲間,理想,挑戦家,理想を掲げ挑戦を恐れない,閉鎖的で少し用心深く、果敢な性格,自己犠牲精神で理想的
超内向,少慎重,超挑戦,超仲間,超理想,挑戦家,理想を掲げ挑戦を恐れない,閉鎖的で少し用心深く、果敢な性格,自己犠牲精神で地に足がついていない
超内向,少即決,超回避,孤高,超現実,調整役,周囲を見てバランスを取る人,閉鎖的で少しせっかちな面があり、対立を徹底的に避ける性格,孤高の存在で超現実主義
超内向,少即決,超回避,孤高,現実,調整役,周囲を見てバランスを取る人,閉鎖的で少しせっかちな面があり、対立を徹底的に避ける性格,孤高の存在で現実主義
超内向,少即決,超回避,孤高,少現実,調整役,周囲を見てバランスを取る人,閉鎖的で少しせっかちな面があり、対立を徹底的に避ける性格,孤高の存在で現実的な側面を考慮する
超内向,少即決,超回避,孤高,少理想,調整役,周囲を見てバランスを取る人,閉鎖的で少しせっかちな面があり、対立を徹底的に避ける性格,孤高の存在で夢見がち
超内向,少即決,超回避,孤高,理想,癒し手,控えめで理想に生きる,閉鎖的で少しせっかちな面があり、対立を徹底的に避ける性格,孤高の存在で理想的
超内向,少即決,超回避,孤高,超理想,癒し手,控えめで理想に生きる,閉鎖的で少しせっかちな面があり、対立を徹底的に避ける性格,孤高の存在で地に足がついていない
超内向,少即決,超回避,一匹狼,超現実,調整役,周囲を見てバランスを取る人,閉鎖的で少しせっかちな面があり、対立を徹底的に避ける性格,一匹狼で超現実主義
超内向,少即決,超回避,一匹狼,現実,調整役,周囲を見てバランスを取る人,閉鎖的で少しせっかちな面があり、対立を徹底的に避ける性格,一匹狼で現実主義
超内向,少即決,超回避,一匹狼,少現実,調整役,周囲を見てバランスを取る人,閉鎖的で少しせっかちな面があり、対立を徹底的に避ける性格,一匹狼で現実的な側面を考慮する
超内向,少即決,超回避,一匹狼,少理想,調整役,周囲を見てバランスを取る人,閉鎖的で少しせっかちな面があり、対立を徹底的に避ける性格,一匹狼で夢見がち
超内向,少即決,超回避,一匹狼,理想,癒し手,控えめで理想に生きる,閉鎖的で少しせっかちな面があり、対立を徹底的に避ける性格,一匹狼で理想的
超内向,少即決,超回避,一匹狼,超理想,癒し手,控えめで理想に生きる,閉鎖的で少しせっかちな面があり、対立を徹底的に避ける性格,一匹狼で地に足がついていない
超内向,少即決,超回避,少孤独,超現実,調整役,周囲を見てバランスを取る人,閉鎖的で少しせっかちな面があり、対立を徹底的に避ける性格,自由主義で超現実主義
超内向,少即決,超回避,少孤独,現実,調整役,周囲を見てバランスを取る人,閉鎖的で少しせっかちな面があり、対立を徹底的に避ける性格,自由主義で現実主義
超内向,少即決,超回避,少孤独,少現実,調整役,周囲を見てバランスを取る人,閉鎖的で少しせっかちな面があり、対立を徹底的に避ける性格,自由主義で現実的な側面を考慮する
超内向,少即決,超回避,少孤独,少理想,調整役,周囲を見てバランスを取る人,閉鎖的で少しせっかちな面があり、対立を徹底的に避ける性格,自由主義で夢見がち
超内向,少即決,超回避,少孤独,理想,癒し手,控えめで理想に生きる,閉鎖的で少しせっかちな面があり、対立を徹底的に避ける性格,自由主義で理想的
超内向,少即決,超回避,少孤独,超理想,癒し手,控えめで理想に生きる,閉鎖的で少しせっかちな面があり、対立を徹底的に避ける性格,自由主義で地に足がついていない
超内向,少即決,超回避,少仲間,超現実,調整役,周囲を見てバランスを取る人,閉鎖的で少しせっかちな面があり、対立を徹底的に避ける性格,温厚で超現実主義
超内向,少即決,超回避,少仲間,現実,調整役,周囲を見てバランスを取る人,閉鎖的で少しせっかちな面があり、対立を徹底的に避ける性格,温厚で現実主義
超内向,少即決,超回避,少仲間,少現実,調整役,周囲を見てバランスを取る人,閉鎖的で少しせっかちな面があり、対立を徹底的に避ける性格,温厚で現実的な側面を考慮する
超内向,少即決,超回避,少仲間,少理想,調整役,周囲を見てバランスを取る人,閉鎖的で少しせっかちな面があり、対立を徹底的に避ける性格,温厚で夢見がち
超内向,少即決,超回避,少仲間,理想,癒し手,控えめで理想に生きる,閉鎖的で少しせっかちな面があり、対立を徹底的に避ける性格,温厚で理想的
超内向,少即決,超回避,少仲間,超理想,癒し手,控えめで理想に生きる,閉鎖的で少しせっかちな面があり、対立を徹底的に避ける性格,温厚で地に足がついていない
超内向,少即決,超回避,仲間派,超現実,守護者,仲間を守る頼れる存在,閉鎖的で少しせっかちな面があり、対立を徹底的に避ける性格,仲間思いで超現実主義
超内向,少即決,超回避,仲間派,現実,守護者,仲間を守る頼れる存在,閉鎖的で少しせっかちな面があり、対立を徹底的に避ける性格,仲間思いで現実主義
超内向,少即決,超回避,仲間派,少現実,守護者,仲間を守る頼れる存在,閉鎖的で少しせっかちな面があり、対立を徹底的に避ける性格,仲間思いで現実的な側面を考慮する
超内向,少即決,超回避,仲間派,少理想,守護者,仲間を守る頼れる存在,閉鎖的で少しせっかちな面があり、対立を徹底的に避ける性格,仲間思いで夢見がち
超内向,少即決,超回避,仲間派,理想,癒し手,控えめで理想に生きる,閉鎖的で少しせっかちな面があり、対立を徹底的に避ける性格,仲間思いで理想的
超内向,少即決,超回避,仲間派,超理想,癒し手,控えめで理想に生きる,閉鎖的で少しせっかちな面があり、対立を徹底的に避ける性格,仲間思いで地に足がついていない
超内向,少即決,超回避,超仲間,超現実,守護者,仲間を守る頼れる存在,閉鎖的で少しせっかちな面があり、対立を徹底的に避ける性格,自己犠牲精神で超現実主義
超内向,少即決,超回避,超仲間,現実,守護者,仲間を守る頼れる存在,閉鎖的で少しせっかちな面があり、対立を徹底的に避ける性格,自己犠牲精神で現実主義
超内向,少即決,超回避,超仲間,少現実,守護者,仲間を守る頼れる存在,閉鎖的で少しせっかちな面があり、対立を徹底的に避ける性格,自己犠牲精神で現実的な側面を考慮する
超内向,少即決,超回避,超仲間,少理想,守護者,仲間を守る頼れる存在,閉鎖的で少しせっかちな面があり、対立を徹底的に避ける性格,自己犠牲精神で夢見がち
超内向,少即決,超回避,超仲間,理想,癒し手,控えめで理想に生きる,閉鎖的で少しせっかちな面があり、対立を徹底的に避ける性格,自己犠牲精神で理想的
超内向,少即決,超回避,超仲間,超理想,癒し手,控えめで理想に生きる,閉鎖的で少しせっかちな面があり、対立を徹底的に避ける性格,自己犠牲精神で地に足がついていない
超内向,少即決,回避,孤高,超現実,調整役,周囲を見てバランスを取る人,閉鎖的で少しせっかちな面があり、直接的な対応を好まない性格,孤高の存在で超現実主義
超内向,少即決,回避,孤高,現実,調整役,周囲を見てバランスを取る人,閉鎖的で少しせっかちな面があり、直接的な対応を好まない性格,孤高の存在で現実主義
超内向,少即決,回避,孤高,少現実,調整役,周囲を見てバランスを取る人,閉鎖的で少しせっかちな面があり、直接的な対応を好まない性格,孤高の存在で現実的な側面を考慮する
超内向,少即決,回避,孤高,少理想,調整役,周囲を見てバランスを取る人,閉鎖的で少しせっかちな面があり、直接的な対応を好まない性格,孤高の存在で夢見がち
超内向,少即決,回避,孤高,理想,癒し手,控えめで理想に生きる,閉鎖的で少しせっかちな面があり、直接的な対応を好まない性格,孤高の存在で理想的
超内向,少即決,回避,孤高,超理想,癒し手,控えめで理想に生きる,閉鎖的で少しせっかちな面があり、直接的な対応を好まない性格,孤高の存在で地に足がついていない
超内向,少即決,回避,一匹狼,超現実,調整役,周囲を見てバランスを取る人,閉鎖的で少しせっかちな面があり、直接的な対応を好まない性格,一匹狼で超現実主義
超内向,少即決,回避,一匹狼,現実,調整役,周囲を見てバランスを取る人,閉鎖的で少しせっかちな面があり、直接的な対応を好まない性格,一匹狼で現実主義
超内向,少即決,回避,一匹狼,少現実,調整役,周囲を見てバランスを取る人,閉鎖的で少しせっかちな面があり、直接的な対応を好まない性格,一匹狼で現実的な側面を考慮する
超内向,少即決,回避,一匹狼,少理想,調整役,周囲を見てバランスを取る人,閉鎖的で少しせっかちな面があり、直接的な対応を好まない性格,一匹狼で夢見がち
超内向,少即決,回避,一匹狼,理想,癒し手,控えめで理想に生きる,閉鎖的で少しせっかちな面があり、直接的な対応を好まない性格,一匹狼で理想的
超内向,少即決,回避,一匹狼,超理想,癒し手,控えめで理想に生きる,閉鎖的で少しせっかちな面があり、直接的な対応を好まない性格,一匹狼で地に足がついていない
超内向,少即決,回避,少孤独,超現実,調整役,周囲を見てバランスを取る人,閉鎖的で少しせっかちな面があり、直接的な対応を好まない性格,自由主義で超現実主義
超内向,少即決,回避,少孤独,現実,調整役,周囲を見てバランスを取る人,閉鎖的で少しせっかちな面があり、直接的な対応を好まない性格,自由主義で現実主義
超内向,少即決,回避,少孤独,少現実,調整役,周囲を見てバランスを取る人,閉鎖的で少しせっかちな面があり、直接的な対応を好まない性格,自由主義で現実的な側面を考慮する
超内向,少即決,回避,少孤独,少理想,調整役,周囲を見てバランスを取る人,閉鎖的で少しせっかちな面があり、直接的な対応を好まない性格,自由主義で夢見がち
超内向,少即決,回避,少孤独,理想,癒し手,控えめで理想に生きる,閉鎖的で少しせっかちな面があり、直接的な対応を好まない性格,自由主義で理想的
超内向,少即決,回避,少孤独,超理想,癒し手,控えめで理想に生きる,閉鎖的で少しせっかちな面があり、直接的な対応を好まない性格,自由主義で地に足がついていない
超内向,少即決,回避,少仲間,超現実,調整役,周囲を見てバランスを取る人,閉鎖的で少しせっかちな面があり、直接的な対応を好まない性格,温厚で超現実主義
超内向,少即決,回避,少仲間,現実,調整役,周囲を見てバランスを取る人,閉鎖的で少しせっかちな面があり、直接的な対応を好まない性格,温厚で現実主義
超内向,少即決,回避,少仲間,少現実,調整役,周囲を見てバランスを取る人,閉鎖的で少しせっかちな面があり、直接的な対応を好まない性格,温厚で現実的な側面を考慮する
超内向,少即決,回避,少仲間,少理想,調整役,周囲を見てバランスを取る人,閉鎖的で少しせっかちな面があり、直接的な対応を好まない性格,温厚で夢見がち
超内向,少即決,回避,少仲間,理想,癒し手,控えめで理想に生きる,閉鎖的で少しせっかちな面があり、直接的な対応を好まない性格,温厚で理想的
超内向,少即決,回避,少仲間,超理想,癒し手,控えめで理想に生きる,閉鎖的で少しせっかちな面があり、直接的な対応を好まない性格,温厚で地に足がついていない
超内向,少即決,回避,仲間派,超現実,守護者,仲間を守る頼れる存在,閉鎖的で少しせっかちな面があり、直接的な対応を好まない性格,仲間思いで超現実主義
超内向,少即決,回避,仲間派,現実,守護者,仲間を守る頼れる存在,閉鎖的で少しせっかちな面があり、直接的な対応を好まない性格,仲間思いで現実主義
超内向,少即決,回避,仲間派,少現実,守護者,仲間を守る頼れる存在,閉鎖的で少しせっかちな面があり、直接的な対応を好まない性格,仲間思いで現実的な側面を考慮する
超内向,少即決,回避,仲間派,少理想,守護者,仲間を守る頼れる存在,閉鎖的で少しせっかちな面があり、直接的な対応を好まない性格,仲間思いで夢見がち
超内向,少即決,回避,仲間派,理想,癒し手,控えめで理想に生きる,閉鎖的で少しせっかちな面があり、直接的な対応を好まない性格,仲間思いで理想的
超内向,少即決,回避,仲間派,超理想,癒し手,控えめで理想に生きる,閉鎖的で少しせっかちな面があり、直接的な対応を好まない性格,仲間思いで地に足がついていない
超内向,少即決,回避,超仲間,超現実,守護者,仲間を守る頼れる存在,閉鎖的で少しせっかちな面があり、直接的な対応を好まない性格,自己犠牲精神で超現実主義
超内向,少即決,回避,超仲間,現実,守護者,仲間を守る頼れる存在,閉鎖的で少しせっかちな面があり、直接的な対応を好まない性格,自己犠牲精神で現実主義
超内向,少即決,回避,超仲間,少現実,守護者,仲間を守る頼れる存在,閉鎖的で少しせっかちな面があり、直接的な対応を好まない性格,自己犠牲精神で現実的な側面を考慮する
超内向,少即決,回避,超仲間,少理想,守護者,仲間を守る頼れる存在,閉鎖的で少しせっかちな面があり、直接的な対応を好まない性格,自己犠牲精神で夢見がち
超内向,少即決,回避,超仲間,理想,癒し手,控えめで理想に生きる,閉鎖的で少しせっかちな面があり、直接的な対応を好まない性格,自己犠牲精神で理想的
超内向,少即決,回避,超仲間,超理想,癒し手,控えめで理想に生きる,閉鎖的で少しせっかちな面があり、直接的な対応を好まない性格,自己犠牲精神で地に足がついていない
超内向,少即決,少回避,孤高,超現実,調整役,周囲を見てバランスを取る人,閉鎖的で少しせっかちな面があり、争いごとを好まない性格,孤高の存在で超現実主義
超内向,少即決,少回避,孤高,現実,調整役,周囲を見てバランスを取る人,閉鎖的で少しせっかちな面があり、争いごとを好まない性格,孤高の存在で現実主義
超内向,少即決,少回避,孤高,少現実,調整役,周囲を見てバランスを取る人,閉鎖的で少しせっかちな面があり、争いごとを好まない性格,孤高の存在で現実的な側面を考慮する
超内向,少即決,少回避,孤高,少理想,調整役,周囲を見てバランスを取る人,閉鎖的で少しせっかちな面があり、争いごとを好まない性格,孤高の存在で夢見がち
超内向,少即決,少回避,孤高,理想,癒し手,控えめで理想に生きる,閉鎖的で少しせっかちな面があり、争いごとを好まない性格,孤高の存在で理想的
超内向,少即決,少回避,孤高,超理想,癒し手,控えめで理想に生きる,閉鎖的で少しせっかちな面があり、争いごとを好まない性格,孤高の存在で地に足がついていない
超内向,少即決,少回避,一匹狼,超現実,調整役,周囲を見てバランスを取る人,閉鎖的で少しせっかちな面があり、争いごとを好まない性格,一匹狼で超現実主義
超内向,少即決,少回避,一匹狼,現実,調整役,周囲を見てバランスを取る人,閉鎖的で少しせっかちな面があり、争いごとを好まない性格,一匹狼で現実主義
超内向,少即決,少回避,一匹狼,少現実,調整役,周囲を見てバランスを取る人,閉鎖的で少しせっかちな面があり、争いごとを好まない性格,一匹狼で現実的な側面を考慮する
超内向,少即決,少回避,一匹狼,少理想,調整役,周囲を見てバランスを取る人,閉鎖的で少しせっかちな面があり、争いごとを好まない性格,一匹狼で夢見がち
超内向,少即決,少回避,一匹狼,理想,癒し手,控えめで理想に生きる,閉鎖的で少しせっかちな面があり、争いごとを好まない性格,一匹狼で理想的
超内向,少即決,少回避,一匹狼,超理想,癒し手,控えめで理想に生きる,閉鎖的で少しせっかちな面があり、争いごとを好まない性格,一匹狼で地に足がついていない
超内向,少即決,少回避,少孤独,超現実,調整役,周囲を見てバランスを取る人,閉鎖的で少しせっかちな面があり、争いごとを好まない性格,自由主義で超現実主義
超内向,少即決,少回避,少孤独,現実,調整役,周囲を見てバランスを取る人,閉鎖的で少しせっかちな面があり、争いごとを好まない性格,自由主義で現実主義
超内向,少即決,少回避,少孤独,少現実,調整役,周囲を見てバランスを取る人,閉鎖的で少しせっかちな面があり、争いごとを好まない性格,自由主義で現実的な側面を考慮する
超内向,少即決,少回避,少孤独,少理想,調整役,周囲を見てバランスを取る人,閉鎖的で少しせっかちな面があり、争いごとを好まない性格,自由主義で夢見がち
超内向,少即決,少回避,少孤独,理想,癒し手,控えめで理想に生きる,閉鎖的で少しせっかちな面があり、争いごとを好まない性格,自由主義で理想的
超内向,少即決,少回避,少孤独,超理想,癒し手,控えめで理想に生きる,閉鎖的で少しせっかちな面があり、争いごとを好まない性格,自由主義で地に足がついていない
超内向,少即決,少回避,少仲間,超現実,調整役,周囲を見てバランスを取る人,閉鎖的で少しせっかちな面があり、争いごとを好まない性格,温厚で超現実主義
超内向,少即決,少回避,少仲間,現実,調整役,周囲を見てバランスを取る人,閉鎖的で少しせっかちな面があり、争いごとを好まない性格,温厚で現実主義
超内向,少即決,少回避,少仲間,少現実,調整役,周囲を見てバランスを取る人,閉鎖的で少しせっかちな面があり、争いごとを好まない性格,温厚で現実的な側面を考慮する
超内向,少即決,少回避,少仲間,少理想,調整役,周囲を見てバランスを取る人,閉鎖的で少しせっかちな面があり、争いごとを好まない性格,温厚で夢見がち
超内向,少即決,少回避,少仲間,理想,癒し手,控えめで理想に生きる,閉鎖的で少しせっかちな面があり、争いごとを好まない性格,温厚で理想的
超内向,少即決,少回避,少仲間,超理想,癒し手,控えめで理想に生きる,閉鎖的で少しせっかちな面があり、争いごとを好まない性格,温厚で地に足がついていない
超内向,少即決,少回避,仲間派,超現実,守護者,仲間を守る頼れる存在,閉鎖的で少しせっかちな面があり、争いごとを好まない性格,仲間思いで超現実主義
超内向,少即決,少回避,仲間派,現実,守護者,仲間を守る頼れる存在,閉鎖的で少しせっかちな面があり、争いごとを好まない性格,仲間思いで現実主義
超内向,少即決,少回避,仲間派,少現実,守護者,仲間を守る頼れる存在,閉鎖的で少しせっかちな面があり、争いごとを好まない性格,仲間思いで現実的な側面を考慮する
超内向,少即決,少回避,仲間派,少理想,守護者,仲間を守る頼れる存在,閉鎖的で少しせっかちな面があり、争いごとを好まない性格,仲間思いで夢見がち
超内向,少即決,少回避,仲間派,理想,癒し手,控えめで理想に生きる,閉鎖的で少しせっかちな面があり、争いごとを好まない性格,仲間思いで理想的
超内向,少即決,少回避,仲間派,超理想,癒し手,控えめで理想に生きる,閉鎖的で少しせっかちな面があり、争いごとを好まない性格,仲間思いで地に足がついていない
超内向,少即決,少回避,超仲間,超現実,守護者,仲間を守る頼れる存在,閉鎖的で少しせっかちな面があり、争いごとを好まない性格,自己犠牲精神で超現実主義
超内向,少即決,少回避,超仲間,現実,守護者,仲間を守る頼れる存在,閉鎖的で少しせっかちな面があり、争いごとを好まない性格,自己犠牲精神で現実主義
超内向,少即決,少回避,超仲間,少現実,守護者,仲間を守る頼れる存在,閉鎖的で少しせっかちな面があり、争いごとを好まない性格,自己犠牲精神で現実的な側面を考慮する
超内向,少即決,少回避,超仲間,少理想,守護者,仲間を守る頼れる存在,閉鎖的で少しせっかちな面があり、争いごとを好まない性格,自己犠牲精神で夢見がち
超内向,少即決,少回避,超仲間,理想,癒し手,控えめで理想に生きる,閉鎖的で少しせっかちな面があり、争いごとを好まない性格,自己犠牲精神で理想的
超内向,少即決,少回避,超仲間,超理想,癒し手,控えめで理想に生きる,閉鎖的で少しせっかちな面があり、争いごとを好まない性格,自己犠牲精神で地に足がついていない
超内向,少即決,少挑戦,孤高,超現実,調整役,周囲を見てバランスを取る人,閉鎖的で少しせっかちな面があり、探求心がある性格,孤高の存在で超現実主義
超内向,少即決,少挑戦,孤高,現実,調整役,周囲を見てバランスを取る人,閉鎖的で少しせっかちな面があり、探求心がある性格,孤高の存在で現実主義
超内向,少即決,少挑戦,孤高,少現実,調整役,周囲を見てバランスを取る人,閉鎖的で少しせっかちな面があり、探求心がある性格,孤高の存在で現実的な側面を考慮する
超内向,少即決,少挑戦,孤高,少理想,調整役,周囲を見てバランスを取る人,閉鎖的で少しせっかちな面があり、探求心がある性格,孤高の存在で夢見がち
超内向,少即決,少挑戦,孤高,理想,癒し手,控えめで理想に生きる,閉鎖的で少しせっかちな面があり、探求心がある性格,孤高の存在で理想的
超内向,少即決,少挑戦,孤高,超理想,癒し手,控えめで理想に生きる,閉鎖的で少しせっかちな面があり、探求心がある性格,孤高の存在で地に足がついていない
超内向,少即決,少挑戦,一匹狼,超現実,調整役,周囲を見てバランスを取る人,閉鎖的で少しせっかちな面があり、探求心がある性格,一匹狼で超現実主義
超内向,少即決,少挑戦,一匹狼,現実,調整役,周囲を見てバランスを取る人,閉鎖的で少しせっかちな面があり、探求心がある性格,一匹狼で現実主義
超内向,少即決,少挑戦,一匹狼,少現実,調整役,周囲を見てバランスを取る人,閉鎖的で少しせっかちな面があり、探求心がある性格,一匹狼で現実的な側面を考慮する
超内向,少即決,少挑戦,一匹狼,少理想,調整役,周囲を見てバランスを取る人,閉鎖的で少しせっかちな面があり、探求心がある性格,一匹狼で夢見がち
超内向,少即決,少挑戦,一匹狼,理想,癒し手,控えめで理想に生きる,閉鎖的で少しせっかちな面があり、探求心がある性格,一匹狼で理想的
超内向,少即決,少挑戦,一匹狼,超理想,癒し手,控えめで理想に生きる,閉鎖的で少しせっかちな面があり、探求心がある性格,一匹狼で地に足がついていない
超内向,少即決,少挑戦,少孤独,超現実,調整役,周囲を見てバランスを取る人,閉鎖的で少しせっかちな面があり、探求心がある性格,自由主義で超現実主義
超内向,少即決,少挑戦,少孤独,現実,調整役,周囲を見てバランスを取る人,閉鎖的で少しせっかちな面があり、探求心がある性格,自由主義で現実主義
超内向,少即決,少挑戦,少孤独,少現実,調整役,周囲を見てバランスを取る人,閉鎖的で少しせっかちな面があり、探求心がある性格,自由主義で現実的な側面を考慮する
超内向,少即決,少挑戦,少孤独,少理想,調整役,周囲を見てバランスを取る人,閉鎖的で少しせっかちな面があり、探求心がある性格,自由主義で夢見がち
超内向,少即決,少挑戦,少孤独,理想,癒し手,控えめで理想に生きる,閉鎖的で少しせっかちな面があり、探求心がある性格,自由主義で理想的
超内向,少即決,少挑戦,少孤独,超理想,癒し手,控えめで理想に生きる,閉鎖的で少しせっかちな面があり、探求心がある性格,自由主義で地に足がついていない
超内向,少即決,少挑戦,少仲間,超現実,調整役,周囲を見てバランスを取る人,閉鎖的で少しせっかちな面があり、探求心がある性格,温厚で超現実主義
超内向,少即決,少挑戦,少仲間,現実,調整役,周囲を見てバランスを取る人,閉鎖的で少しせっかちな面があり、探求心がある性格,温厚で現実主義
超内向,少即決,少挑戦,少仲間,少現実,調整役,周囲を見てバランスを取る人,閉鎖的で少しせっかちな面があり、探求心がある性格,温厚で現実的な側面を考慮する
超内向,少即決,少挑戦,少仲間,少理想,調整役,周囲を見てバランスを取る人,閉鎖的で少しせっかちな面があり、探求心がある性格,温厚で夢見がち
超内向,少即決,少挑戦,少仲間,理想,癒し手,控えめで理想に生きる,閉鎖的で少しせっかちな面があり、探求心がある性格,温厚で理想的
超内向,少即決,少挑戦,少仲間,超理想,癒し手,控えめで理想に生きる,閉鎖的で少しせっかちな面があり、探求心がある性格,温厚で地に足がついていない
超内向,少即決,少挑戦,仲間派,超現実,調整役,周囲を見てバランスを取る人,閉鎖的で少しせっかちな面があり、探求心がある性格,仲間思いで超現実主義
超内向,少即決,少挑戦,仲間派,現実,調整役,周囲を見てバランスを取る人,閉鎖的で少しせっかちな面があり、探求心がある性格,仲間思いで現実主義
超内向,少即決,少挑戦,仲間派,少現実,調整役,周囲を見てバランスを取る人,閉鎖的で少しせっかちな面があり、探求心がある性格,仲間思いで現実的な側面を考慮する
超内向,少即決,少挑戦,仲間派,少理想,調整役,周囲を見てバランスを取る人,閉鎖的で少しせっかちな面があり、探求心がある性格,仲間思いで夢見がち
超内向,少即決,少挑戦,仲間派,理想,癒し手,控えめで理想に生きる,閉鎖的で少しせっかちな面があり、探求心がある性格,仲間思いで理想的
超内向,少即決,少挑戦,仲間派,超理想,癒し手,控えめで理想に生きる,閉鎖的で少しせっかちな面があり、探求心がある性格,仲間思いで地に足がついていない
超内向,少即決,少挑戦,超仲間,超現実,調整役,周囲を見てバランスを取る人,閉鎖的で少しせっかちな面があり、探求心がある性格,自己犠牲精神で超現実主義
超内向,少即決,少挑戦,超仲間,現実,調整役,周囲を見てバランスを取る人,閉鎖的で少しせっかちな面があり、探求心がある性格,自己犠牲精神で現実主義
超内向,少即決,少挑戦,超仲間,少現実,調整役,周囲を見てバランスを取る人,閉鎖的で少しせっかちな面があり、探求心がある性格,自己犠牲精神で現実的な側面を考慮する
超内向,少即決,少挑戦,超仲間,少理想,調整役,周囲を見てバランスを取る人,閉鎖的で少しせっかちな面があり、探求心がある性格,自己犠牲精神で夢見がち
超内向,少即決,少挑戦,超仲間,理想,癒し手,控えめで理想に生きる,閉鎖的で少しせっかちな面があり、探求心がある性格,自己犠牲精神で理想的
超内向,少即決,少挑戦,超仲間,超理想,癒し手,控えめで理想に生きる,閉鎖的で少しせっかちな面があり、探求心がある性格,自己犠牲精神で地に足がついていない
超内向,少即決,挑戦,孤高,超現実,孤高の戦士,誰にも頼らず突き進む,閉鎖的で少しせっかちな面があり、挑戦的な性格,孤高の存在で超現実主義
超内向,少即決,挑戦,孤高,現実,孤高の戦士,誰にも頼らず突き進む,閉鎖的で少しせっかちな面があり、挑戦的な性格,孤高の存在で現実主義
超内向,少即決,挑戦,孤高,少現実,調整役,周囲を見てバランスを取る人,閉鎖的で少しせっかちな面があり、挑戦的な性格,孤高の存在で現実的な側面を考慮する
超内向,少即決,挑戦,孤高,少理想,調整役,周囲を見てバランスを取る人,閉鎖的で少しせっかちな面があり、挑戦的な性格,孤高の存在で夢見がち
超内向,少即決,挑戦,孤高,理想,癒し手,控えめで理想に生きる,閉鎖的で少しせっかちな面があり、挑戦的な性格,孤高の存在で理想的
超内向,少即決,挑戦,孤高,超理想,癒し手,控えめで理想に生きる,閉鎖的で少しせっかちな面があり、挑戦的な性格,孤高の存在で地に足がついていない
超内向,少即決,挑戦,一匹狼,超現実,孤高の戦士,誰にも頼らず突き進む,閉鎖的で少しせっかちな面があり、挑戦的な性格,一匹狼で超現実主義
超内向,少即決,挑戦,一匹狼,現実,孤高の戦士,誰にも頼らず突き進む,閉鎖的で少しせっかちな面があり、挑戦的な性格,一匹狼で現実主義
超内向,少即決,挑戦,一匹狼,少現実,調整役,周囲を見てバランスを取る人,閉鎖的で少しせっかちな面があり、挑戦的な性格,一匹狼で現実的な側面を考慮する
超内向,少即決,挑戦,一匹狼,少理想,調整役,周囲を見てバランスを取る人,閉鎖的で少しせっかちな面があり、挑戦的な性格,一匹狼で夢見がち
超内向,少即決,挑戦,一匹狼,理想,癒し手,控えめで理想に生きる,閉鎖的で少しせっかちな面があり、挑戦的な性格,一匹狼で理想的
超内向,少即決,挑戦,一匹狼,超理想,癒し手,控えめで理想に生きる,閉鎖的で少しせっかちな面があり、挑戦的な性格,一匹狼で地に足がついていない
超内向,少即決,挑戦,少孤独,超現実,調整役,周囲を見てバランスを取る人,閉鎖的で少しせっかちな面があり、挑戦的な性格,自由主義で超現実主義
超内向,少即決,挑戦,少孤独,現実,調整役,周囲を見てバランスを取る人,閉鎖的で少しせっかちな面があり、挑戦的な性格,自由主義で現実主義
超内向,少即決,挑戦,少孤独,少現実,調整役,周囲を見てバランスを取る人,閉鎖的で少しせっかちな面があり、挑戦的な性格,自由主義で現実的な側面を考慮する
超内向,少即決,挑戦,少孤独,少理想,調整役,周囲を見てバランスを取る人,閉鎖的で少しせっかちな面があり、挑戦的な性格,自由主義で夢見がち
超内向,少即決,挑戦,少孤独,理想,癒し手,控えめで理想に生きる,閉鎖的で少しせっかちな面があり、挑戦的な性格,自由主義で理想的
超内向,少即決,挑戦,少孤独,超理想,癒し手,控えめで理想に生きる,閉鎖的で少しせっかちな面があり、挑戦的な性格,自由主義で地に足がついていない
超内向,少即決,挑戦,少仲間,超現実,調整役,周囲を見てバランスを取る人,閉鎖的で少しせっかちな面があり、挑戦的な性格,温厚で超現実主義
超内向,少即決,挑戦,少仲間,現実,調整役,周囲を見てバランスを取る人,閉鎖的で少しせっかちな面があり、挑戦的な性格,温厚で現実主義
超内向,少即決,挑戦,少仲間,少現実,調整役,周囲を見てバランスを取る人,閉鎖的で少しせっかちな面があり、挑戦的な性格,温厚で現実的な側面を考慮する
超内向,少即決,挑戦,少仲間,少理想,調整役,周囲を見てバランスを取る人,閉鎖的で少しせっかちな面があり、挑戦的な性格,温厚で夢見がち
超内向,少即決,挑戦,少仲間,理想,癒し手,控えめで理想に生きる,閉鎖的で少しせっかちな面があり、挑戦的な性格,温厚で理想的
超内向,少即決,挑戦,少仲間,超理想,癒し手,控えめで理想に生きる,閉鎖的で少しせっかちな面があり、挑戦的な性格,温厚で地に足がついていない
超内向,少即決,挑戦,仲間派,超現実,調整役,周囲を見てバランスを取る人,閉鎖的で少しせっかちな面があり、挑戦的な性格,仲間思いで超現実主義
超内向,少即決,挑戦,仲間派,現実,調整役,周囲を見てバランスを取る人,閉鎖的で少しせっかちな面があり、挑戦的な性格,仲間思いで現実主義
超内向,少即決,挑戦,仲間派,少現実,調整役,周囲を見てバランスを取る人,閉鎖的で少しせっかちな面があり、挑戦的な性格,仲間思いで現実的な側面を考慮する
超内向,少即決,挑戦,仲間派,少理想,調整役,周囲を見てバランスを取る人,閉鎖的で少しせっかちな面があり、挑戦的な性格,仲間思いで夢見がち
超内向,少即決,挑戦,仲間派,理想,挑戦家,理想を掲げ挑戦を恐れない,閉鎖的で少しせっかちな面があり、挑戦的な性格,仲間思いで理想的
超内向,少即決,挑戦,仲間派,超理想,挑戦家,理想を掲げ挑戦を恐れない,閉鎖的で少しせっかちな面があり、挑戦的な性格,仲間思いで地に足がついていない
超内向,少即決,挑戦,超仲間,超現実,調整役,周囲を見てバランスを取る人,閉鎖的で少しせっかちな面があり、挑戦的な性格,自己犠牲精神で超現実主義
超内向,少即決,挑戦,超仲間,現実,調整役,周囲を見てバランスを取る人,閉鎖的で少しせっかちな面があり、挑戦的な性格,自己犠牲精神で現実主義
超内向,少即決,挑戦,超仲間,少現実,調整役,周囲を見てバランスを取る人,閉鎖的で少しせっかちな面があり、挑戦的な性格,自己犠牲精神で現実的な側面を考慮する
超内向,少即決,挑戦,超仲間,少理想,調整役,周囲を見てバランスを取る人,閉鎖的で少しせっかちな面があり、挑戦的な性格,自己犠牲精神で夢見がち
超内向,少即決,挑戦,超仲間,理想,挑戦家,理想を掲げ挑戦を恐れない,閉鎖的で少しせっかちな面があり、挑戦的な性格,自己犠牲精神で理想的
超内向,少即決,挑戦,超仲間,超理想,挑戦家,理想を掲げ挑戦を恐れない,閉鎖的で少しせっかちな面があり、挑戦的な性格,自己犠牲精神で地に足がついていない
超内向,少即決,超挑戦,孤高,超現実,孤高の戦士,誰にも頼らず突き進む,閉鎖的で少しせっかちな面があり、果敢な性格,孤高の存在で超現実主義
超内向,少即決,超挑戦,孤高,現実,孤高の戦士,誰にも頼らず突き進む,閉鎖的で少しせっかちな面があり、果敢な性格,孤高の存在で現実主義
超内向,少即決,超挑戦,孤高,少現実,調整役,周囲を見てバランスを取る人,閉鎖的で少しせっかちな面があり、果敢な性格,孤高の存在で現実的な側面を考慮する
超内向,少即決,超挑戦,孤高,少理想,調整役,周囲を見てバランスを取る人,閉鎖的で少しせっかちな面があり、果敢な性格,孤高の存在で夢見がち
超内向,少即決,超挑戦,孤高,理想,癒し手,控えめで理想に生きる,閉鎖的で少しせっかちな面があり、果敢な性格,孤高の存在で理想的
超内向,少即決,超挑戦,孤高,超理想,癒し手,控えめで理想に生きる,閉鎖的で少しせっかちな面があり、果敢な性格,孤高の存在で地に足がついていない
超内向,少即決,超挑戦,一匹狼,超現実,孤高の戦士,誰にも頼らず突き進む,閉鎖的で少しせっかちな面があり、果敢な性格,一匹狼で超現実主義
超内向,少即決,超挑戦,一匹狼,現実,孤高の戦士,誰にも頼らず突き進む,閉鎖的で少しせっかちな面があり、果敢な性格,一匹狼で現実主義
超内向,少即決,超挑戦,一匹狼,少現実,調整役,周囲を見てバランスを取る人,閉鎖的で少しせっかちな面があり、果敢な性格,一匹狼で現実的な側面を考慮する
超内向,少即決,超挑戦,一匹狼,少理想,調整役,周囲を見てバランスを取る人,閉鎖的で少しせっかちな面があり、果敢な性格,一匹狼で夢見がち
超内向,少即決,超挑戦,一匹狼,理想,癒し手,控えめで理想に生きる,閉鎖的で少しせっかちな面があり、果敢な性格,一匹狼で理想的
超内向,少即決,超挑戦,一匹狼,超理想,癒し手,控えめで理想に生きる,閉鎖的で少しせっかちな面があり、果敢な性格,一匹狼で地に足がついていない
超内向,少即決,超挑戦,少孤独,超現実,調整役,周囲を見てバランスを取る人,閉鎖的で少しせっかちな面があり、果敢な性格,自由主義で超現実主義
超内向,少即決,超挑戦,少孤独,現実,調整役,周囲を見てバランスを取る人,閉鎖的で少しせっかちな面があり、果敢な性格,自由主義で現実主義
超内向,少即決,超挑戦,少孤独,少現実,調整役,周囲を見てバランスを取る人,閉鎖的で少しせっかちな面があり、果敢な性格,自由主義で現実的な側面を考慮する
超内向,少即決,超挑戦,少孤独,少理想,調整役,周囲を見てバランスを取る人,閉鎖的で少しせっかちな面があり、果敢な性格,自由主義で夢見がち
超内向,少即決,超挑戦,少孤独,理想,癒し手,控えめで理想に生きる,閉鎖的で少しせっかちな面があり、果敢な性格,自由主義で理想的
超内向,少即決,超挑戦,少孤独,超理想,癒し手,控えめで理想に生きる,閉鎖的で少しせっかちな面があり、果敢な性格,自由主義で地に足がついていない
超内向,少即決,超挑戦,少仲間,超現実,調整役,周囲を見てバランスを取る人,閉鎖的で少しせっかちな面があり、果敢な性格,温厚で超現実主義
超内向,少即決,超挑戦,少仲間,現実,調整役,周囲を見てバランスを取る人,閉鎖的で少しせっかちな面があり、果敢な性格,温厚で現実主義
超内向,少即決,超挑戦,少仲間,少現実,調整役,周囲を見てバランスを取る人,閉鎖的で少しせっかちな面があり、果敢な性格,温厚で現実的な側面を考慮する
超内向,少即決,超挑戦,少仲間,少理想,調整役,周囲を見てバランスを取る人,閉鎖的で少しせっかちな面があり、果敢な性格,温厚で夢見がち
超内向,少即決,超挑戦,少仲間,理想,癒し手,控えめで理想に生きる,閉鎖的で少しせっかちな面があり、果敢な性格,温厚で理想的
超内向,少即決,超挑戦,少仲間,超理想,癒し手,控えめで理想に生きる,閉鎖的で少しせっかちな面があり、果敢な性格,温厚で地に足がついていない
超内向,少即決,超挑戦,仲間派,超現実,調整役,周囲を見てバランスを取る人,閉鎖的で少しせっかちな面があり、果敢な性格,仲間思いで超現実主義
超内向,少即決,超挑戦,仲間派,現実,調整役,周囲を見てバランスを取る人,閉鎖的で少しせっかちな面があり、果敢な性格,仲間思いで現実主義
超内向,少即決,超挑戦,仲間派,少現実,調整役,周囲を見てバランスを取る人,閉鎖的で少しせっかちな面があり、果敢な性格,仲間思いで現実的な側面を考慮する
超内向,少即決,超挑戦,仲間派,少理想,調整役,周囲を見てバランスを取る人,閉鎖的で少しせっかちな面があり、果敢な性格,仲間思いで夢見がち
超内向,少即決,超挑戦,仲間派,理想,挑戦家,理想を掲げ挑戦を恐れない,閉鎖的で少しせっかちな面があり、果敢な性格,仲間思いで理想的
超内向,少即決,超挑戦,仲間派,超理想,挑戦家,理想を掲げ挑戦を恐れない,閉鎖的で少しせっかちな面があり、果敢な性格,仲間思いで地に足がついていない
超内向,少即決,超挑戦,超仲間,超現実,調整役,周囲を見てバランスを取る人,閉鎖的で少しせっかちな面があり、果敢な性格,自己犠牲精神で超現実主義
超内向,少即決,超挑戦,超仲間,現実,調整役,周囲を見てバランスを取る人,閉鎖的で少しせっかちな面があり、果敢な性格,自己犠牲精神で現実主義
超内向,少即決,超挑戦,超仲間,少現実,調整役,周囲を見てバランスを取る人,閉鎖的で少しせっかちな面があり、果敢な性格,自己犠牲精神で現実的な側面を考慮する
超内向,少即決,超挑戦,超仲間,少理想,調整役,周囲を見てバランスを取る人,閉鎖的で少しせっかちな面があり、果敢な性格,自己犠牲精神で夢見がち
超内向,少即決,超挑戦,超仲間,理想,挑戦家,理想を掲げ挑戦を恐れない,閉鎖的で少しせっかちな面があり、果敢な性格,自己犠牲精神で理想的
超内向,少即決,超挑戦,超仲間,超理想,挑戦家,理想を掲げ挑戦を恐れない,閉鎖的で少しせっかちな面があり、果敢な性格,自己犠牲精神で地に足がついていない
超内向,即決,超回避,孤高,超現実,暴走隊長,突っ走る孤高タイプ,閉鎖的で直感に従う、対立を徹底的に避ける性格,孤高の存在で超現実主義
超内向,即決,超回避,孤高,現実,暴走隊長,突っ走る孤高タイプ,閉鎖的で直感に従う、対立を徹底的に避ける性格,孤高の存在で現実主義
超内向,即決,超回避,孤高,少現実,暴走隊長,突っ走る孤高タイプ,閉鎖的で直感に従う、対立を徹底的に避ける性格,孤高の存在で現実的な側面を考慮する
超内向,即決,超回避,孤高,少理想,暴走隊長,突っ走る孤高タイプ,閉鎖的で直感に従う、対立を徹底的に避ける性格,孤高の存在で夢見がち
超内向,即決,超回避,孤高,理想,癒し手,控えめで理想に生きる,閉鎖的で直感に従う、対立を徹底的に避ける性格,孤高の存在で理想的
超内向,即決,超回避,孤高,超理想,癒し手,控えめで理想に生きる,閉鎖的で直感に従う、対立を徹底的に避ける性格,孤高の存在で地に足がついていない
超内向,即決,超回避,一匹狼,超現実,暴走隊長,突っ走る孤高タイプ,閉鎖的で直感に従う、対立を徹底的に避ける性格,一匹狼で超現実主義
超内向,即決,超回避,一匹狼,現実,暴走隊長,突っ走る孤高タイプ,閉鎖的で直感に従う、対立を徹底的に避ける性格,一匹狼で現実主義
超内向,即決,超回避,一匹狼,少現実,暴走隊長,突っ走る孤高タイプ,閉鎖的で直感に従う、対立を徹底的に避ける性格,一匹狼で現実的な側面を考慮する
超内向,即決,超回避,一匹狼,少理想,暴走隊長,突っ走る孤高タイプ,閉鎖的で直感に従う、対立を徹底的に避ける性格,一匹狼で夢見がち
超内向,即決,超回避,一匹狼,理想,癒し手,控えめで理想に生きる,閉鎖的で直感に従う、対立を徹底的に避ける性格,一匹狼で理想的
超内向,即決,超回避,一匹狼,超理想,癒し手,控えめで理想に生きる,閉鎖的で直感に従う、対立を徹底的に避ける性格,一匹狼で地に足がついていない
超内向,即決,超回避,少孤独,超現実,調整役,周囲を見てバランスを取る人,閉鎖的で直感に従う、対立を徹底的に避ける性格,自由主義で超現実主義
超内向,即決,超回避,少孤独,現実,調整役,周囲を見てバランスを取る人,閉鎖的で直感に従う、対立を徹底的に避ける性格,自由主義で現実主義
超内向,即決,超回避,少孤独,少現実,調整役,周囲を見てバランスを取る人,閉鎖的で直感に従う、対立を徹底的に避ける性格,自由主義で現実的な側面を考慮する
超内向,即決,超回避,少孤独,少理想,調整役,周囲を見てバランスを取る人,閉鎖的で直感に従う、対立を徹底的に避ける性格,自由主義で夢見がち
超内向,即決,超回避,少孤独,理想,癒し手,控えめで理想に生きる,閉鎖的で直感に従う、対立を徹底的に避ける性格,自由主義で理想的
超内向,即決,超回避,少孤独,超理想,癒し手,控えめで理想に生きる,閉鎖的で直感に従う、対立を徹底的に避ける性格,自由主義で地に足がついていない
超内向,即決,超回避,少仲間,超現実,調整役,周囲を見てバランスを取る人,閉鎖的で直感に従う、対立を徹底的に避ける性格,温厚で超現実主義
超内向,即決,超回避,少仲間,現実,調整役,周囲を見てバランスを取る人,閉鎖的で直感に従う、対立を徹底的に避ける性格,温厚で現実主義
超内向,即決,超回避,少仲間,少現実,調整役,周囲を見てバランスを取る人,閉鎖的で直感に従う、対立を徹底的に避ける性格,温厚で現実的な側面を考慮する
超内向,即決,超回避,少仲間,少理想,調整役,周囲を見てバランスを取る人,閉鎖的で直感に従う、対立を徹底的に避ける性格,温厚で夢見がち
超内向,即決,超回避,少仲間,理想,癒し手,控えめで理想に生きる,閉鎖的で直感に従う、対立を徹底的に避ける性格,温厚で理想的
超内向,即決,超回避,少仲間,超理想,癒し手,控えめで理想に生きる,閉鎖的で直感に従う、対立を徹底的に避ける性格,温厚で地に足がついていない
超内向,即決,超回避,仲間派,超現実,守護者,仲間を守る頼れる存在,閉鎖的で直感に従う、対立を徹底的に避ける性格,仲間思いで超現実主義
超内向,即決,超回避,仲間派,現実,守護者,仲間を守る頼れる存在,閉鎖的で直感に従う、対立を徹底的に避ける性格,仲間思いで現実主義
超内向,即決,超回避,仲間派,少現実,守護者,仲間を守る頼れる存在,閉鎖的で直感に従う、対立を徹底的に避ける性格,仲間思いで現実的な側面を考慮する
超内向,即決,超回避,仲間派,少理想,守護者,仲間を守る頼れる存在,閉鎖的で直感に従う、対立を徹底的に避ける性格,仲間思いで夢見がち
超内向,即決,超回避,仲間派,理想,癒し手,控えめで理想に生きる,閉鎖的で直感に従う、対立を徹底的に避ける性格,仲間思いで理想的
超内向,即決,超回避,仲間派,超理想,癒し手,控えめで理想に生きる,閉鎖的で直感に従う、対立を徹底的に避ける性格,仲間思いで地に足がついていない
超内向,即決,超回避,超仲間,超現実,守護者,仲間を守る頼れる存在,閉鎖的で直感に従う、対立を徹底的に避ける性格,自己犠牲精神で超現実主義
超内向,即決,超回避,超仲間,現実,守護者,仲間を守る頼れる存在,閉鎖的で直感に従う、対立を徹底的に避ける性格,自己犠牲精神で現実主義
超内向,即決,超回避,超仲間,少現実,守護者,仲間を守る頼れる存在,閉鎖的で直感に従う、対立を徹底的に避ける性格,自己犠牲精神で現実的な側面を考慮する
超内向,即決,超回避,超仲間,少理想,守護者,仲間を守る頼れる存在,閉鎖的で直感に従う、対立を徹底的に避ける性格,自己犠牲精神で夢見がち
超内向,即決,超回避,超仲間,理想,癒し手,控えめで理想に生きる,閉鎖的で直感に従う、対立を徹底的に避ける性格,自己犠牲精神で理想的
超内向,即決,超回避,超仲間,超理想,癒し手,控えめで理想に生きる,閉鎖的で直感に従う、対立を徹底的に避ける性格,自己犠牲精神で地に足がついていない
超内向,即決,回避,孤高,超現実,暴走隊長,突っ走る孤高タイプ,閉鎖的で直感に従う、直接的な対応を好まない性格,孤高の存在で超現実主義
超内向,即決,回避,孤高,現実,暴走隊長,突っ走る孤高タイプ,閉鎖的で直感に従う、直接的な対応を好まない性格,孤高の存在で現実主義
超内向,即決,回避,孤高,少現実,暴走隊長,突っ走る孤高タイプ,閉鎖的で直感に従う、直接的な対応を好まない性格,孤高の存在で現実的な側面を考慮する
超内向,即決,回避,孤高,少理想,暴走隊長,突っ走る孤高タイプ,閉鎖的で直感に従う、直接的な対応を好まない性格,孤高の存在で夢見がち
超内向,即決,回避,孤高,理想,癒し手,控えめで理想に生きる,閉鎖的で直感に従う、直接的な対応を好まない性格,孤高の存在で理想的
超内向,即決,回避,孤高,超理想,癒し手,控えめで理想に生きる,閉鎖的で直感に従う、直接的な対応を好まない性格,孤高の存在で地に足がついていない
超内向,即決,回避,一匹狼,超現実,暴走隊長,突っ走る孤高タイプ,閉鎖的で直感に従う、直接的な対応を好まない性格,一匹狼で超現実主義
超内向,即決,回避,一匹狼,現実,暴走隊長,突っ走る孤高タイプ,閉鎖的で直感に従う、直接的な対応を好まない性格,一匹狼で現実主義
超内向,即決,回避,一匹狼,少現実,暴走隊長,突っ走る孤高タイプ,閉鎖的で直感に従う、直接的な対応を好まない性格,一匹狼で現実的な側面を考慮する
超内向,即決,回避,一匹狼,少理想,暴走隊長,突っ走る孤高タイプ,閉鎖的で直感に従う、直接的な対応を好まない性格,一匹狼で夢見がち
超内向,即決,回避,一匹狼,理想,癒し手,控えめで理想に生きる,閉鎖的で直感に従う、直接的な対応を好まない性格,一匹狼で理想的
超内向,即決,回避,一匹狼,超理想,癒し手,控えめで理想に生きる,閉鎖的で直感に従う、直接的な対応を好まない性格,一匹狼で地に足がついていない
超内向,即決,回避,少孤独,超現実,調整役,周囲を見てバランスを取る人,閉鎖的で直感に従う、直接的な対応を好まない性格,自由主義で超現実主義
超内向,即決,回避,少孤独,現実,調整役,周囲を見てバランスを取る人,閉鎖的で直感に従う、直接的な対応を好まない性格,自由主義で現実主義
超内向,即決,回避,少孤独,少現実,調整役,周囲を見てバランスを取る人,閉鎖的で直感に従う、直接的な対応を好まない性格,自由主義で現実的な側面を考慮する
超内向,即決,回避,少孤独,少理想,調整役,周囲を見てバランスを取る人,閉鎖的で直感に従う、直接的な対応を好まない性格,自由主義で夢見がち
超内向,即決,回避,少孤独,理想,癒し手,控えめで理想に生きる,閉鎖的で直感に従う、直接的な対応を好まない性格,自由主義で理想的
超内向,即決,回避,少孤独,超理想,癒し手,控えめで理想に生きる,閉鎖的で直感に従う、直接的な対応を好まない性格,自由主義で地に足がついていない
超内向,即決,回避,少仲間,超現実,調整役,周囲を見てバランスを取る人,閉鎖的で直感に従う、直接的な対応を好まない性格,温厚で超現実主義
超内向,即決,回避,少仲間,現実,調整役,周囲を見てバランスを取る人,閉鎖的で直感に従う、直接的な対応を好まない性格,温厚で現実主義
超内向,即決,回避,少仲間,少現実,調整役,周囲を見てバランスを取る人,閉鎖的で直感に従う、直接的な対応を好まない性格,温厚で現実的な側面を考慮する
超内向,即決,回避,少仲間,少理想,調整役,周囲を見てバランスを取る人,閉鎖的で直感に従う、直接的な対応を好まない性格,温厚で夢見がち
超内向,即決,回避,少仲間,理想,癒し手,控えめで理想に生きる,閉鎖的で直感に従う、直接的な対応を好まない性格,温厚で理想的
超内向,即決,回避,少仲間,超理想,癒し手,控えめで理想に生きる,閉鎖的で直感に従う、直接的な対応を好まない性格,温厚で地に足がついていない
超内向,即決,回避,仲間派,超現実,守護者,仲間を守る頼れる存在,閉鎖的で直感に従う、直接的な対応を好まない性格,仲間思いで超現実主義
超内向,即決,回避,仲間派,現実,守護者,仲間を守る頼れる存在,閉鎖的で直感に従う、直接的な対応を好まない性格,仲間思いで現実主義
超内向,即決,回避,仲間派,少現実,守護者,仲間を守る頼れる存在,閉鎖的で直感に従う、直接的な対応を好まない性格,仲間思いで現実的な側面を考慮する
超内向,即決,回避,仲間派,少理想,守護者,仲間を守る頼れる存在,閉鎖的で直感に従う、直接的な対応を好まない性格,仲間思いで夢見がち
超内向,即決,回避,仲間派,理想,癒し手,控えめで理想に生きる,閉鎖的で直感に従う、直接的な対応を好まない性格,仲間思いで理想的
超内向,即決,回避,仲間派,超理想,癒し手,控えめで理想に生きる,閉鎖的で直感に従う、直接的な対応を好まない性格,仲間思いで地に足がついていない
超内向,即決,回避,超仲間,超現実,守護者,仲間を守る頼れる存在,閉鎖的で直感に従う、直接的な対応を好まない性格,自己犠牲精神で超現実主義
超内向,即決,回避,超仲間,現実,守護者,仲間を守る頼れる存在,閉鎖的で直感に従う、直接的な対応を好まない性格,自己犠牲精神で現実主義
超内向,即決,回避,超仲間,少現実,守護者,仲間を守る頼れる存在,閉鎖的で直感に従う、直接的な対応を好まない性格,自己犠牲精神で現実的な側面を考慮する
超内向,即決,回避,超仲間,少理想,守護者,仲間を守る頼れる存在,閉鎖的で直感に従う、直接的な対応を好まない性格,自己犠牲精神で夢見がち
超内向,即決,回避,超仲間,理想,癒し手,控えめで理想に生きる,閉鎖的で直感に従う、直接的な対応を好まない性格,自己犠牲精神で理想的
超内向,即決,回避,超仲間,超理想,癒し手,控えめで理想に生きる,閉鎖的で直感に従う、直接的な対応を好まない性格,自己犠牲精神で地に足がついていない
超内向,即決,少回避,孤高,超現実,暴走隊長,突っ走る孤高タイプ,閉鎖的で直感に従う、争いごとを好まない性格,孤高の存在で超現実主義
超内向,即決,少回避,孤高,現実,暴走隊長,突っ走る孤高タイプ,閉鎖的で直感に従う、争いごとを好まない性格,孤高の存在で現実主義
超内向,即決,少回避,孤高,少現実,暴走隊長,突っ走る孤高タイプ,閉鎖的で直感に従う、争いごとを好まない性格,孤高の存在で現実的な側面を考慮する
超内向,即決,少回避,孤高,少理想,暴走隊長,突っ走る孤高タイプ,閉鎖的で直感に従う、争いごとを好まない性格,孤高の存在で夢見がち
超内向,即決,少回避,孤高,理想,癒し手,控えめで理想に生きる,閉鎖的で直感に従う、争いごとを好まない性格,孤高の存在で理想的
超内向,即決,少回避,孤高,超理想,癒し手,控えめで理想に生きる,閉鎖的で直感に従う、争いごとを好まない性格,孤高の存在で地に足がついていない
超内向,即決,少回避,一匹狼,超現実,暴走隊長,突っ走る孤高タイプ,閉鎖的で直感に従う、争いごとを好まない性格,一匹狼で超現実主義
超内向,即決,少回避,一匹狼,現実,暴走隊長,突っ走る孤高タイプ,閉鎖的で直感に従う、争いごとを好まない性格,一匹狼で現実主義
超内向,即決,少回避,一匹狼,少現実,暴走隊長,突っ走る孤高タイプ,閉鎖的で直感に従う、争いごとを好まない性格,一匹狼で現実的な側面を考慮する
超内向,即決,少回避,一匹狼,少理想,暴走隊長,突っ走る孤高タイプ,閉鎖的で直感に従う、争いごとを好まない性格,一匹狼で夢見がち
超内向,即決,少回避,一匹狼,理想,癒し手,控えめで理想に生きる,閉鎖的で直感に従う、争いごとを好まない性格,一匹狼で理想的
超内向,即決,少回避,一匹狼,超理想,癒し手,控えめで理想に生きる,閉鎖的で直感に従う、争いごとを好まない性格,一匹狼で地に足がついていない
超内向,即決,少回避,少孤独,超現実,調整役,周囲を見てバランスを取る人,閉鎖的で直感に従う、争いごとを好まない性格,自由主義で超現実主義
超内向,即決,少回避,少孤独,現実,調整役,周囲を見てバランスを取る人,閉鎖的で直感に従う、争いごとを好まない性格,自由主義で現実主義
超内向,即決,少回避,少孤独,少現実,調整役,周囲を見てバランスを取る人,閉鎖的で直感に従う、争いごとを好まない性格,自由主義で現実的な側面を考慮する
超内向,即決,少回避,少孤独,少理想,調整役,周囲を見てバランスを取る人,閉鎖的で直感に従う、争いごとを好まない性格,自由主義で夢見がち
超内向,即決,少回避,少孤独,理想,癒し手,控えめで理想に生きる,閉鎖的で直感に従う、争いごとを好まない性格,自由主義で理想的
超内向,即決,少回避,少孤独,超理想,癒し手,控えめで理想に生きる,閉鎖的で直感に従う、争いごとを好まない性格,自由主義で地に足がついていない
超内向,即決,少回避,少仲間,超現実,調整役,周囲を見てバランスを取る人,閉鎖的で直感に従う、争いごとを好まない性格,温厚で超現実主義
超内向,即決,少回避,少仲間,現実,調整役,周囲を見てバランスを取る人,閉鎖的で直感に従う、争いごとを好まない性格,温厚で現実主義
超内向,即決,少回避,少仲間,少現実,調整役,周囲を見てバランスを取る人,閉鎖的で直感に従う、争いごとを好まない性格,温厚で現実的な側面を考慮する
超内向,即決,少回避,少仲間,少理想,調整役,周囲を見てバランスを取る人,閉鎖的で直感に従う、争いごとを好まない性格,温厚で夢見がち
超内向,即決,少回避,少仲間,理想,癒し手,控えめで理想に生きる,閉鎖的で直感に従う、争いごとを好まない性格,温厚で理想的
超内向,即決,少回避,少仲間,超理想,癒し手,控えめで理想に生きる,閉鎖的で直感に従う、争いごとを好まない性格,温厚で地に足がついていない
超内向,即決,少回避,仲間派,超現実,守護者,仲間を守る頼れる存在,閉鎖的で直感に従う、争いごとを好まない性格,仲間思いで超現実主義
超内向,即決,少回避,仲間派,現実,守護者,仲間を守る頼れる存在,閉鎖的で直感に従う、争いごとを好まない性格,仲間思いで現実主義
超内向,即決,少回避,仲間派,少現実,守護者,仲間を守る頼れる存在,閉鎖的で直感に従う、争いごとを好まない性格,仲間思いで現実的な側面を考慮する
超内向,即決,少回避,仲間派,少理想,守護者,仲間を守る頼れる存在,閉鎖的で直感に従う、争いごとを好まない性格,仲間思いで夢見がち
超内向,即決,少回避,仲間派,理想,癒し手,控えめで理想に生きる,閉鎖的で直感に従う、争いごとを好まない性格,仲間思いで理想的
超内向,即決,少回避,仲間派,超理想,癒し手,控えめで理想に生きる,閉鎖的で直感に従う、争いごとを好まない性格,仲間思いで地に足がついていない
超内向,即決,少回避,超仲間,超現実,守護者,仲間を守る頼れる存在,閉鎖的で直感に従う、争いごとを好まない性格,自己犠牲精神で超現実主義
超内向,即決,少回避,超仲間,現実,守護者,仲間を守る頼れる存在,閉鎖的で直感に従う、争いごとを好まない性格,自己犠牲精神で現実主義
超内向,即決,少回避,超仲間,少現実,守護者,仲間を守る頼れる存在,閉鎖的で直感に従う、争いごとを好まない性格,自己犠牲精神で現実的な側面を考慮する
超内向,即決,少回避,超仲間,少理想,守護者,仲間を守る頼れる存在,閉鎖的で直感に従う、争いごとを好まない性格,自己犠牲精神で夢見がち
超内向,即決,少回避,超仲間,理想,癒し手,控えめで理想に生きる,閉鎖的で直感に従う、争いごとを好まない性格,自己犠牲精神で理想的
超内向,即決,少回避,超仲間,超理想,癒し手,控えめで理想に生きる,閉鎖的で直感に従う、争いごとを好まない性格,自己犠牲精神で地に足がついていない
超内向,即決,少挑戦,孤高,超現実,暴走隊長,突っ走る孤高タイプ,閉鎖的で直感に従う、探求心がある性格,孤高の存在で超現実主義
超内向,即決,少挑戦,孤高,現実,暴走隊長,突っ走る孤高タイプ,閉鎖的で直感に従う、探求心がある性格,孤高の存在で現実主義
超内向,即決,少挑戦,孤高,少現実,暴走隊長,突っ走る孤高タイプ,閉鎖的で直感に従う、探求心がある性格,孤高の存在で現実的な側面を考慮する
超内向,即決,少挑戦,孤高,少理想,暴走隊長,突っ走る孤高タイプ,閉鎖的で直感に従う、探求心がある性格,孤高の存在で夢見がち
超内向,即決,少挑戦,孤高,理想,癒し手,控えめで理想に生きる,閉鎖的で直感に従う、探求心がある性格,孤高の存在で理想的
超内向,即決,少挑戦,孤高,超理想,癒し手,控えめで理想に生きる,閉鎖的で直感に従う、探求心がある性格,孤高の存在で地に足がついていない
超内向,即決,少挑戦,一匹狼,超現実,暴走隊長,突っ走る孤高タイプ,閉鎖的で直感に従う、探求心がある性格,一匹狼で超現実主義
超内向,即決,少挑戦,一匹狼,現実,暴走隊長,突っ走る孤高タイプ,閉鎖的で直感に従う、探求心がある性格,一匹狼で現実主義
超内向,即決,少挑戦,一匹狼,少現実,暴走隊長,突っ走る孤高タイプ,閉鎖的で直感に従う、探求心がある性格,一匹狼で現実的な側面を考慮する
超内向,即決,少挑戦,一匹狼,少理想,暴走隊長,突っ走る孤高タイプ,閉鎖的で直感に従う、探求心がある性格,一匹狼で夢見がち
超内向,即決,少挑戦,一匹狼,理想,癒し手,控えめで理想に生きる,閉鎖的で直感に従う、探求心がある性格,一匹狼で理想的
超内向,即決,少挑戦,一匹狼,超理想,癒し手,控えめで理想に生きる,閉鎖的で直感に従う、探求心がある性格,一匹狼で地に足がついていない
超内向,即決,少挑戦,少孤独,超現実,調整役,周囲を見てバランスを取る人,閉鎖的で直感に従う、探求心がある性格,自由主義で超現実主義
超内向,即決,少挑戦,少孤独,現実,調整役,周囲を見てバランスを取る人,閉鎖的で直感に従う、探求心がある性格,自由主義で現実主義
超内向,即決,少挑戦,少孤独,少現実,調整役,周囲を見てバランスを取る人,閉鎖的で直感に従う、探求心がある性格,自由主義で現実的な側面を考慮する
超内向,即決,少挑戦,少孤独,少理想,調整役,周囲を見てバランスを取る人,閉鎖的で直感に従う、探求心がある性格,自由主義で夢見がち
超内向,即決,少挑戦,少孤独,理想,癒し手,控えめで理想に生きる,閉鎖的で直感に従う、探求心がある性格,自由主義で理想的
超内向,即決,少挑戦,少孤独,超理想,癒し手,控えめで理想に生きる,閉鎖的で直感に従う、探求心がある性格,自由主義で地に足がついていない
超内向,即決,少挑戦,少仲間,超現実,調整役,周囲を見てバランスを取る人,閉鎖的で直感に従う、探求心がある性格,温厚で超現実主義
超内向,即決,少挑戦,少仲間,現実,調整役,周囲を見てバランスを取る人,閉鎖的で直感に従う、探求心がある性格,温厚で現実主義
超内向,即決,少挑戦,少仲間,少現実,調整役,周囲を見てバランスを取る人,閉鎖的で直感に従う、探求心がある性格,温厚で現実的な側面を考慮する
超内向,即決,少挑戦,少仲間,少理想,調整役,周囲を見てバランスを取る人,閉鎖的で直感に従う、探求心がある性格,温厚で夢見がち
超内向,即決,少挑戦,少仲間,理想,癒し手,控えめで理想に生きる,閉鎖的で直感に従う、探求心がある性格,温厚で理想的
超内向,即決,少挑戦,少仲間,超理想,癒し手,控えめで理想に生きる,閉鎖的で直感に従う、探求心がある性格,温厚で地に足がついていない
超内向,即決,少挑戦,仲間派,超現実,調整役,周囲を見てバランスを取る人,閉鎖的で直感に従う、探求心がある性格,仲間思いで超現実主義
超内向,即決,少挑戦,仲間派,現実,調整役,周囲を見てバランスを取る人,閉鎖的で直感に従う、探求心がある性格,仲間思いで現実主義
超内向,即決,少挑戦,仲間派,少現実,調整役,周囲を見てバランスを取る人,閉鎖的で直感に従う、探求心がある性格,仲間思いで現実的な側面を考慮する
超内向,即決,少挑戦,仲間派,少理想,調整役,周囲を見てバランスを取る人,閉鎖的で直感に従う、探求心がある性格,仲間思いで夢見がち
超内向,即決,少挑戦,仲間派,理想,癒し手,控えめで理想に生きる,閉鎖的で直感に従う、探求心がある性格,仲間思いで理想的
超内向,即決,少挑戦,仲間派,超理想,癒し手,控えめで理想に生きる,閉鎖的で直感に従う、探求心がある性格,仲間思いで地に足がついていない
超内向,即決,少挑戦,超仲間,超現実,調整役,周囲を見てバランスを取る人,閉鎖的で直感に従う、探求心がある性格,自己犠牲精神で超現実主義
超内向,即決,少挑戦,超仲間,現実,調整役,周囲を見てバランスを取る人,閉鎖的で直感に従う、探求心がある性格,自己犠牲精神で現実主義
超内向,即決,少挑戦,超仲間,少現実,調整役,周囲を見てバランスを取る人,閉鎖的で直感に従う、探求心がある性格,自己犠牲精神で現実的な側面を考慮する
超内向,即決,少挑戦,超仲間,少理想,調整役,周囲を見てバランスを取る人,閉鎖的で直感に従う、探求心がある性格,自己犠牲精神で夢見がち
超内向,即決,少挑戦,超仲間,理想,癒し手,控えめで理想に生きる,閉鎖的で直感に従う、探求心がある性格,自己犠牲精神で理想的
超内向,即決,少挑戦,超仲間,超理想,癒し手,控えめで理想に生きる,閉鎖的で直感に従う、探求心がある性格,自己犠牲精神で地に足がついていない
超内向,即決,挑戦,孤高,超現実,孤高の戦士,誰にも頼らず突き進む,閉鎖的で直感に従う、挑戦的な性格,孤高の存在で超現実主義
超内向,即決,挑戦,孤高,現実,孤高の戦士,誰にも頼らず突き進む,閉鎖的で直感に従う、挑戦的な性格,孤高の存在で現実主義
超内向,即決,挑戦,孤高,少現実,暴走隊長,突っ走る孤高タイプ,閉鎖的で直感に従う、挑戦的な性格,孤高の存在で現実的な側面を考慮する
超内向,即決,挑戦,孤高,少理想,暴走隊長,突っ走る孤高タイプ,閉鎖的で直感に従う、挑戦的な性格,孤高の存在で夢見がち
超内向,即決,挑戦,孤高,理想,癒し手,控えめで理想に生きる,閉鎖的で直感に従う、挑戦的な性格,孤高の存在で理想的
超内向,即決,挑戦,孤高,超理想,癒し手,控えめで理想に生きる,閉鎖的で直感に従う、挑戦的な性格,孤高の存在で地に足がついていない
超内向,即決,挑戦,一匹狼,超現実,孤高の戦士,誰にも頼らず突き進む,閉鎖的で直感に従う、挑戦的な性格,一匹狼で超現実主義
超内向,即決,挑戦,一匹狼,現実,孤高の戦士,誰にも頼らず突き進む,閉鎖的で直感に従う、挑戦的な性格,一匹狼で現実主義
超内向,即決,挑戦,一匹狼,少現実,暴走隊長,突っ走る孤高タイプ,閉鎖的で直感に従う、挑戦的な性格,一匹狼で現実的な側面を考慮する
超内向,即決,挑戦,一匹狼,少理想,暴走隊長,突っ走る孤高タイプ,閉鎖的で直感に従う、挑戦的な性格,一匹狼で夢見がち
超内向,即決,挑戦,一匹狼,理想,癒し手,控えめで理想に生きる,閉鎖的で直感に従う、挑戦的な性格,一匹狼で理想的
超内向,即決,挑戦,一匹狼,超理想,癒し手,控えめで理想に生きる,閉鎖的で直感に従う、挑戦的な性格,一匹狼で地に足がついていない
超内向,即決,挑戦,少孤独,超現実,調整役,周囲を見てバランスを取る人,閉鎖的で直感に従う、挑戦的な性格,自由主義で超現実主義
超内向,即決,挑戦,少孤独,現実,調整役,周囲を見てバランスを取る人,閉鎖的で直感に従う、挑戦的な性格,自由主義で現実主義
超内向,即決,挑戦,少孤独,少現実,調整役,周囲を見てバランスを取る人,閉鎖的で直感に従う、挑戦的な性格,自由主義で現実的な側面を考慮する
超内向,即決,挑戦,少孤独,少理想,調整役,周囲を見てバランスを取る人,閉鎖的で直感に従う、挑戦的な性格,自由主義で夢見がち
超内向,即決,挑戦,少孤独,理想,癒し手,控えめで理想に生きる,閉鎖的で直感に従う、挑戦的な性格,自由主義で理想的
超内向,即決,挑戦,少孤独,超理想,癒し手,控えめで理想に生きる,閉鎖的で直感に従う、挑戦的な性格,自由主義で地に足がついていない
超内向,即決,挑戦,少仲間,超現実,調整役,周囲を見てバランスを取る人,閉鎖的で直感に従う、挑戦的な性格,温厚で超現実主義
超内向,即決,挑戦,少仲間,現実,調整役,周囲を見てバランスを取る人,閉鎖的で直感に従う、挑戦的な性格,温厚で現実主義
超内向,即決,挑戦,少仲間,少現実,調整役,周囲を見てバランスを取る人,閉鎖的で直感に従う、挑戦的な性格,温厚で現実的な側面を考慮する
超内向,即決,挑戦,少仲間,少理想,調整役,周囲を見てバランスを取る人,閉鎖的で直感に従う、挑戦的な性格,温厚で夢見がち
超内向,即決,挑戦,少仲間,理想,癒し手,控えめで理想に生きる,閉鎖的で直感に従う、挑戦的な性格,温厚で理想的
超内向,即決,挑戦,少仲間,超理想,癒し手,控えめで理想に生きる,閉鎖的で直感に従う、挑戦的な性格,温厚で地に足がついていない
超内向,即決,挑戦,仲間派,超現実,調整役,周囲を見てバランスを取る人,閉鎖的で直感に従う、挑戦的な性格,仲間思いで超現実主義
超内向,即決,挑戦,仲間派,現実,調整役,周囲を見てバランスを取る人,閉鎖的で直感に従う、挑戦的な性格,仲間思いで現実主義
超内向,即決,挑戦,仲間派,少現実,調整役,周囲を見てバランスを取る人,閉鎖的で直感に従う、挑戦的な性格,仲間思いで現実的な側面を考慮する
超内向,即決,挑戦,仲間派,少理想,調整役,周囲を見てバランスを取る人,閉鎖的で直感に従う、挑戦的な性格,仲間思いで夢見がち
超内向,即決,挑戦,仲間派,理想,挑戦家,理想を掲げ挑戦を恐れない,閉鎖的で直感に従う、挑戦的な性格,仲間思いで理想的
超内向,即決,挑戦,仲間派,超理想,挑戦家,理想を掲げ挑戦を恐れない,閉鎖的で直感に従う、挑戦的な性格,仲間思いで地に足がついていない
超内向,即決,挑戦,超仲間,超現実,調整役,周囲を見てバランスを取る人,閉鎖的で直感に従う、挑戦的な性格,自己犠牲精神で超現実主義
超内向,即決,挑戦,超仲間,現実,調整役,周囲を見てバランスを取る人,閉鎖的で直感に従う、挑戦的な性格,自己犠牲精神で現実主義
超内向,即決,挑戦,超仲間,少現実,調整役,周囲を見てバランスを取る人,閉鎖的で直感に従う、挑戦的な性格,自己犠牲精神で現実的な側面を考慮する
超内向,即決,挑戦,超仲間,少理想,調整役,周囲を見てバランスを取る人,閉鎖的で直感に従う、挑戦的な性格,自己犠牲精神で夢見がち
超内向,即決,挑戦,超仲間,理想,挑戦家,理想を掲げ挑戦を恐れない,閉鎖的で直感に従う、挑戦的な性格,自己犠牲精神で理想的
超内向,即決,挑戦,超仲間,超理想,挑戦家,理想を掲げ挑戦を恐れない,閉鎖的で直感に従う、挑戦的な性格,自己犠牲精神で地に足がついていない
超内向,即決,超挑戦,孤高,超現実,孤高の戦士,誰にも頼らず突き進む,閉鎖的で直感に従う、果敢な性格,孤高の存在で超現実主義
超内向,即決,超挑戦,孤高,現実,孤高の戦士,誰にも頼らず突き進む,閉鎖的で直感に従う、果敢な性格,孤高の存在で現実主義
超内向,即決,超挑戦,孤高,少現実,暴走隊長,突っ走る孤高タイプ,閉鎖的で直感に従う、果敢な性格,孤高の存在で現実的な側面を考慮する
超内向,即決,超挑戦,孤高,少理想,暴走隊長,突っ走る孤高タイプ,閉鎖的で直感に従う、果敢な性格,孤高の存在で夢見がち
超内向,即決,超挑戦,孤高,理想,癒し手,控えめで理想に生きる,閉鎖的で直感に従う、果敢な性格,孤高の存在で理想的
超内向,即決,超挑戦,孤高,超理想,癒し手,控えめで理想に生きる,閉鎖的で直感に従う、果敢な性格,孤高の存在で地に足がついていない
超内向,即決,超挑戦,一匹狼,超現実,孤高の戦士,誰にも頼らず突き進む,閉鎖的で直感に従う、果敢な性格,一匹狼で超現実主義
超内向,即決,超挑戦,一匹狼,現実,孤高の戦士,誰にも頼らず突き進む,閉鎖的で直感に従う、果敢な性格,一匹狼で現実主義
超内向,即決,超挑戦,一匹狼,少現実,暴走隊長,突っ走る孤高タイプ,閉鎖的で直感に従う、果敢な性格,一匹狼で現実的な側面を考慮する
超内向,即決,超挑戦,一匹狼,少理想,暴走隊長,突っ走る孤高タイプ,閉鎖的で直感に従う、果敢な性格,一匹狼で夢見がち
超内向,即決,超挑戦,一匹狼,理想,癒し手,控えめで理想に生きる,閉鎖的で直感に従う、果敢な性格,一匹狼で理想的
超内向,即決,超挑戦,一匹狼,超理想,癒し手,控えめで理想に生きる,閉鎖的で直感に従う、果敢な性格,一匹狼で地に足がついていない
超内向,即決,超挑戦,少孤独,超現実,調整役,周囲を見てバランスを取る人,閉鎖的で直感に従う、果敢な性格,自由主義で超現実主義
超内向,即決,超挑戦,少孤独,現実,調整役,周囲を見てバランスを取る人,閉鎖的で直感に従う、果敢な性格,自由主義で現実主義
超内向,即決,超挑戦,少孤独,少現実,調整役,周囲を見てバランスを取る人,閉鎖的で直感に従う、果敢な性格,自由主義で現実的な側面を考慮する
超内向,即決,超挑戦,少孤独,少理想,調整役,周囲を見てバランスを取る人,閉鎖的で直感に従う、果敢な性格,自由主義で夢見がち
超内向,即決,超挑戦,少孤独,理想,癒し手,控えめで理想に生きる,閉鎖的で直感に従う、果敢な性格,自由主義で理想的
超内向,即決,超挑戦,少孤独,超理想,癒し手,控えめで理想に生きる,閉鎖的で直感に従う、果敢な性格,自由主義で地に足がついていない
超内向,即決,超挑戦,少仲間,超現実,調整役,周囲を見てバランスを取る人,閉鎖的で直感に従う、果敢な性格,温厚で超現実主義
超内向,即決,超挑戦,少仲間,現実,調整役,周囲を見てバランスを取る人,閉鎖的で直感に従う、果敢な性格,温厚で現実主義
超内向,即決,超挑戦,少仲間,少現実,調整役,周囲を見てバランスを取る人,閉鎖的で直感に従う、果敢な性格,温厚で現実的な側面を考慮する
超内向,即決,超挑戦,少仲間,少理想,調整役,周囲を見てバランスを取る人,閉鎖的で直感に従う、果敢な性格,温厚で夢見がち
超内向,即決,超挑戦,少仲間,理想,癒し手,控えめで理想に生きる,閉鎖的で直感に従う、果敢な性格,温厚で理想的
超内向,即決,超挑戦,少仲間,超理想,癒し手,控えめで理想に生きる,閉鎖的で直感に従う、果敢な性格,温厚で地に足がついていない
超内向,即決,超挑戦,仲間派,超現実,調整役,周囲を見てバランスを取る人,閉鎖的で直感に従う、果敢な性格,仲間思いで超現実主義
超内向,即決,超挑戦,仲間派,現実,調整役,周囲を見てバランスを取る人,閉鎖的で直感に従う、果敢な性格,仲間思いで現実主義
超内向,即決,超挑戦,仲間派,少現実,調整役,周囲を見てバランスを取る人,閉鎖的で直感に従う、果敢な性格,仲間思いで現実的な側面を考慮する
超内向,即決,超挑戦,仲間派,少理想,調整役,周囲を見てバランスを取る人,閉鎖的で直感に従う、果敢な性格,仲間思いで夢見がち
超内向,即決,超挑戦,仲間派,理想,挑戦家,理想を掲げ挑戦を恐れない,閉鎖的で直感に従う、果敢な性格,仲間思いで理想的
超内向,即決,超挑戦,仲間派,超理想,挑戦家,理想を掲げ挑戦を恐れない,閉鎖的で直感に従う、果敢な性格,仲間思いで地に足がついていない
超内向,即決,超挑戦,超仲間,超現実,調整役,周囲を見てバランスを取る人,閉鎖的で直感に従う、果敢な性格,自己犠牲精神で超現実主義
超内向,即決,超挑戦,超仲間,現実,調整役,周囲を見てバランスを取る人,閉鎖的で直感に従う、果敢な性格,自己犠牲精神で現実主義
超内向,即決,超挑戦,超仲間,少現実,調整役,周囲を見てバランスを取る人,閉鎖的で直感に従う、果敢な性格,自己犠牲精神で現実的な側面を考慮する
超内向,即決,超挑戦,超仲間,少理想,調整役,周囲を見てバランスを取る人,閉鎖的で直感に従う、果敢な性格,自己犠牲精神で夢見がち
超内向,即決,超挑戦,超仲間,理想,挑戦家,理想を掲げ挑戦を恐れない,閉鎖的で直感に従う、果敢な性格,自己犠牲精神で理想的
超内向,即決,超挑戦,超仲間,超理想,挑戦家,理想を掲げ挑戦を恐れない,閉鎖的で直感に従う、果敢な性格,自己犠牲精神で地に足がついていない
超内向,超即決,超回避,孤高,超現実,暴走隊長,突っ走る孤高タイプ,閉鎖的で後先考えず、対立を徹底的に避ける性格,孤高の存在で超現実主義
超内向,超即決,超回避,孤高,現実,暴走隊長,突っ走る孤高タイプ,閉鎖的で後先考えず、対立を徹底的に避ける性格,孤高の存在で現実主義
超内向,超即決,超回避,孤高,少現実,暴走隊長,突っ走る孤高タイプ,閉鎖的で後先考えず、対立を徹底的に避ける性格,孤高の存在で現実的な側面を考慮する
超内向,超即決,超回避,孤高,少理想,暴走隊長,突っ走る孤高タイプ,閉鎖的で後先考えず、対立を徹底的に避ける性格,孤高の存在で夢見がち
超内向,超即決,超回避,孤高,理想,癒し手,控えめで理想に生きる,閉鎖的で後先考えず、対立を徹底的に避ける性格,孤高の存在で理想的
超内向,超即決,超回避,孤高,超理想,癒し手,控えめで理想に生きる,閉鎖的で後先考えず、対立を徹底的に避ける性格,孤高の存在で地に足がついていない
超内向,超即決,超回避,一匹狼,超現実,暴走隊長,突っ走る孤高タイプ,閉鎖的で後先考えず、対立を徹底的に避ける性格,一匹狼で超現実主義
超内向,超即決,超回避,一匹狼,現実,暴走隊長,突っ走る孤高タイプ,閉鎖的で後先考えず、対立を徹底的に避ける性格,一匹狼で現実主義
超内向,超即決,超回避,一匹狼,少現実,暴走隊長,突っ走る孤高タイプ,閉鎖的で後先考えず、対立を徹底的に避ける性格,一匹狼で現実的な側面を考慮する
超内向,超即決,超回避,一匹狼,少理想,暴走隊長,突っ走る孤高タイプ,閉鎖的で後先考えず、対立を徹底的に避ける性格,一匹狼で夢見がち
超内向,超即決,超回避,一匹狼,理想,癒し手,控えめで理想に生きる,閉鎖的で後先考えず、対立を徹底的に避ける性格,一匹狼で理想的
超内向,超即決,超回避,一匹狼,超理想,癒し手,控えめで理想に生きる,閉鎖的で後先考えず、対立を徹底的に避ける性格,一匹狼で地に足がついていない
超内向,超即決,超回避,少孤独,超現実,調整役,周囲を見てバランスを取る人,閉鎖的で後先考えず、対立を徹底的に避ける性格,自由主義で超現実主義
超内向,超即決,超回避,少孤独,現実,調整役,周囲を見てバランスを取る人,閉鎖的で後先考えず、対立を徹底的に避ける性格,自由主義で現実主義
超内向,超即決,超回避,少孤独,少現実,調整役,周囲を見てバランスを取る人,閉鎖的で後先考えず、対立を徹底的に避ける性格,自由主義で現実的な側面を考慮する
超内向,超即決,超回避,少孤独,少理想,調整役,周囲を見てバランスを取る人,閉鎖的で後先考えず、対立を徹底的に避ける性格,自由主義で夢見がち
超内向,超即決,超回避,少孤独,理想,癒し手,控えめで理想に生きる,閉鎖的で後先考えず、対立を徹底的に避ける性格,自由主義で理想的
超内向,超即決,超回避,少孤独,超理想,癒し手,控えめで理想に生きる,閉鎖的で後先考えず、対立を徹底的に避ける性格,自由主義で地に足がついていない
超内向,超即決,超回避,少仲間,超現実,調整役,周囲を見てバランスを取る人,閉鎖的で後先考えず、対立を徹底的に避ける性格,温厚で超現実主義
超内向,超即決,超回避,少仲間,現実,調整役,周囲を見てバランスを取る人,閉鎖的で後先考えず、対立を徹底的に避ける性格,温厚で現実主義
超内向,超即決,超回避,少仲間,少現実,調整役,周囲を見てバランスを取る人,閉鎖的で後先考えず、対立を徹底的に避ける性格,温厚で現実的な側面を考慮する
超内向,超即決,超回避,少仲間,少理想,調整役,周囲を見てバランスを取る人,閉鎖的で後先考えず、対立を徹底的に避ける性格,温厚で夢見がち
超内向,超即決,超回避,少仲間,理想,癒し手,控えめで理想に生きる,閉鎖的で後先考えず、対立を徹底的に避ける性格,温厚で理想的
超内向,超即決,超回避,少仲間,超理想,癒し手,控えめで理想に生きる,閉鎖的で後先考えず、対立を徹底的に避ける性格,温厚で地に足がついていない
超内向,超即決,超回避,仲間派,超現実,守護者,仲間を守る頼れる存在,閉鎖的で後先考えず、対立を徹底的に避ける性格,仲間思いで超現実主義
超内向,超即決,超回避,仲間派,現実,守護者,仲間を守る頼れる存在,閉鎖的で後先考えず、対立を徹底的に避ける性格,仲間思いで現実主義
超内向,超即決,超回避,仲間派,少現実,守護者,仲間を守る頼れる存在,閉鎖的で後先考えず、対立を徹底的に避ける性格,仲間思いで現実的な側面を考慮する
超内向,超即決,超回避,仲間派,少理想,守護者,仲間を守る頼れる存在,閉鎖的で後先考えず、対立を徹底的に避ける性格,仲間思いで夢見がち
超内向,超即決,超回避,仲間派,理想,癒し手,控えめで理想に生きる,閉鎖的で後先考えず、対立を徹底的に避ける性格,仲間思いで理想的
超内向,超即決,超回避,仲間派,超理想,癒し手,控えめで理想に生きる,閉鎖的で後先考えず、対立を徹底的に避ける性格,仲間思いで地に足がついていない
超内向,超即決,超回避,超仲間,超現実,守護者,仲間を守る頼れる存在,閉鎖的で後先考えず、対立を徹底的に避ける性格,自己犠牲精神で超現実主義
超内向,超即決,超回避,超仲間,現実,守護者,仲間を守る頼れる存在,閉鎖的で後先考えず、対立を徹底的に避ける性格,自己犠牲精神で現実主義
超内向,超即決,超回避,超仲間,少現実,守護者,仲間を守る頼れる存在,閉鎖的で後先考えず、対立を徹底的に避ける性格,自己犠牲精神で現実的な側面を考慮する
超内向,超即決,超回避,超仲間,少理想,守護者,仲間を守る頼れる存在,閉鎖的で後先考えず、対立を徹底的に避ける性格,自己犠牲精神で夢見がち
超内向,超即決,超回避,超仲間,理想,癒し手,控えめで理想に生きる,閉鎖的で後先考えず、対立を徹底的に避ける性格,自己犠牲精神で理想的
超内向,超即決,超回避,超仲間,超理想,癒し手,控えめで理想に生きる,閉鎖的で後先考えず、対立を徹底的に避ける性格,自己犠牲精神で地に足がついていない
超内向,超即決,回避,孤高,超現実,暴走隊長,突っ走る孤高タイプ,閉鎖的で後先考えず、直接的な対応を好まない性格,孤高の存在で超現実主義
超内向,超即決,回避,孤高,現実,暴走隊長,突っ走る孤高タイプ,閉鎖的で後先考えず、直接的な対応を好まない性格,孤高の存在で現実主義
超内向,超即決,回避,孤高,少現実,暴走隊長,突っ走る孤高タイプ,閉鎖的で後先考えず、直接的な対応を好まない性格,孤高の存在で現実的な側面を考慮する
超内向,超即決,回避,孤高,少理想,暴走隊長,突っ走る孤高タイプ,閉鎖的で後先考えず、直接的な対応を好まない性格,孤高の存在で夢見がち
超内向,超即決,回避,孤高,理想,癒し手,控えめで理想に生きる,閉鎖的で後先考えず、直接的な対応を好まない性格,孤高の存在で理想的
超内向,超即決,回避,孤高,超理想,癒し手,控えめで理想に生きる,閉鎖的で後先考えず、直接的な対応を好まない性格,孤高の存在で地に足がついていない
超内向,超即決,回避,一匹狼,超現実,暴走隊長,突っ走る孤高タイプ,閉鎖的で後先考えず、直接的な対応を好まない性格,一匹狼で超現実主義
超内向,超即決,回避,一匹狼,現実,暴走隊長,突っ走る孤高タイプ,閉鎖的で後先考えず、直接的な対応を好まない性格,一匹狼で現実主義
超内向,超即決,回避,一匹狼,少現実,暴走隊長,突っ走る孤高タイプ,閉鎖的で後先考えず、直接的な対応を好まない性格,一匹狼で現実的な側面を考慮する
超内向,超即決,回避,一匹狼,少理想,暴走隊長,突っ走る孤高タイプ,閉鎖的で後先考えず、直接的な対応を好まない性格,一匹狼で夢見がち
超内向,超即決,回避,一匹狼,理想,癒し手,控えめで理想に生きる,閉鎖的で後先考えず、直接的な対応を好まない性格,一匹狼で理想的
超内向,超即決,回避,一匹狼,超理想,癒し手,控えめで理想に生きる,閉鎖的で後先考えず、直接的な対応を好まない性格,一匹狼で地に足がついていない
超内向,超即決,回避,少孤独,超現実,調整役,周囲を見てバランスを取る人,閉鎖的で後先考えず、直接的な対応を好まない性格,自由主義で超現実主義
超内向,超即決,回避,少孤独,現実,調整役,周囲を見てバランスを取る人,閉鎖的で後先考えず、直接的な対応を好まない性格,自由主義で現実主義
超内向,超即決,回避,少孤独,少現実,調整役,周囲を見てバランスを取る人,閉鎖的で後先考えず、直接的な対応を好まない性格,自由主義で現実的な側面を考慮する
超内向,超即決,回避,少孤独,少理想,調整役,周囲を見てバランスを取る人,閉鎖的で後先考えず、直接的な対応を好まない性格,自由主義で夢見がち
超内向,超即決,回避,少孤独,理想,癒し手,控えめで理想に生きる,閉鎖的で後先考えず、直接的な対応を好まない性格,自由主義で理想的
超内向,超即決,回避,少孤独,超理想,癒し手,控えめで理想に生きる,閉鎖的で後先考えず、直接的な対応を好まない性格,自由主義で地に足がついていない
超内向,超即決,回避,少仲間,超現実,調整役,周囲を見てバランスを取る人,閉鎖的で後先考えず、直接的な対応を好まない性格,温厚で超現実主義
超内向,超即決,回避,少仲間,現実,調整役,周囲を見てバランスを取る人,閉鎖的で後先考えず、直接的な対応を好まない性格,温厚で現実主義
超内向,超即決,回避,少仲間,少現実,調整役,周囲を見てバランスを取る人,閉鎖的で後先考えず、直接的な対応を好まない性格,温厚で現実的な側面を考慮する
超内向,超即決,回避,少仲間,少理想,調整役,周囲を見てバランスを取る人,閉鎖的で後先考えず、直接的な対応を好まない性格,温厚で夢見がち
超内向,超即決,回避,少仲間,理想,癒し手,控えめで理想に生きる,閉鎖的で後先考えず、直接的な対応を好まない性格,温厚で理想的
超内向,超即決,回避,少仲間,超理想,癒し手,控えめで理想に生きる,閉鎖的で後先考えず、直接的な対応を好まない性格,温厚で地に足がついていない
超内向,超即決,回避,仲間派,超現実,守護者,仲間を守る頼れる存在,閉鎖的で後先考えず、直接的な対応を好まない性格,仲間思いで超現実主義
超内向,超即決,回避,仲間派,現実,守護者,仲間を守る頼れる存在,閉鎖的で後先考えず、直接的な対応を好まない性格,仲間思いで現実主義
超内向,超即決,回避,仲間派,少現実,守護者,仲間を守る頼れる存在,閉鎖的で後先考えず、直接的な対応を好まない性格,仲間思いで現実的な側面を考慮する
超内向,超即決,回避,仲間派,少理想,守護者,仲間を守る頼れる存在,閉鎖的で後先考えず、直接的な対応を好まない性格,仲間思いで夢見がち
超内向,超即決,回避,仲間派,理想,癒し手,控えめで理想に生きる,閉鎖的で後先考えず、直接的な対応を好まない性格,仲間思いで理想的
超内向,超即決,回避,仲間派,超理想,癒し手,控えめで理想に生きる,閉鎖的で後先考えず、直接的な対応を好まない性格,仲間思いで地に足がついていない
超内向,超即決,回避,超仲間,超現実,守護者,仲間を守る頼れる存在,閉鎖的で後先考えず、直接的な対応を好まない性格,自己犠牲精神で超現実主義
超内向,超即決,回避,超仲間,現実,守護者,仲間を守る頼れる存在,閉鎖的で後先考えず、直接的な対応を好まない性格,自己犠牲精神で現実主義
超内向,超即決,回避,超仲間,少現実,守護者,仲間を守る頼れる存在,閉鎖的で後先考えず、直接的な対応を好まない性格,自己犠牲精神で現実的な側面を考慮する
超内向,超即決,回避,超仲間,少理想,守護者,仲間を守る頼れる存在,閉鎖的で後先考えず、直接的な対応を好まない性格,自己犠牲精神で夢見がち
超内向,超即決,回避,超仲間,理想,癒し手,控えめで理想に生きる,閉鎖的で後先考えず、直接的な対応を好まない性格,自己犠牲精神で理想的
超内向,超即決,回避,超仲間,超理想,癒し手,控えめで理想に生きる,閉鎖的で後先考えず、直接的な対応を好まない性格,自己犠牲精神で地に足がついていない
超内向,超即決,少回避,孤高,超現実,暴走隊長,突っ走る孤高タイプ,閉鎖的で後先考えず、争いごとを好まない性格,孤高の存在で超現実主義
超内向,超即決,少回避,孤高,現実,暴走隊長,突っ走る孤高タイプ,閉鎖的で後先考えず、争いごとを好まない性格,孤高の存在で現実主義
超内向,超即決,少回避,孤高,少現実,暴走隊長,突っ走る孤高タイプ,閉鎖的で後先考えず、争いごとを好まない性格,孤高の存在で現実的な側面を考慮する
超内向,超即決,少回避,孤高,少理想,暴走隊長,突っ走る孤高タイプ,閉鎖的で後先考えず、争いごとを好まない性格,孤高の存在で夢見がち
超内向,超即決,少回避,孤高,理想,癒し手,控えめで理想に生きる,閉鎖的で後先考えず、争いごとを好まない性格,孤高の存在で理想的
超内向,超即決,少回避,孤高,超理想,癒し手,控えめで理想に生きる,閉鎖的で後先考えず、争いごとを好まない性格,孤高の存在で地に足がついていない
超内向,超即決,少回避,一匹狼,超現実,暴走隊長,突っ走る孤高タイプ,閉鎖的で後先考えず、争いごとを好まない性格,一匹狼で超現実主義
超内向,超即決,少回避,一匹狼,現実,暴走隊長,突っ走る孤高タイプ,閉鎖的で後先考えず、争いごとを好まない性格,一匹狼で現実主義
超内向,超即決,少回避,一匹狼,少現実,暴走隊長,突っ走る孤高タイプ,閉鎖的で後先考えず、争いごとを好まない性格,一匹狼で現実的な側面を考慮する
超内向,超即決,少回避,一匹狼,少理想,暴走隊長,突っ走る孤高タイプ,閉鎖的で後先考えず、争いごとを好まない性格,一匹狼で夢見がち
超内向,超即決,少回避,一匹狼,理想,癒し手,控えめで理想に生きる,閉鎖的で後先考えず、争いごとを好まない性格,一匹狼で理想的
超内向,超即決,少回避,一匹狼,超理想,癒し手,控えめで理想に生きる,閉鎖的で後先考えず、争いごとを好まない性格,一匹狼で地に足がついていない
超内向,超即決,少回避,少孤独,超現実,調整役,周囲を見てバランスを取る人,閉鎖的で後先考えず、争いごとを好まない性格,自由主義で超現実主義
超内向,超即決,少回避,少孤独,現実,調整役,周囲を見てバランスを取る人,閉鎖的で後先考えず、争いごとを好まない性格,自由主義で現実主義
超内向,超即決,少回避,少孤独,少現実,調整役,周囲を見てバランスを取る人,閉鎖的で後先考えず、争いごとを好まない性格,自由主義で現実的な側面を考慮する
超内向,超即決,少回避,少孤独,少理想,調整役,周囲を見てバランスを取る人,閉鎖的で後先考えず、争いごとを好まない性格,自由主義で夢見がち
超内向,超即決,少回避,少孤独,理想,癒し手,控えめで理想に生きる,閉鎖的で後先考えず、争いごとを好まない性格,自由主義で理想的
超内向,超即決,少回避,少孤独,超理想,癒し手,控えめで理想に生きる,閉鎖的で後先考えず、争いごとを好まない性格,自由主義で地に足がついていない
超内向,超即決,少回避,少仲間,超現実,調整役,周囲を見てバランスを取る人,閉鎖的で後先考えず、争いごとを好まない性格,温厚で超現実主義
超内向,超即決,少回避,少仲間,現実,調整役,周囲を見てバランスを取る人,閉鎖的で後先考えず、争いごとを好まない性格,温厚で現実主義
超内向,超即決,少回避,少仲間,少現実,調整役,周囲を見てバランスを取る人,閉鎖的で後先考えず、争いごとを好まない性格,温厚で現実的な側面を考慮する
超内向,超即決,少回避,少仲間,少理想,調整役,周囲を見てバランスを取る人,閉鎖的で後先考えず、争いごとを好まない性格,温厚で夢見がち
超内向,超即決,少回避,少仲間,理想,癒し手,控えめで理想に生きる,閉鎖的で後先考えず、争いごとを好まない性格,温厚で理想的
超内向,超即決,少回避,少仲間,超理想,癒し手,控えめで理想に生きる,閉鎖的で後先考えず、争いごとを好まない性格,温厚で地に足がついていない
超内向,超即決,少回避,仲間派,超現実,守護者,仲間を守る頼れる存在,閉鎖的で後先考えず、争いごとを好まない性格,仲間思いで超現実主義
超内向,超即決,少回避,仲間派,現実,守護者,仲間を守る頼れる存在,閉鎖的で後先考えず、争いごとを好まない性格,仲間思いで現実主義
超内向,超即決,少回避,仲間派,少現実,守護者,仲間を守る頼れる存在,閉鎖的で後先考えず、争いごとを好まない性格,仲間思いで現実的な側面を考慮する
超内向,超即決,少回避,仲間派,少理想,守護者,仲間を守る頼れる存在,閉鎖的で後先考えず、争いごとを好まない性格,仲間思いで夢見がち
超内向,超即決,少回避,仲間派,理想,癒し手,控えめで理想に生きる,閉鎖的で後先考えず、争いごとを好まない性格,仲間思いで理想的
超内向,超即決,少回避,仲間派,超理想,癒し手,控えめで理想に生きる,閉鎖的で後先考えず、争いごとを好まない性格,仲間思いで地に足がついていない
超内向,超即決,少回避,超仲間,超現実,守護者,仲間を守る頼れる存在,閉鎖的で後先考えず、争いごとを好まない性格,自己犠牲精神で超現実主義
超内向,超即決,少回避,超仲間,現実,守護者,仲間を守る頼れる存在,閉鎖的で後先考えず、争いごとを好まない性格,自己犠牲精神で現実主義
超内向,超即決,少回避,超仲間,少現実,守護者,仲間を守る頼れる存在,閉鎖的で後先考えず、争いごとを好まない性格,自己犠牲精神で現実的な側面を考慮する
超内向,超即決,少回避,超仲間,少理想,守護者,仲間を守る頼れる存在,閉鎖的で後先考えず、争いごとを好まない性格,自己犠牲精神で夢見がち
超内向,超即決,少回避,超仲間,理想,癒し手,控えめで理想に生きる,閉鎖的で後先考えず、争いごとを好まない性格,自己犠牲精神で理想的
超内向,超即決,少回避,超仲間,超理想,癒し手,控えめで理想に生きる,閉鎖的で後先考えず、争いごとを好まない性格,自己犠牲精神で地に足がついていない
超内向,超即決,少挑戦,孤高,超現実,暴走隊長,突っ走る孤高タイプ,閉鎖的で後先考えず、探求心がある性格,孤高の存在で超現実主義
超内向,超即決,少挑戦,孤高,現実,暴走隊長,突っ走る孤高タイプ,閉鎖的で後先考えず、探求心がある性格,孤高の存在で現実主義
超内向,超即決,少挑戦,孤高,少現実,暴走隊長,突っ走る孤高タイプ,閉鎖的で後先考えず、探求心がある性格,孤高の存在で現実的な側面を考慮する
超内向,超即決,少挑戦,孤高,少理想,暴走隊長,突っ走る孤高タイプ,閉鎖的で後先考えず、探求心がある性格,孤高の存在で夢見がち
超内向,超即決,少挑戦,孤高,理想,癒し手,控えめで理想に生きる,閉鎖的で後先考えず、探求心がある性格,孤高の存在で理想的
超内向,超即決,少挑戦,孤高,超理想,癒し手,控えめで理想に生きる,閉鎖的で後先考えず、探求心がある性格,孤高の存在で地に足がついていない
超内向,超即決,少挑戦,一匹狼,超現実,暴走隊長,突っ走る孤高タイプ,閉鎖的で後先考えず、探求心がある性格,一匹狼で超現実主義
超内向,超即決,少挑戦,一匹狼,現実,暴走隊長,突っ走る孤高タイプ,閉鎖的で後先考えず、探求心がある性格,一匹狼で現実主義
超内向,超即決,少挑戦,一匹狼,少現実,暴走隊長,突っ走る孤高タイプ,閉鎖的で後先考えず、探求心がある性格,一匹狼で現実的な側面を考慮する
超内向,超即決,少挑戦,一匹狼,少理想,暴走隊長,突っ走る孤高タイプ,閉鎖的で後先考えず、探求心がある性格,一匹狼で夢見がち
超内向,超即決,少挑戦,一匹狼,理想,癒し手,控えめで理想に生きる,閉鎖的で後先考えず、探求心がある性格,一匹狼で理想的
超内向,超即決,少挑戦,一匹狼,超理想,癒し手,控えめで理想に生きる,閉鎖的で後先考えず、探求心がある性格,一匹狼で地に足がついていない
超内向,超即決,少挑戦,少孤独,超現実,調整役,周囲を見てバランスを取る人,閉鎖的で後先考えず、探求心がある性格,自由主義で超現実主義
超内向,超即決,少挑戦,少孤独,現実,調整役,周囲を見てバランスを取る人,閉鎖的で後先考えず、探求心がある性格,自由主義で現実主義
超内向,超即決,少挑戦,少孤独,少現実,調整役,周囲を見てバランスを取る人,閉鎖的で後先考えず、探求心がある性格,自由主義で現実的な側面を考慮する
超内向,超即決,少挑戦,少孤独,少理想,調整役,周囲を見てバランスを取る人,閉鎖的で後先考えず、探求心がある性格,自由主義で夢見がち
超内向,超即決,少挑戦,少孤独,理想,癒し手,控えめで理想に生きる,閉鎖的で後先考えず、探求心がある性格,自由主義で理想的
超内向,超即決,少挑戦,少孤独,超理想,癒し手,控えめで理想に生きる,閉鎖的で後先考えず、探求心がある性格,自由主義で地に足がついていない
超内向,超即決,少挑戦,少仲間,超現実,調整役,周囲を見てバランスを取る人,閉鎖的で後先考えず、探求心がある性格,温厚で超現実主義
超内向,超即決,少挑戦,少仲間,現実,調整役,周囲を見てバランスを取る人,閉鎖的で後先考えず、探求心がある性格,温厚で現実主義
超内向,超即決,少挑戦,少仲間,少現実,調整役,周囲を見てバランスを取る人,閉鎖的で後先考えず、探求心がある性格,温厚で現実的な側面を考慮する
超内向,超即決,少挑戦,少仲間,少理想,調整役,周囲を見てバランスを取る人,閉鎖的で後先考えず、探求心がある性格,温厚で夢見がち
超内向,超即決,少挑戦,少仲間,理想,癒し手,控えめで理想に生きる,閉鎖的で後先考えず、探求心がある性格,温厚で理想的
超内向,超即決,少挑戦,少仲間,超理想,癒し手,控えめで理想に生きる,閉鎖的で後先考えず、探求心がある性格,温厚で地に足がついていない
超内向,超即決,少挑戦,仲間派,超現実,調整役,周囲を見てバランスを取る人,閉鎖的で後先考えず、探求心がある性格,仲間思いで超現実主義
超内向,超即決,少挑戦,仲間派,現実,調整役,周囲を見てバランスを取る人,閉鎖的で後先考えず、探求心がある性格,仲間思いで現実主義
超内向,超即決,少挑戦,仲間派,少現実,調整役,周囲を見てバランスを取る人,閉鎖的で後先考えず、探求心がある性格,仲間思いで現実的な側面を考慮する
超内向,超即決,少挑戦,仲間派,少理想,調整役,周囲を見てバランスを取る人,閉鎖的で後先考えず、探求心がある性格,仲間思いで夢見がち
超内向,超即決,少挑戦,仲間派,理想,癒し手,控えめで理想に生きる,閉鎖的で後先考えず、探求心がある性格,仲間思いで理想的
超内向,超即決,少挑戦,仲間派,超理想,癒し手,控えめで理想に生きる,閉鎖的で後先考えず、探求心がある性格,仲間思いで地に足がついていない
超内向,超即決,少挑戦,超仲間,超現実,調整役,周囲を見てバランスを取る人,閉鎖的で後先考えず、探求心がある性格,自己犠牲精神で超現実主義
超内向,超即決,少挑戦,超仲間,現実,調整役,周囲を見てバランスを取る人,閉鎖的で後先考えず、探求心がある性格,自己犠牲精神で現実主義
超内向,超即決,少挑戦,超仲間,少現実,調整役,周囲を見てバランスを取る人,閉鎖的で後先考えず、探求心がある性格,自己犠牲精神で現実的な側面を考慮する
超内向,超即決,少挑戦,超仲間,少理想,調整役,周囲を見てバランスを取る人,閉鎖的で後先考えず、探求心がある性格,自己犠牲精神で夢見がち
超内向,超即決,少挑戦,超仲間,理想,癒し手,控えめで理想に生きる,閉鎖的で後先考えず、探求心がある性格,自己犠牲精神で理想的
超内向,超即決,少挑戦,超仲間,超理想,癒し手,控えめで理想に生きる,閉鎖的で後先考えず、探求心がある性格,自己犠牲精神で地に足がついていない
超内向,超即決,挑戦,孤高,超現実,孤高の戦士,誰にも頼らず突き進む,閉鎖的で後先考えず、挑戦的な性格,孤高の存在で超現実主義
超内向,超即決,挑戦,孤高,現実,孤高の戦士,誰にも頼らず突き進む,閉鎖的で後先考えず、挑戦的な性格,孤高の存在で現実主義
超内向,超即決,挑戦,孤高,少現実,暴走隊長,突っ走る孤高タイプ,閉鎖的で後先考えず、挑戦的な性格,孤高の存在で現実的な側面を考慮する
超内向,超即決,挑戦,孤高,少理想,暴走隊長,突っ走る孤高タイプ,閉鎖的で後先考えず、挑戦的な性格,孤高の存在で夢見がち
超内向,超即決,挑戦,孤高,理想,癒し手,控えめで理想に生きる,閉鎖的で後先考えず、挑戦的な性格,孤高の存在で理想的
超内向,超即決,挑戦,孤高,超理想,癒し手,控えめで理想に生きる,閉鎖的で後先考えず、挑戦的な性格,孤高の存在で地に足がついていない
超内向,超即決,挑戦,一匹狼,超現実,孤高の戦士,誰にも頼らず突き進む,閉鎖的で後先考えず、挑戦的な性格,一匹狼で超現実主義
超内向,超即決,挑戦,一匹狼,現実,孤高の戦士,誰にも頼らず突き進む,閉鎖的で後先考えず、挑戦的な性格,一匹狼で現実主義
超内向,超即決,挑戦,一匹狼,少現実,暴走隊長,突っ走る孤高タイプ,閉鎖的で後先考えず、挑戦的な性格,一匹狼で現実的な側面を考慮する
超内向,超即決,挑戦,一匹狼,少理想,暴走隊長,突っ走る孤高タイプ,閉鎖的で後先考えず、挑戦的な性格,一匹狼で夢見がち
超内向,超即決,挑戦,一匹狼,理想,癒し手,控えめで理想に生きる,閉鎖的で後先考えず、挑戦的な性格,一匹狼で理想的
超内向,超即決,挑戦,一匹狼,超理想,癒し手,控えめで理想に生きる,閉鎖的で後先考えず、挑戦的な性格,一匹狼で地に足がついていない
超内向,超即決,挑戦,少孤独,超現実,調整役,周囲を見てバランスを取る人,閉鎖的で後先考えず、挑戦的な性格,自由主義で超現実主義
超内向,超即決,挑戦,少孤独,現実,調整役,周囲を見てバランスを取る人,閉鎖的で後先考えず、挑戦的な性格,自由主義で現実主義
超内向,超即決,挑戦,少孤独,少現実,調整役,周囲を見てバランスを取る人,閉鎖的で後先考えず、挑戦的な性格,自由主義で現実的な側面を考慮する
超内向,超即決,挑戦,少孤独,少理想,調整役,周囲を見てバランスを取る人,閉鎖的で後先考えず、挑戦的な性格,自由主義で夢見がち
超内向,超即決,挑戦,少孤独,理想,癒し手,控えめで理想に生きる,閉鎖的で後先考えず、挑戦的な性格,自由主義で理想的
超内向,超即決,挑戦,少孤独,超理想,癒し手,控えめで理想に生きる,閉鎖的で後先考えず、挑戦的な性格,自由主義で地に足がついていない
超内向,超即決,挑戦,少仲間,超現実,調整役,周囲を見てバランスを取る人,閉鎖的で後先考えず、挑戦的な性格,温厚で超現実主義
超内向,超即決,挑戦,少仲間,現実,調整役,周囲を見てバランスを取る人,閉鎖的で後先考えず、挑戦的な性格,温厚で現実主義
超内向,超即決,挑戦,少仲間,少現実,調整役,周囲を見てバランスを取る人,閉鎖的で後先考えず、挑戦的な性格,温厚で現実的な側面を考慮する
超内向,超即決,挑戦,少仲間,少理想,調整役,周囲を見てバランスを取る人,閉鎖的で後先考えず、挑戦的な性格,温厚で夢見がち
超内向,超即決,挑戦,少仲間,理想,癒し手,控えめで理想に生きる,閉鎖的で後先考えず、挑戦的な性格,温厚で理想的
超内向,超即決,挑戦,少仲間,超理想,癒し手,控えめで理想に生きる,閉鎖的で後先考えず、挑戦的な性格,温厚で地に足がついていない
超内向,超即決,挑戦,仲間派,超現実,調整役,周囲を見てバランスを取る人,閉鎖的で後先考えず、挑戦的な性格,仲間思いで超現実主義
超内向,超即決,挑戦,仲間派,現実,調整役,周囲を見てバランスを取る人,閉鎖的で後先考えず、挑戦的な性格,仲間思いで現実主義
超内向,超即決,挑戦,仲間派,少現実,調整役,周囲を見てバランスを取る人,閉鎖的で後先考えず、挑戦的な性格,仲間思いで現実的な側面を考慮する
超内向,超即決,挑戦,仲間派,少理想,調整役,周囲を見てバランスを取る人,閉鎖的で後先考えず、挑戦的な性格,仲間思いで夢見がち
超内向,超即決,挑戦,仲間派,理想,挑戦家,理想を掲げ挑戦を恐れない,閉鎖的で後先考えず、挑戦的な性格,仲間思いで理想的
超内向,超即決,挑戦,仲間派,超理想,挑戦家,理想を掲げ挑戦を恐れない,閉鎖的で後先考えず、挑戦的な性格,仲間思いで地に足がついていない
超内向,超即決,挑戦,超仲間,超現実,調整役,周囲を見てバランスを取る人,閉鎖的で後先考えず、挑戦的な性格,自己犠牲精神で超現実主義
超内向,超即決,挑戦,超仲間,現実,調整役,周囲を見てバランスを取る人,閉鎖的で後先考えず、挑戦的な性格,自己犠牲精神で現実主義
超内向,超即決,挑戦,超仲間,少現実,調整役,周囲を見てバランスを取る人,閉鎖的で後先考えず、挑戦的な性格,自己犠牲精神で現実的な側面を考慮する
超内向,超即決,挑戦,超仲間,少理想,調整役,周囲を見てバランスを取る人,閉鎖的で後先考えず、挑戦的な性格,自己犠牲精神で夢見がち
超内向,超即決,挑戦,超仲間,理想,挑戦家,理想を掲げ挑戦を恐れない,閉鎖的で後先考えず、挑戦的な性格,自己犠牲精神で理想的
超内向,超即決,挑戦,超仲間,超理想,挑戦家,理想を掲げ挑戦を恐れない,閉鎖的で後先考えず、挑戦的な性格,自己犠牲精神で地に足がついていない
超内向,超即決,超挑戦,孤高,超現実,孤高の戦士,誰にも頼らず突き進む,閉鎖的で後先考えず、果敢な性格,孤高の存在で超現実主義
超内向,超即決,超挑戦,孤高,現実,孤高の戦士,誰にも頼らず突き進む,閉鎖的で後先考えず、果敢な性格,孤高の存在で現実主義
超内向,超即決,超挑戦,孤高,少現実,暴走隊長,突っ走る孤高タイプ,閉鎖的で後先考えず、果敢な性格,孤高の存在で現実的な側面を考慮する
超内向,超即決,超挑戦,孤高,少理想,暴走隊長,突っ走る孤高タイプ,閉鎖的で後先考えず、果敢な性格,孤高の存在で夢見がち
超内向,超即決,超挑戦,孤高,理想,癒し手,控えめで理想に生きる,閉鎖的で後先考えず、果敢な性格,孤高の存在で理想的
超内向,超即決,超挑戦,孤高,超理想,癒し手,控えめで理想に生きる,閉鎖的で後先考えず、果敢な性格,孤高の存在で地に足がついていない
超内向,超即決,超挑戦,一匹狼,超現実,孤高の戦士,誰にも頼らず突き進む,閉鎖的で後先考えず、果敢な性格,一匹狼で超現実主義
超内向,超即決,超挑戦,一匹狼,現実,孤高の戦士,誰にも頼らず突き進む,閉鎖的で後先考えず、果敢な性格,一匹狼で現実主義
超内向,超即決,超挑戦,一匹狼,少現実,暴走隊長,突っ走る孤高タイプ,閉鎖的で後先考えず、果敢な性格,一匹狼で現実的な側面を考慮する
超内向,超即決,超挑戦,一匹狼,少理想,暴走隊長,突っ走る孤高タイプ,閉鎖的で後先考えず、果敢な性格,一匹狼で夢見がち
超内向,超即決,超挑戦,一匹狼,理想,癒し手,控えめで理想に生きる,閉鎖的で後先考えず、果敢な性格,一匹狼で理想的
超内向,超即決,超挑戦,一匹狼,超理想,癒し手,控えめで理想に生きる,閉鎖的で後先考えず、果敢な性格,一匹狼で地に足がついていない
超内向,超即決,超挑戦,少孤独,超現実,調整役,周囲を見てバランスを取る人,閉鎖的で後先考えず、果敢な性格,自由主義で超現実主義
超内向,超即決,超挑戦,少孤独,現実,調整役,周囲を見てバランスを取る人,閉鎖的で後先考えず、果敢な性格,自由主義で現実主義
超内向,超即決,超挑戦,少孤独,少現実,調整役,周囲を見てバランスを取る人,閉鎖的で後先考えず、果敢な性格,自由主義で現実的な側面を考慮する
超内向,超即決,超挑戦,少孤独,少理想,調整役,周囲を見てバランスを取る人,閉鎖的で後先考えず、果敢な性格,自由主義で夢見がち
超内向,超即決,超挑戦,少孤独,理想,癒し手,控えめで理想に生きる,閉鎖的で後先考えず、果敢な性格,自由主義で理想的
超内向,超即決,超挑戦,少孤独,超理想,癒し手,控えめで理想に生きる,閉鎖的で後先考えず、果敢な性格,自由主義で地に足がついていない
超内向,超即決,超挑戦,少仲間,超現実,調整役,周囲を見てバランスを取る人,閉鎖的で後先考えず、果敢な性格,温厚で超現実主義
超内向,超即決,超挑戦,少仲間,現実,調整役,周囲を見てバランスを取る人,閉鎖的で後先考えず、果敢な性格,温厚で現実主義
超内向,超即決,超挑戦,少仲間,少現実,調整役,周囲を見てバランスを取る人,閉鎖的で後先考えず、果敢な性格,温厚で現実的な側面を考慮する
超内向,超即決,超挑戦,少仲間,少理想,調整役,周囲を見てバランスを取る人,閉鎖的で後先考えず、果敢な性格,温厚で夢見がち
超内向,超即決,超挑戦,少仲間,理想,癒し手,控えめで理想に生きる,閉鎖的で後先考えず、果敢な性格,温厚で理想的
超内向,超即決,超挑戦,少仲間,超理想,癒し手,控えめで理想に生きる,閉鎖的で後先考えず、果敢な性格,温厚で地に足がついていない
超内向,超即決,超挑戦,仲間派,超現実,調整役,周囲を見てバランスを取る人,閉鎖的で後先考えず、果敢な性格,仲間思いで超現実主義
超内向,超即決,超挑戦,仲間派,現実,調整役,周囲を見てバランスを取る人,閉鎖的で後先考えず、果敢な性格,仲間思いで現実主義
超内向,超即決,超挑戦,仲間派,少現実,調整役,周囲を見てバランスを取る人,閉鎖的で後先考えず、果敢な性格,仲間思いで現実的な側面を考慮する
超内向,超即決,超挑戦,仲間派,少理想,調整役,周囲を見てバランスを取る人,閉鎖的で後先考えず、果敢な性格,仲間思いで夢見がち
超内向,超即決,超挑戦,仲間派,理想,挑戦家,理想を掲げ挑戦を恐れない,閉鎖的で後先考えず、果敢な性格,仲間思いで理想的
超内向,超即決,超挑戦,仲間派,超理想,挑戦家,理想を掲げ挑戦を恐れない,閉鎖的で後先考えず、果敢な性格,仲間思いで地に足がついていない
超内向,超即決,超挑戦,超仲間,超現実,調整役,周囲を見てバランスを取る人,閉鎖的で後先考えず、果敢な性格,自己犠牲精神で超現実主義
超内向,超即決,超挑戦,超仲間,現実,調整役,周囲を見てバランスを取る人,閉鎖的で後先考えず、果敢な性格,自己犠牲精神で現実主義
超内向,超即決,超挑戦,超仲間,少現実,調整役,周囲を見てバランスを取る人,閉鎖的で後先考えず、果敢な性格,自己犠牲精神で現実的な側面を考慮する
超内向,超即決,超挑戦,超仲間,少理想,調整役,周囲を見てバランスを取る人,閉鎖的で後先考えず、果敢な性格,自己犠牲精神で夢見がち
超内向,超即決,超挑戦,超仲間,理想,挑戦家,理想を掲げ挑戦を恐れない,閉鎖的で後先考えず、果敢な性格,自己犠牲精神で理想的
超内向,超即決,超挑戦,超仲間,超理想,挑戦家,理想を掲げ挑戦を恐れない,閉鎖的で後先考えず、果敢な性格,自己犠牲精神で地に足がついていない
内向,超慎重,超回避,孤高,超現実,影の参謀,裏方で支える冷静慎重派,物静かでリスクを極端に避け、対立を徹底的に避ける性格,孤高の存在で超現実主義
内向,超慎重,超回避,孤高,現実,影の参謀,裏方で支える冷静慎重派,物静かでリスクを極端に避け、対立を徹底的に避ける性格,孤高の存在で現実主義
内向,超慎重,超回避,孤高,少現実,調整役,周囲を見てバランスを取る人,物静かでリスクを極端に避け、対立を徹底的に避ける性格,孤高の存在で現実的な側面を考慮する
内向,超慎重,超回避,孤高,少理想,調整役,周囲を見てバランスを取る人,物静かでリスクを極端に避け、対立を徹底的に避ける性格,孤高の存在で夢見がち
内向,超慎重,超回避,孤高,理想,癒し手,控えめで理想に生きる,物静かでリスクを極端に避け、対立を徹底的に避ける性格,孤高の存在で理想的
内向,超慎重,超回避,孤高,超理想,癒し手,控えめで理想に生きる,物静かでリスクを極端に避け、対立を徹底的に避ける性格,孤高の存在で地に足がついていない
内向,超慎重,超回避,一匹狼,超現実,影の参謀,裏方で支える冷静慎重派,物静かでリスクを極端に避け、対立を徹底的に避ける性格,一匹狼で超現実主義
内向,超慎重,超回避,一匹狼,現実,影の参謀,裏方で支える冷静慎重派,物静かでリスクを極端に避け、対立を徹底的に避ける性格,一匹狼で現実主義
内向,超慎重,超回避,一匹狼,少現実,調整役,周囲を見てバランスを取る人,物静かでリスクを極端に避け、対立を徹底的に避ける性格,一匹狼で現実的な側面を考慮する
内向,超慎重,超回避,一匹狼,少理想,調整役,周囲を見てバランスを取る人,物静かでリスクを極端に避け、対立を徹底的に避ける性格,一匹狼で夢見がち
内向,超慎重,超回避,一匹狼,理想,癒し手,控えめで理想に生きる,物静かでリスクを極端に避け、対立を徹底的に避ける性格,一匹狼で理想的
内向,超慎重,超回避,一匹狼,超理想,癒し手,控えめで理想に生きる,物静かでリスクを極端に避け、対立を徹底的に避ける性格,一匹狼で地に足がついていない
内向,超慎重,超回避,少孤独,超現実,調整役,周囲を見てバランスを取る人,物静かでリスクを極端に避け、対立を徹底的に避ける性格,自由主義で超現実主義
内向,超慎重,超回避,少孤独,現実,調整役,周囲を見てバランスを取る人,物静かでリスクを極端に避け、対立を徹底的に避ける性格,自由主義で現実主義
内向,超慎重,超回避,少孤独,少現実,調整役,周囲を見てバランスを取る人,物静かでリスクを極端に避け、対立を徹底的に避ける性格,自由主義で現実的な側面を考慮する
内向,超慎重,超回避,少孤独,少理想,調整役,周囲を見てバランスを取る人,物静かでリスクを極端に避け、対立を徹底的に避ける性格,自由主義で夢見がち
内向,超慎重,超回避,少孤独,理想,癒し手,控えめで理想に生きる,物静かでリスクを極端に避け、対立を徹底的に避ける性格,自由主義で理想的
内向,超慎重,超回避,少孤独,超理想,癒し手,控えめで理想に生きる,物静かでリスクを極端に避け、対立を徹底的に避ける性格,自由主義で地に足がついていない
内向,超慎重,超回避,少仲間,超現実,調整役,周囲を見てバランスを取る人,物静かでリスクを極端に避け、対立を徹底的に避ける性格,温厚で超現実主義
内向,超慎重,超回避,少仲間,現実,調整役,周囲を見てバランスを取る人,物静かでリスクを極端に避け、対立を徹底的に避ける性格,温厚で現実主義
内向,超慎重,超回避,少仲間,少現実,調整役,周囲を見てバランスを取る人,物静かでリスクを極端に避け、対立を徹底的に避ける性格,温厚で現実的な側面を考慮する
内向,超慎重,超回避,少仲間,少理想,調整役,周囲を見てバランスを取る人,物静かでリスクを極端に避け、対立を徹底的に避ける性格,温厚で夢見がち
内向,超慎重,超回避,少仲間,理想,癒し手,控えめで理想に生きる,物静かでリスクを極端に避け、対立を徹底的に避ける性格,温厚で理想的
内向,超慎重,超回避,少仲間,超理想,癒し手,控えめで理想に生きる,物静かでリスクを極端に避け、対立を徹底的に避ける性格,温厚で地に足がついていない
内向,超慎重,超回避,仲間派,超現実,守護者,仲間を守る頼れる存在,物静かでリスクを極端に避け、対立を徹底的に避ける性格,仲間思いで超現実主義
内向,超慎重,超回避,仲間派,現実,守護者,仲間を守る頼れる存在,物静かでリスクを極端に避け、対立を徹底的に避ける性格,仲間思いで現実主義
内向,超慎重,超回避,仲間派,少現実,守護者,仲間を守る頼れる存在,物静かでリスクを極端に避け、対立を徹底的に避ける性格,仲間思いで現実的な側面を考慮する
内向,超慎重,超回避,仲間派,少理想,守護者,仲間を守る頼れる存在,物静かでリスクを極端に避け、対立を徹底的に避ける性格,仲間思いで夢見がち
内向,超慎重,超回避,仲間派,理想,癒し手,控えめで理想に生きる,物静かでリスクを極端に避け、対立を徹底的に避ける性格,仲間思いで理想的
内向,超慎重,超回避,仲間派,超理想,癒し手,控えめで理想に生きる,物静かでリスクを極端に避け、対立を徹底的に避ける性格,仲間思いで地に足がついていない
内向,超慎重,超回避,超仲間,超現実,守護者,仲間を守る頼れる存在,物静かでリスクを極端に避け、対立を徹底的に避ける性格,自己犠牲精神で超現実主義
内向,超慎重,超回避,超仲間,現実,守護者,仲間を守る頼れる存在,物静かでリスクを極端に避け、対立を徹底的に避ける性格,自己犠牲精神で現実主義
内向,超慎重,超回避,超仲間,少現実,守護者,仲間を守る頼れる存在,物静かでリスクを極端に避け、対立を徹底的に避ける性格,自己犠牲精神で現実的な側面を考慮する
内向,超慎重,超回避,超仲間,少理想,守護者,仲間を守る頼れる存在,物静かでリスクを極端に避け、対立を徹底的に避ける性格,自己犠牲精神で夢見がち
内向,超慎重,超回避,超仲間,理想,癒し手,控えめで理想に生きる,物静かでリスクを極端に避け、対立を徹底的に避ける性格,自己犠牲精神で理想的
内向,超慎重,超回避,超仲間,超理想,癒し手,控えめで理想に生きる,物静かでリスクを極端に避け、対立を徹底的に避ける性格,自己犠牲精神で地に足がついていない
内向,超慎重,回避,孤高,超現実,影の参謀,裏方で支える冷静慎重派,物静かでリスクを極端に避け、直接的な対応を好まない性格,孤高の存在で超現実主義
内向,超慎重,回避,孤高,現実,影の参謀,裏方で支える冷静慎重派,物静かでリスクを極端に避け、直接的な対応を好まない性格,孤高の存在で現実主義
内向,超慎重,回避,孤高,少現実,調整役,周囲を見てバランスを取る人,物静かでリスクを極端に避け、直接的な対応を好まない性格,孤高の存在で現実的な側面を考慮する
内向,超慎重,回避,孤高,少理想,調整役,周囲を見てバランスを取る人,物静かでリスクを極端に避け、直接的な対応を好まない性格,孤高の存在で夢見がち
内向,超慎重,回避,孤高,理想,癒し手,控えめで理想に生きる,物静かでリスクを極端に避け、直接的な対応を好まない性格,孤高の存在で理想的
内向,超慎重,回避,孤高,超理想,癒し手,控えめで理想に生きる,物静かでリスクを極端に避け、直接的な対応を好まない性格,孤高の存在で地に足がついていない
内向,超慎重,回避,一匹狼,超現実,影の参謀,裏方で支える冷静慎重派,物静かでリスクを極端に避け、直接的な対応を好まない性格,一匹狼で超現実主義
内向,超慎重,回避,一匹狼,現実,影の参謀,裏方で支える冷静慎重派,物静かでリスクを極端に避け、直接的な対応を好まない性格,一匹狼で現実主義
内向,超慎重,回避,一匹狼,少現実,調整役,周囲を見てバランスを取る人,物静かでリスクを極端に避け、直接的な対応を好まない性格,一匹狼で現実的な側面を考慮する
内向,超慎重,回避,一匹狼,少理想,調整役,周囲を見てバランスを取る人,物静かでリスクを極端に避け、直接的な対応を好まない性格,一匹狼で夢見がち
内向,超慎重,回避,一匹狼,理想,癒し手,控えめで理想に生きる,物静かでリスクを極端に避け、直接的な対応を好まない性格,一匹狼で理想的
内向,超慎重,回避,一匹狼,超理想,癒し手,控えめで理想に生きる,物静かでリスクを極端に避け、直接的な対応を好まない性格,一匹狼で地に足がついていない
内向,超慎重,回避,少孤独,超現実,調整役,周囲を見てバランスを取る人,物静かでリスクを極端に避け、直接的な対応を好まない性格,自由主義で超現実主義
内向,超慎重,回避,少孤独,現実,調整役,周囲を見てバランスを取る人,物静かでリスクを極端に避け、直接的な対応を好まない性格,自由主義で現実主義
内向,超慎重,回避,少孤独,少現実,調整役,周囲を見てバランスを取る人,物静かでリスクを極端に避け、直接的な対応を好まない性格,自由主義で現実的な側面を考慮する
内向,超慎重,回避,少孤独,少理想,調整役,周囲を見てバランスを取る人,物静かでリスクを極端に避け、直接的な対応を好まない性格,自由主義で夢見がち
内向,超慎重,回避,少孤独,理想,癒し手,控えめで理想に生きる,物静かでリスクを極端に避け、直接的な対応を好まない性格,自由主義で理想的
内向,超慎重,回避,少孤独,超理想,癒し手,控えめで理想に生きる,物静かでリスクを極端に避け、直接的な対応を好まない性格,自由主義で地に足がついていない
内向,超慎重,回避,少仲間,超現実,調整役,周囲を見てバランスを取る人,物静かでリスクを極端に避け、直接的な対応を好まない性格,温厚で超現実主義
内向,超慎重,回避,少仲間,現実,調整役,周囲を見てバランスを取る人,物静かでリスクを極端に避け、直接的な対応を好まない性格,温厚で現実主義
内向,超慎重,回避,少仲間,少現実,調整役,周囲を見てバランスを取る人,物静かでリスクを極端に避け、直接的な対応を好まない性格,温厚で現実的な側面を考慮する
内向,超慎重,回避,少仲間,少理想,調整役,周囲を見てバランスを取る人,物静かでリスクを極端に避け、直接的な対応を好まない性格,温厚で夢見がち
内向,超慎重,回避,少仲間,理想,癒し手,控えめで理想に生きる,物静かでリスクを極端に避け、直接的な対応を好まない性格,温厚で理想的
内向,超慎重,回避,少仲間,超理想,癒し手,控えめで理想に生きる,物静かでリスクを極端に避け、直接的な対応を好まない性格,温厚で地に足がついていない
内向,超慎重,回避,仲間派,超現実,守護者,仲間を守る頼れる存在,物静かでリスクを極端に避け、直接的な対応を好まない性格,仲間思いで超現実主義
内向,超慎重,回避,仲間派,現実,守護者,仲間を守る頼れる存在,物静かでリスクを極端に避け、直接的な対応を好まない性格,仲間思いで現実主義
内向,超慎重,回避,仲間派,少現実,守護者,仲間を守る頼れる存在,物静かでリスクを極端に避け、直接的な対応を好まない性格,仲間思いで現実的な側面を考慮する
内向,超慎重,回避,仲間派,少理想,守護者,仲間を守る頼れる存在,物静かでリスクを極端に避け、直接的な対応を好まない性格,仲間思いで夢見がち
内向,超慎重,回避,仲間派,理想,癒し手,控えめで理想に生きる,物静かでリスクを極端に避け、直接的な対応を好まない性格,仲間思いで理想的
内向,超慎重,回避,仲間派,超理想,癒し手,控えめで理想に生きる,物静かでリスクを極端に避け、直接的な対応を好まない性格,仲間思いで地に足がついていない
内向,超慎重,回避,超仲間,超現実,守護者,仲間を守る頼れる存在,物静かでリスクを極端に避け、直接的な対応を好まない性格,自己犠牲精神で超現実主義
内向,超慎重,回避,超仲間,現実,守護者,仲間を守る頼れる存在,物静かでリスクを極端に避け、直接的な対応を好まない性格,自己犠牲精神で現実主義
内向,超慎重,回避,超仲間,少現実,守護者,仲間を守る頼れる存在,物静かでリスクを極端に避け、直接的な対応を好まない性格,自己犠牲精神で現実的な側面を考慮する
内向,超慎重,回避,超仲間,少理想,守護者,仲間を守る頼れる存在,物静かでリスクを極端に避け、直接的な対応を好まない性格,自己犠牲精神で夢見がち
内向,超慎重,回避,超仲間,理想,癒し手,控えめで理想に生きる,物静かでリスクを極端に避け、直接的な対応を好まない性格,自己犠牲精神で理想的
内向,超慎重,回避,超仲間,超理想,癒し手,控えめで理想に生きる,物静かでリスクを極端に避け、直接的な対応を好まない性格,自己犠牲精神で地に足がついていない
内向,超慎重,少回避,孤高,超現実,調整役,周囲を見てバランスを取る人,物静かでリスクを極端に避け、争いごとを好まない性格,孤高の存在で超現実主義
内向,超慎重,少回避,孤高,現実,調整役,周囲を見てバランスを取る人,物静かでリスクを極端に避け、争いごとを好まない性格,孤高の存在で現実主義
内向,超慎重,少回避,孤高,少現実,調整役,周囲を見てバランスを取る人,物静かでリスクを極端に避け、争いごとを好まない性格,孤高の存在で現実的な側面を考慮する
内向,超慎重,少回避,孤高,少理想,調整役,周囲を見てバランスを取る人,物静かでリスクを極端に避け、争いごとを好まない性格,孤高の存在で夢見がち
内向,超慎重,少回避,孤高,理想,癒し手,控えめで理想に生きる,物静かでリスクを極端に避け、争いごとを好まない性格,孤高の存在で理想的
内向,超慎重,少回避,孤高,超理想,癒し手,控えめで理想に生きる,物静かでリスクを極端に避け、争いごとを好まない性格,孤高の存在で地に足がついていない
内向,超慎重,少回避,一匹狼,超現実,調整役,周囲を見てバランスを取る人,物静かでリスクを極端に避け、争いごとを好まない性格,一匹狼で超現実主義
内向,超慎重,少回避,一匹狼,現実,調整役,周囲を見てバランスを取る人,物静かでリスクを極端に避け、争いごとを好まない性格,一匹狼で現実主義
内向,超慎重,少回避,一匹狼,少現実,調整役,周囲を見てバランスを取る人,物静かでリスクを極端に避け、争いごとを好まない性格,一匹狼で現実的な側面を考慮する
内向,超慎重,少回避,一匹狼,少理想,調整役,周囲を見てバランスを取る人,物静かでリスクを極端に避け、争いごとを好まない性格,一匹狼で夢見がち
内向,超慎重,少回避,一匹狼,理想,癒し手,控えめで理想に生きる,物静かでリスクを極端に避け、争いごとを好まない性格,一匹狼で理想的
内向,超慎重,少回避,一匹狼,超理想,癒し手,控えめで理想に生きる,物静かでリスクを極端に避け、争いごとを好まない性格,一匹狼で地に足がついていない
内向,超慎重,少回避,少孤独,超現実,調整役,周囲を見てバランスを取る人,物静かでリスクを極端に避け、争いごとを好まない性格,自由主義で超現実主義
内向,超慎重,少回避,少孤独,現実,調整役,周囲を見てバランスを取る人,物静かでリスクを極端に避け、争いごとを好まない性格,自由主義で現実主義
内向,超慎重,少回避,少孤独,少現実,調整役,周囲を見てバランスを取る人,物静かでリスクを極端に避け、争いごとを好まない性格,自由主義で現実的な側面を考慮する
内向,超慎重,少回避,少孤独,少理想,調整役,周囲を見てバランスを取る人,物静かでリスクを極端に避け、争いごとを好まない性格,自由主義で夢見がち
内向,超慎重,少回避,少孤独,理想,癒し手,控えめで理想に生きる,物静かでリスクを極端に避け、争いごとを好まない性格,自由主義で理想的
内向,超慎重,少回避,少孤独,超理想,癒し手,控えめで理想に生きる,物静かでリスクを極端に避け、争いごとを好まない性格,自由主義で地に足がついていない
内向,超慎重,少回避,少仲間,超現実,調整役,周囲を見てバランスを取る人,物静かでリスクを極端に避け、争いごとを好まない性格,温厚で超現実主義
内向,超慎重,少回避,少仲間,現実,調整役,周囲を見てバランスを取る人,物静かでリスクを極端に避け、争いごとを好まない性格,温厚で現実主義
内向,超慎重,少回避,少仲間,少現実,調整役,周囲を見てバランスを取る人,物静かでリスクを極端に避け、争いごとを好まない性格,温厚で現実的な側面を考慮する
内向,超慎重,少回避,少仲間,少理想,調整役,周囲を見てバランスを取る人,物静かでリスクを極端に避け、争いごとを好まない性格,温厚で夢見がち
内向,超慎重,少回避,少仲間,理想,癒し手,控えめで理想に生きる,物静かでリスクを極端に避け、争いごとを好まない性格,温厚で理想的
内向,超慎重,少回避,少仲間,超理想,癒し手,控えめで理想に生きる,物静かでリスクを極端に避け、争いごとを好まない性格,温厚で地に足がついていない
内向,超慎重,少回避,仲間派,超現実,守護者,仲間を守る頼れる存在,物静かでリスクを極端に避け、争いごとを好まない性格,仲間思いで超現実主義
内向,超慎重,少回避,仲間派,現実,守護者,仲間を守る頼れる存在,物静かでリスクを極端に避け、争いごとを好まない性格,仲間思いで現実主義
内向,超慎重,少回避,仲間派,少現実,守護者,仲間を守る頼れる存在,物静かでリスクを極端に避け、争いごとを好まない性格,仲間思いで現実的な側面を考慮する
内向,超慎重,少回避,仲間派,少理想,守護者,仲間を守る頼れる存在,物静かでリスクを極端に避け、争いごとを好まない性格,仲間思いで夢見がち
内向,超慎重,少回避,仲間派,理想,癒し手,控えめで理想に生きる,物静かでリスクを極端に避け、争いごとを好まない性格,仲間思いで理想的
内向,超慎重,少回避,仲間派,超理想,癒し手,控えめで理想に生きる,物静かでリスクを極端に避け、争いごとを好まない性格,仲間思いで地に足がついていない
内向,超慎重,少回避,超仲間,超現実,守護者,仲間を守る頼れる存在,物静かでリスクを極端に避け、争いごとを好まない性格,自己犠牲精神で超現実主義
内向,超慎重,少回避,超仲間,現実,守護者,仲間を守る頼れる存在,物静かでリスクを極端に避け、争いごとを好まない性格,自己犠牲精神で現実主義
内向,超慎重,少回避,超仲間,少現実,守護者,仲間を守る頼れる存在,物静かでリスクを極端に避け、争いごとを好まない性格,自己犠牲精神で現実的な側面を考慮する
内向,超慎重,少回避,超仲間,少理想,守護者,仲間を守る頼れる存在,物静かでリスクを極端に避け、争いごとを好まない性格,自己犠牲精神で夢見がち
内向,超慎重,少回避,超仲間,理想,癒し手,控えめで理想に生きる,物静かでリスクを極端に避け、争いごとを好まない性格,自己犠牲精神で理想的
内向,超慎重,少回避,超仲間,超理想,癒し手,控えめで理想に生きる,物静かでリスクを極端に避け、争いごとを好まない性格,自己犠牲精神で地に足がついていない
内向,超慎重,少挑戦,孤高,超現実,調整役,周囲を見てバランスを取る人,物静かでリスクを極端に避け、探求心がある性格,孤高の存在で超現実主義
内向,超慎重,少挑戦,孤高,現実,調整役,周囲を見てバランスを取る人,物静かでリスクを極端に避け、探求心がある性格,孤高の存在で現実主義
内向,超慎重,少挑戦,孤高,少現実,調整役,周囲を見てバランスを取る人,物静かでリスクを極端に避け、探求心がある性格,孤高の存在で現実的な側面を考慮する
内向,超慎重,少挑戦,孤高,少理想,調整役,周囲を見てバランスを取る人,物静かでリスクを極端に避け、探求心がある性格,孤高の存在で夢見がち
内向,超慎重,少挑戦,孤高,理想,癒し手,控えめで理想に生きる,物静かでリスクを極端に避け、探求心がある性格,孤高の存在で理想的
内向,超慎重,少挑戦,孤高,超理想,癒し手,控えめで理想に生きる,物静かでリスクを極端に避け、探求心がある性格,孤高の存在で地に足がついていない
内向,超慎重,少挑戦,一匹狼,超現実,調整役,周囲を見てバランスを取る人,物静かでリスクを極端に避け、探求心がある性格,一匹狼で超現実主義
内向,超慎重,少挑戦,一匹狼,現実,調整役,周囲を見てバランスを取る人,物静かでリスクを極端に避け、探求心がある性格,一匹狼で現実主義
内向,超慎重,少挑戦,一匹狼,少現実,調整役,周囲を見てバランスを取る人,物静かでリスクを極端に避け、探求心がある性格,一匹狼で現実的な側面を考慮する
内向,超慎重,少挑戦,一匹狼,少理想,調整役,周囲を見てバランスを取る人,物静かでリスクを極端に避け、探求心がある性格,一匹狼で夢見がち
内向,超慎重,少挑戦,一匹狼,理想,癒し手,控えめで理想に生きる,物静かでリスクを極端に避け、探求心がある性格,一匹狼で理想的
内向,超慎重,少挑戦,一匹狼,超理想,癒し手,控えめで理想に生きる,物静かでリスクを極端に避け、探求心がある性格,一匹狼で地に足がついていない
内向,超慎重,少挑戦,少孤独,超現実,調整役,周囲を見てバランスを取る人,物静かでリスクを極端に避け、探求心がある性格,自由主義で超現実主義
内向,超慎重,少挑戦,少孤独,現実,調整役,周囲を見てバランスを取る人,物静かでリスクを極端に避け、探求心がある性格,自由主義で現実主義
内向,超慎重,少挑戦,少孤独,少現実,調整役,周囲を見てバランスを取る人,物静かでリスクを極端に避け、探求心がある性格,自由主義で現実的な側面を考慮する
内向,超慎重,少挑戦,少孤独,少理想,調整役,周囲を見てバランスを取る人,物静かでリスクを極端に避け、探求心がある性格,自由主義で夢見がち
内向,超慎重,少挑戦,少孤独,理想,癒し手,控えめで理想に生きる,物静かでリスクを極端に避け、探求心がある性格,自由主義で理想的
内向,超慎重,少挑戦,少孤独,超理想,癒し手,控えめで理想に生きる,物静かでリスクを極端に避け、探求心がある性格,自由主義で地に足がついていない
内向,超慎重,少挑戦,少仲間,超現実,調整役,周囲を見てバランスを取る人,物静かでリスクを極端に避け、探求心がある性格,温厚で超現実主義
内向,超慎重,少挑戦,少仲間,現実,調整役,周囲を見てバランスを取る人,物静かでリスクを極端に避け、探求心がある性格,温厚で現実主義
内向,超慎重,少挑戦,少仲間,少現実,調整役,周囲を見てバランスを取る人,物静かでリスクを極端に避け、探求心がある性格,温厚で現実的な側面を考慮する
内向,超慎重,少挑戦,少仲間,少理想,調整役,周囲を見てバランスを取る人,物静かでリスクを極端に避け、探求心がある性格,温厚で夢見がち
内向,超慎重,少挑戦,少仲間,理想,癒し手,控えめで理想に生きる,物静かでリスクを極端に避け、探求心がある性格,温厚で理想的
内向,超慎重,少挑戦,少仲間,超理想,癒し手,控えめで理想に生きる,物静かでリスクを極端に避け、探求心がある性格,温厚で地に足がついていない
内向,超慎重,少挑戦,仲間派,超現実,調整役,周囲を見てバランスを取る人,物静かでリスクを極端に避け、探求心がある性格,仲間思いで超現実主義
内向,超慎重,少挑戦,仲間派,現実,調整役,周囲を見てバランスを取る人,物静かでリスクを極端に避け、探求心がある性格,仲間思いで現実主義
内向,超慎重,少挑戦,仲間派,少現実,調整役,周囲を見てバランスを取る人,物静かでリスクを極端に避け、探求心がある性格,仲間思いで現実的な側面を考慮する
内向,超慎重,少挑戦,仲間派,少理想,調整役,周囲を見てバランスを取る人,物静かでリスクを極端に避け、探求心がある性格,仲間思いで夢見がち
内向,超慎重,少挑戦,仲間派,理想,癒し手,控えめで理想に生きる,物静かでリスクを極端に避け、探求心がある性格,仲間思いで理想的
内向,超慎重,少挑戦,仲間派,超理想,癒し手,控えめで理想に生きる,物静かでリスクを極端に避け、探求心がある性格,仲間思いで地に足がついていない
内向,超慎重,少挑戦,超仲間,超現実,調整役,周囲を見てバランスを取る人,物静かでリスクを極端に避け、探求心がある性格,自己犠牲精神で超現実主義
内向,超慎重,少挑戦,超仲間,現実,調整役,周囲を見てバランスを取る人,物静かでリスクを極端に避け、探求心がある性格,自己犠牲精神で現実主義
内向,超慎重,少挑戦,超仲間,少現実,調整役,周囲を見てバランスを取る人,物静かでリスクを極端に避け、探求心がある性格,自己犠牲精神で現実的な側面を考慮する
内向,超慎重,少挑戦,超仲間,少理想,調整役,周囲を見てバランスを取る人,物静かでリスクを極端に避け、探求心がある性格,自己犠牲精神で夢見がち
内向,超慎重,少挑戦,超仲間,理想,癒し手,控えめで理想に生きる,物静かでリスクを極端に避け、探求心がある性格,自己犠牲精神で理想的
内向,超慎重,少挑戦,超仲間,超理想,癒し手,控えめで理想に生きる,物静かでリスクを極端に避け、探求心がある性格,自己犠牲精神で地に足がついていない
内向,超慎重,挑戦,孤高,超現実,孤高の戦士,誰にも頼らず突き進む,物静かでリスクを極端に避け、挑戦的な性格,孤高の存在で超現実主義
内向,超慎重,挑戦,孤高,現実,孤高の戦士,誰にも頼らず突き進む,物静かでリスクを極端に避け、挑戦的な性格,孤高の存在で現実主義
内向,超慎重,挑戦,孤高,少現実,策略家,冷静に挑む策士,物静かでリスクを極端に避け、挑戦的な性格,孤高の存在で現実的な側面を考慮する
内向,超慎重,挑戦,孤高,少理想,策略家,冷静に挑む策士,物静かでリスクを極端に避け、挑戦的な性格,孤高の存在で夢見がち
内向,超慎重,挑戦,孤高,理想,癒し手,控えめで理想に生きる,物静かでリスクを極端に避け、挑戦的な性格,孤高の存在で理想的
内向,超慎重,挑戦,孤高,超理想,癒し手,控えめで理想に生きる,物静かでリスクを極端に避け、挑戦的な性格,孤高の存在で地に足がついていない
内向,超慎重,挑戦,一匹狼,超現実,孤高の戦士,誰にも頼らず突き進む,物静かでリスクを極端に避け、挑戦的な性格,一匹狼で超現実主義
内向,超慎重,挑戦,一匹狼,現実,孤高の戦士,誰にも頼らず突き進む,物静かでリスクを極端に避け、挑戦的な性格,一匹狼で現実主義
内向,超慎重,挑戦,一匹狼,少現実,策略家,冷静に挑む策士,物静かでリスクを極端に避け、挑戦的な性格,一匹狼で現実的な側面を考慮する
内向,超慎重,挑戦,一匹狼,少理想,策略家,冷静に挑む策士,物静かでリスクを極端に避け、挑戦的な性格,一匹狼で夢見がち
内向,超慎重,挑戦,一匹狼,理想,癒し手,控えめで理想に生きる,物静かでリスクを極端に避け、挑戦的な性格,一匹狼で理想的
内向,超慎重,挑戦,一匹狼,超理想,癒し手,控えめで理想に生きる,物静かでリスクを極端に避け、挑戦的な性格,一匹狼で地に足がついていない
内向,超慎重,挑戦,少孤独,超現実,策略家,冷静に挑む策士,物静かでリスクを極端に避け、挑戦的な性格,自由主義で超現実主義
内向,超慎重,挑戦,少孤独,現実,策略家,冷静に挑む策士,物静かでリスクを極端に避け、挑戦的な性格,自由主義で現実主義
内向,超慎重,挑戦,少孤独,少現実,策略家,冷静に挑む策士,物静かでリスクを極端に避け、挑戦的な性格,自由主義で現実的な側面を考慮する
内向,超慎重,挑戦,少孤独,少理想,策略家,冷静に挑む策士,物静かでリスクを極端に避け、挑戦的な性格,自由主義で夢見がち
内向,超慎重,挑戦,少孤独,理想,癒し手,控えめで理想に生きる,物静かでリスクを極端に避け、挑戦的な性格,自由主義で理想的
内向,超慎重,挑戦,少孤独,超理想,癒し手,控えめで理想に生きる,物静かでリスクを極端に避け、挑戦的な性格,自由主義で地に足がついていない
内向,超慎重,挑戦,少仲間,超現実,策略家,冷静に挑む策士,物静かでリスクを極端に避け、挑戦的な性格,温厚で超現実主義
内向,超慎重,挑戦,少仲間,現実,策略家,冷静に挑む策士,物静かでリスクを極端に避け、挑戦的な性格,温厚で現実主義
内向,超慎重,挑戦,少仲間,少現実,策略家,冷静に挑む策士,物静かでリスクを極端に避け、挑戦的な性格,温厚で現実的な側面を考慮する
内向,超慎重,挑戦,少仲間,少理想,策略家,冷静に挑む策士,物静かでリスクを極端に避け、挑戦的な性格,温厚で夢見がち
内向,超慎重,挑戦,少仲間,理想,癒し手,控えめで理想に生きる,物静かでリスクを極端に避け、挑戦的な性格,温厚で理想的
内向,超慎重,挑戦,少仲間,超理想,癒し手,控えめで理想に生きる,物静かでリスクを極端に避け、挑戦的な性格,温厚で地に足がついていない
内向,超慎重,挑戦,仲間派,超現実,策略家,冷静に挑む策士,物静かでリスクを極端に避け、挑戦的な性格,仲間思いで超現実主義
内向,超慎重,挑戦,仲間派,現実,策略家,冷静に挑む策士,物静かでリスクを極端に避け、挑戦的な性格,仲間思いで現実主義
内向,超慎重,挑戦,仲間派,少現実,策略家,冷静に挑む策士,物静かでリスクを極端に避け、挑戦的な性格,仲間思いで現実的な側面を考慮する
内向,超慎重,挑戦,仲間派,少理想,策略家,冷静に挑む策士,物静かでリスクを極端に避け、挑戦的な性格,仲間思いで夢見がち
内向,超慎重,挑戦,仲間派,理想,挑戦家,理想を掲げ挑戦を恐れない,物静かでリスクを極端に避け、挑戦的な性格,仲間思いで理想的
内向,超慎重,挑戦,仲間派,超理想,挑戦家,理想を掲げ挑戦を恐れない,物静かでリスクを極端に避け、挑戦的な性格,仲間思いで地に足がついていない
内向,超慎重,挑戦,超仲間,超現実,策略家,冷静に挑む策士,物静かでリスクを極端に避け、挑戦的な性格,自己犠牲精神で超現実主義
内向,超慎重,挑戦,超仲間,現実,策略家,冷静に挑む策士,物静かでリスクを極端に避け、挑戦的な性格,自己犠牲精神で現実主義
内向,超慎重,挑戦,超仲間,少現実,策略家,冷静に挑む策士,物静かでリスクを極端に避け、挑戦的な性格,自己犠牲精神で現実的な側面を考慮する
内向,超慎重,挑戦,超仲間,少理想,策略家,冷静に挑む策士,物静かでリスクを極端に避け、挑戦的な性格,自己犠牲精神で夢見がち
内向,超慎重,挑戦,超仲間,理想,挑戦家,理想を掲げ挑戦を恐れない,物静かでリスクを極端に避け、挑戦的な性格,自己犠牲精神で理想的
内向,超慎重,挑戦,超仲間,超理想,挑戦家,理想を掲げ挑戦を恐れない,物静かでリスクを極端に避け、挑戦的な性格,自己犠牲精神で地に足がついていない
内向,超慎重,超挑戦,孤高,超現実,孤高の戦士,誰にも頼らず突き進む,物静かでリスクを極端に避け、果敢な性格,孤高の存在で超現実主義
内向,超慎重,超挑戦,孤高,現実,孤高の戦士,誰にも頼らず突き進む,物静かでリスクを極端に避け、果敢な性格,孤高の存在で現実主義
内向,超慎重,超挑戦,孤高,少現実,策略家,冷静に挑む策士,物静かでリスクを極端に避け、果敢な性格,孤高の存在で現実的な側面を考慮する
内向,超慎重,超挑戦,孤高,少理想,策略家,冷静に挑む策士,物静かでリスクを極端に避け、果敢な性格,孤高の存在で夢見がち
内向,超慎重,超挑戦,孤高,理想,癒し手,控えめで理想に生きる,物静かでリスクを極端に避け、果敢な性格,孤高の存在で理想的
内向,超慎重,超挑戦,孤高,超理想,癒し手,控えめで理想に生きる,物静かでリスクを極端に避け、果敢な性格,孤高の存在で地に足がついていない
内向,超慎重,超挑戦,一匹狼,超現実,孤高の戦士,誰にも頼らず突き進む,物静かでリスクを極端に避け、果敢な性格,一匹狼で超現実主義
内向,超慎重,超挑戦,一匹狼,現実,孤高の戦士,誰にも頼らず突き進む,物静かでリスクを極端に避け、果敢な性格,一匹狼で現実主義
内向,超慎重,超挑戦,一匹狼,少現実,策略家,冷静に挑む策士,物静かでリスクを極端に避け、果敢な性格,一匹狼で現実的な側面を考慮する
内向,超慎重,超挑戦,一匹狼,少理想,策略家,冷静に挑む策士,物静かでリスクを極端に避け、果敢な性格,一匹狼で夢見がち
内向,超慎重,超挑戦,一匹狼,理想,癒し手,控えめで理想に生きる,物静かでリスクを極端に避け、果敢な性格,一匹狼で理想的
内向,超慎重,超挑戦,一匹狼,超理想,癒し手,控えめで理想に生きる,物静かでリスクを極端に避け、果敢な性格,一匹狼で地に足がついていない
内向,超慎重,超挑戦,少孤独,超現実,策略家,冷静に挑む策士,物静かでリスクを極端に避け、果敢な性格,自由主義で超現実主義
内向,超慎重,超挑戦,少孤独,現実,策略家,冷静に挑む策士,物静かでリスクを極端に避け、果敢な性格,自由主義で現実主義
内向,超慎重,超挑戦,少孤独,少現実,策略家,冷静に挑む策士,物静かでリスクを極端に避け、果敢な性格,自由主義で現実的な側面を考慮する
内向,超慎重,超挑戦,少孤独,少理想,策略家,冷静に挑む策士,物静かでリスクを極端に避け、果敢な性格,自由主義で夢見がち
内向,超慎重,超挑戦,少孤独,理想,癒し手,控えめで理想に生きる,物静かでリスクを極端に避け、果敢な性格,自由主義で理想的
内向,超慎重,超挑戦,少孤独,超理想,癒し手,控えめで理想に生きる,物静かでリスクを極端に避け、果敢な性格,自由主義で地に足がついていない
内向,超慎重,超挑戦,少仲間,超現実,策略家,冷静に挑む策士,物静かでリスクを極端に避け、果敢な性格,温厚で超現実主義
内向,超慎重,超挑戦,少仲間,現実,策略家,冷静に挑む策士,物静かでリスクを極端に避け、果敢な性格,温厚で現実主義
内向,超慎重,超挑戦,少仲間,少現実,策略家,冷静に挑む策士,物静かでリスクを極端に避け、果敢な性格,温厚で現実的な側面を考慮する
内向,超慎重,超挑戦,少仲間,少理想,策略家,冷静に挑む策士,物静かでリスクを極端に避け、果敢な性格,温厚で夢見がち
内向,超慎重,超挑戦,少仲間,理想,癒し手,控えめで理想に生きる,物静かでリスクを極端に避け、果敢な性格,温厚で理想的
内向,超慎重,超挑戦,少仲間,超理想,癒し手,控えめで理想に生きる,物静かでリスクを極端に避け、果敢な性格,温厚で地に足がついていない
内向,超慎重,超挑戦,仲間派,超現実,策略家,冷静に挑む策士,物静かでリスクを極端に避け、果敢な性格,仲間思いで超現実主義
内向,超慎重,超挑戦,仲間派,現実,策略家,冷静に挑む策士,物静かでリスクを極端に避け、果敢な性格,仲間思いで現実主義
内向,超慎重,超挑戦,仲間派,少現実,策略家,冷静に挑む策士,物静かでリスクを極端に避け、果敢な性格,仲間思いで現実的な側面を考慮する
内向,超慎重,超挑戦,仲間派,少理想,策略家,冷静に挑む策士,物静かでリスクを極端に避け、果敢な性格,仲間思いで夢見がち
内向,超慎重,超挑戦,仲間派,理想,挑戦家,理想を掲げ挑戦を恐れない,物静かでリスクを極端に避け、果敢な性格,仲間思いで理想的
内向,超慎重,超挑戦,仲間派,超理想,挑戦家,理想を掲げ挑戦を恐れない,物静かでリスクを極端に避け、果敢な性格,仲間思いで地に足がついていない
内向,超慎重,超挑戦,超仲間,超現実,策略家,冷静に挑む策士,物静かでリスクを極端に避け、果敢な性格,自己犠牲精神で超現実主義
内向,超慎重,超挑戦,超仲間,現実,策略家,冷静に挑む策士,物静かでリスクを極端に避け、果敢な性格,自己犠牲精神で現実主義
内向,超慎重,超挑戦,超仲間,少現実,策略家,冷静に挑む策士,物静かでリスクを極端に避け、果敢な性格,自己犠牲精神で現実的な側面を考慮する
内向,超慎重,超挑戦,超仲間,少理想,策略家,冷静に挑む策士,物静かでリスクを極端に避け、果敢な性格,自己犠牲精神で夢見がち
内向,超慎重,超挑戦,超仲間,理想,挑戦家,理想を掲げ挑戦を恐れない,物静かでリスクを極端に避け、果敢な性格,自己犠牲精神で理想的
内向,超慎重,超挑戦,超仲間,超理想,挑戦家,理想を掲げ挑戦を恐れない,物静かでリスクを極端に避け、果敢な性格,自己犠牲精神で地に足がついていない
内向,慎重,超回避,孤高,超現実,影の参謀,裏方で支える冷静慎重派,物静かで慎重的、対立を徹底的に避ける性格,孤高の存在で超現実主義
内向,慎重,超回避,孤高,現実,影の参謀,裏方で支える冷静慎重派,物静かで慎重的、対立を徹底的に避ける性格,孤高の存在で現実主義
内向,慎重,超回避,孤高,少現実,調整役,周囲を見てバランスを取る人,物静かで慎重的、対立を徹底的に避ける性格,孤高の存在で現実的な側面を考慮する
内向,慎重,超回避,孤高,少理想,調整役,周囲を見てバランスを取る人,物静かで慎重的、対立を徹底的に避ける性格,孤高の存在で夢見がち
内向,慎重,超回避,孤高,理想,癒し手,控えめで理想に生きる,物静かで慎重的、対立を徹底的に避ける性格,孤高の存在で理想的
内向,慎重,超回避,孤高,超理想,癒し手,控えめで理想に生きる,物静かで慎重的、対立を徹底的に避ける性格,孤高の存在で地に足がついていない
内向,慎重,超回避,一匹狼,超現実,影の参謀,裏方で支える冷静慎重派,物静かで慎重的、対立を徹底的に避ける性格,一匹狼で超現実主義
内向,慎重,超回避,一匹狼,現実,影の参謀,裏方で支える冷静慎重派,物静かで慎重的、対立を徹底的に避ける性格,一匹狼で現実主義
内向,慎重,超回避,一匹狼,少現実,調整役,周囲を見てバランスを取る人,物静かで慎重的、対立を徹底的に避ける性格,一匹狼で現実的な側面を考慮する
内向,慎重,超回避,一匹狼,少理想,調整役,周囲を見てバランスを取る人,物静かで慎重的、対立を徹底的に避ける性格,一匹狼で夢見がち
内向,慎重,超回避,一匹狼,理想,癒し手,控えめで理想に生きる,物静かで慎重的、対立を徹底的に避ける性格,一匹狼で理想的
内向,慎重,超回避,一匹狼,超理想,癒し手,控えめで理想に生きる,物静かで慎重的、対立を徹底的に避ける性格,一匹狼で地に足がついていない
内向,慎重,超回避,少孤独,超現実,調整役,周囲を見てバランスを取る人,物静かで慎重的、対立を徹底的に避ける性格,自由主義で超現実主義
内向,慎重,超回避,少孤独,現実,調整役,周囲を見てバランスを取る人,物静かで慎重的、対立を徹底的に避ける性格,自由主義で現実主義
内向,慎重,超回避,少孤独,少現実,調整役,周囲を見てバランスを取る人,物静かで慎重的、対立を徹底的に避ける性格,自由主義で現実的な側面を考慮する
内向,慎重,超回避,少孤独,少理想,調整役,周囲を見てバランスを取る人,物静かで慎重的、対立を徹底的に避ける性格,自由主義で夢見がち
内向,慎重,超回避,少孤独,理想,癒し手,控えめで理想に生きる,物静かで慎重的、対立を徹底的に避ける性格,自由主義で理想的
内向,慎重,超回避,少孤独,超理想,癒し手,控えめで理想に生きる,物静かで慎重的、対立を徹底的に避ける性格,自由主義で地に足がついていない
内向,慎重,超回避,少仲間,超現実,調整役,周囲を見てバランスを取る人,物静かで慎重的、対立を徹底的に避ける性格,温厚で超現実主義
内向,慎重,超回避,少仲間,現実,調整役,周囲を見てバランスを取る人,物静かで慎重的、対立を徹底的に避ける性格,温厚で現実主義
内向,慎重,超回避,少仲間,少現実,調整役,周囲を見てバランスを取る人,物静かで慎重的、対立を徹底的に避ける性格,温厚で現実的な側面を考慮する
内向,慎重,超回避,少仲間,少理想,調整役,周囲を見てバランスを取る人,物静かで慎重的、対立を徹底的に避ける性格,温厚で夢見がち
内向,慎重,超回避,少仲間,理想,癒し手,控えめで理想に生きる,物静かで慎重的、対立を徹底的に避ける性格,温厚で理想的
内向,慎重,超回避,少仲間,超理想,癒し手,控えめで理想に生きる,物静かで慎重的、対立を徹底的に避ける性格,温厚で地に足がついていない
内向,慎重,超回避,仲間派,超現実,守護者,仲間を守る頼れる存在,物静かで慎重的、対立を徹底的に避ける性格,仲間思いで超現実主義
内向,慎重,超回避,仲間派,現実,守護者,仲間を守る頼れる存在,物静かで慎重的、対立を徹底的に避ける性格,仲間思いで現実主義
内向,慎重,超回避,仲間派,少現実,守護者,仲間を守る頼れる存在,物静かで慎重的、対立を徹底的に避ける性格,仲間思いで現実的な側面を考慮する
内向,慎重,超回避,仲間派,少理想,守護者,仲間を守る頼れる存在,物静かで慎重的、対立を徹底的に避ける性格,仲間思いで夢見がち
内向,慎重,超回避,仲間派,理想,癒し手,控えめで理想に生きる,物静かで慎重的、対立を徹底的に避ける性格,仲間思いで理想的
内向,慎重,超回避,仲間派,超理想,癒し手,控えめで理想に生きる,物静かで慎重的、対立を徹底的に避ける性格,仲間思いで地に足がついていない
内向,慎重,超回避,超仲間,超現実,守護者,仲間を守る頼れる存在,物静かで慎重的、対立を徹底的に避ける性格,自己犠牲精神で超現実主義
内向,慎重,超回避,超仲間,現実,守護者,仲間を守る頼れる存在,物静かで慎重的、対立を徹底的に避ける性格,自己犠牲精神で現実主義
内向,慎重,超回避,超仲間,少現実,守護者,仲間を守る頼れる存在,物静かで慎重的、対立を徹底的に避ける性格,自己犠牲精神で現実的な側面を考慮する
内向,慎重,超回避,超仲間,少理想,守護者,仲間を守る頼れる存在,物静かで慎重的、対立を徹底的に避ける性格,自己犠牲精神で夢見がち
内向,慎重,超回避,超仲間,理想,癒し手,控えめで理想に生きる,物静かで慎重的、対立を徹底的に避ける性格,自己犠牲精神で理想的
内向,慎重,超回避,超仲間,超理想,癒し手,控えめで理想に生きる,物静かで慎重的、対立を徹底的に避ける性格,自己犠牲精神で地に足がついていない
内向,慎重,回避,孤高,超現実,影の参謀,裏方で支える冷静慎重派,物静かで慎重的、直接的な対応を好まない性格,孤高の存在で超現実主義
内向,慎重,回避,孤高,現実,影の参謀,裏方で支える冷静慎重派,物静かで慎重的、直接的な対応を好まない性格,孤高の存在で現実主義
内向,慎重,回避,孤高,少現実,調整役,周囲を見てバランスを取る人,物静かで慎重的、直接的な対応を好まない性格,孤高の存在で現実的な側面を考慮する
内向,慎重,回避,孤高,少理想,調整役,周囲を見てバランスを取る人,物静かで慎重的、直接的な対応を好まない性格,孤高の存在で夢見がち
内向,慎重,回避,孤高,理想,癒し手,控えめで理想に生きる,物静かで慎重的、直接的な対応を好まない性格,孤高の存在で理想的
内向,慎重,回避,孤高,超理想,癒し手,控えめで理想に生きる,物静かで慎重的、直接的な対応を好まない性格,孤高の存在で地に足がついていない
内向,慎重,回避,一匹狼,超現実,影の参謀,裏方で支える冷静慎重派,物静かで慎重的、直接的な対応を好まない性格,一匹狼で超現実主義
内向,慎重,回避,一匹狼,現実,影の参謀,裏方で支える冷静慎重派,物静かで慎重的、直接的な対応を好まない性格,一匹狼で現実主義
内向,慎重,回避,一匹狼,少現実,調整役,周囲を見てバランスを取る人,物静かで慎重的、直接的な対応を好まない性格,一匹狼で現実的な側面を考慮する
内向,慎重,回避,一匹狼,少理想,調整役,周囲を見てバランスを取る人,物静かで慎重的、直接的な対応を好まない性格,一匹狼で夢見がち
内向,慎重,回避,一匹狼,理想,癒し手,控えめで理想に生きる,物静かで慎重的、直接的な対応を好まない性格,一匹狼で理想的
内向,慎重,回避,一匹狼,超理想,癒し手,控えめで理想に生きる,物静かで慎重的、直接的な対応を好まない性格,一匹狼で地に足がついていない
内向,慎重,回避,少孤独,超現実,調整役,周囲を見てバランスを取る人,物静かで慎重的、直接的な対応を好まない性格,自由主義で超現実主義
内向,慎重,回避,少孤独,現実,調整役,周囲を見てバランスを取る人,物静かで慎重的、直接的な対応を好まない性格,自由主義で現実主義
内向,慎重,回避,少孤独,少現実,調整役,周囲を見てバランスを取る人,物静かで慎重的、直接的な対応を好まない性格,自由主義で現実的な側面を考慮する
内向,慎重,回避,少孤独,少理想,調整役,周囲を見てバランスを取る人,物静かで慎重的、直接的な対応を好まない性格,自由主義で夢見がち
内向,慎重,回避,少孤独,理想,癒し手,控えめで理想に生きる,物静かで慎重的、直接的な対応を好まない性格,自由主義で理想的
内向,慎重,回避,少孤独,超理想,癒し手,控えめで理想に生きる,物静かで慎重的、直接的な対応を好まない性格,自由主義で地に足がついていない
内向,慎重,回避,少仲間,超現実,調整役,周囲を見てバランスを取る人,物静かで慎重的、直接的な対応を好まない性格,温厚で超現実主義
内向,慎重,回避,少仲間,現実,調整役,周囲を見てバランスを取る人,物静かで慎重的、直接的な対応を好まない性格,温厚で現実主義
内向,慎重,回避,少仲間,少現実,調整役,周囲を見てバランスを取る人,物静かで慎重的、直接的な対応を好まない性格,温厚で現実的な側面を考慮する
内向,慎重,回避,少仲間,少理想,調整役,周囲を見てバランスを取る人,物静かで慎重的、直接的な対応を好まない性格,温厚で夢見がち
内向,慎重,回避,少仲間,理想,癒し手,控えめで理想に生きる,物静かで慎重的、直接的な対応を好まない性格,温厚で理想的
内向,慎重,回避,少仲間,超理想,癒し手,控えめで理想に生きる,物静かで慎重的、直接的な対応を好まない性格,温厚で地に足がついていない
内向,慎重,回避,仲間派,超現実,守護者,仲間を守る頼れる存在,物静かで慎重的、直接的な対応を好まない性格,仲間思いで超現実主義
内向,慎重,回避,仲間派,現実,守護者,仲間を守る頼れる存在,物静かで慎重的、直接的な対応を好まない性格,仲間思いで現実主義
内向,慎重,回避,仲間派,少現実,守護者,仲間を守る頼れる存在,物静かで慎重的、直接的な対応を好まない性格,仲間思いで現実的な側面を考慮する
内向,慎重,回避,仲間派,少理想,守護者,仲間を守る頼れる存在,物静かで慎重的、直接的な対応を好まない性格,仲間思いで夢見がち
内向,慎重,回避,仲間派,理想,癒し手,控えめで理想に生きる,物静かで慎重的、直接的な対応を好まない性格,仲間思いで理想的
内向,慎重,回避,仲間派,超理想,癒し手,控えめで理想に生きる,物静かで慎重的、直接的な対応を好まない性格,仲間思いで地に足がついていない
内向,慎重,回避,超仲間,超現実,守護者,仲間を守る頼れる存在,物静かで慎重的、直接的な対応を好まない性格,自己犠牲精神で超現実主義
内向,慎重,回避,超仲間,現実,守護者,仲間を守る頼れる存在,物静かで慎重的、直接的な対応を好まない性格,自己犠牲精神で現実主義
内向,慎重,回避,超仲間,少現実,守護者,仲間を守る頼れる存在,物静かで慎重的、直接的な対応を好まない性格,自己犠牲精神で現実的な側面を考慮する
内向,慎重,回避,超仲間,少理想,守護者,仲間を守る頼れる存在,物静かで慎重的、直接的な対応を好まない性格,自己犠牲精神で夢見がち
内向,慎重,回避,超仲間,理想,癒し手,控えめで理想に生きる,物静かで慎重的、直接的な対応を好まない性格,自己犠牲精神で理想的
内向,慎重,回避,超仲間,超理想,癒し手,控えめで理想に生きる,物静かで慎重的、直接的な対応を好まない性格,自己犠牲精神で地に足がついていない
内向,慎重,少回避,孤高,超現実,調整役,周囲を見てバランスを取る人,物静かで慎重的、争いごとを好まない性格,孤高の存在で超現実主義
内向,慎重,少回避,孤高,現実,調整役,周囲を見てバランスを取る人,物静かで慎重的、争いごとを好まない性格,孤高の存在で現実主義
内向,慎重,少回避,孤高,少現実,調整役,周囲を見てバランスを取る人,物静かで慎重的、争いごとを好まない性格,孤高の存在で現実的な側面を考慮する
内向,慎重,少回避,孤高,少理想,調整役,周囲を見てバランスを取る人,物静かで慎重的、争いごとを好まない性格,孤高の存在で夢見がち
内向,慎重,少回避,孤高,理想,癒し手,控えめで理想に生きる,物静かで慎重的、争いごとを好まない性格,孤高の存在で理想的
内向,慎重,少回避,孤高,超理想,癒し手,控えめで理想に生きる,物静かで慎重的、争いごとを好まない性格,孤高の存在で地に足がついていない
内向,慎重,少回避,一匹狼,超現実,調整役,周囲を見てバランスを取る人,物静かで慎重的、争いごとを好まない性格,一匹狼で超現実主義
内向,慎重,少回避,一匹狼,現実,調整役,周囲を見てバランスを取る人,物静かで慎重的、争いごとを好まない性格,一匹狼で現実主義
内向,慎重,少回避,一匹狼,少現実,調整役,周囲を見てバランスを取る人,物静かで慎重的、争いごとを好まない性格,一匹狼で現実的な側面を考慮する
内向,慎重,少回避,一匹狼,少理想,調整役,周囲を見てバランスを取る人,物静かで慎重的、争いごとを好まない性格,一匹狼で夢見がち
内向,慎重,少回避,一匹狼,理想,癒し手,控えめで理想に生きる,物静かで慎重的、争いごとを好まない性格,一匹狼で理想的
内向,慎重,少回避,一匹狼,超理想,癒し手,控えめで理想に生きる,物静かで慎重的、争いごとを好まない性格,一匹狼で地に足がついていない
内向,慎重,少回避,少孤独,超現実,調整役,周囲を見てバランスを取る人,物静かで慎重的、争いごとを好まない性格,自由主義で超現実主義
内向,慎重,少回避,少孤独,現実,調整役,周囲を見てバランスを取る人,物静かで慎重的、争いごとを好まない性格,自由主義で現実主義
内向,慎重,少回避,少孤独,少現実,調整役,周囲を見てバランスを取る人,物静かで慎重的、争いごとを好まない性格,自由主義で現実的な側面を考慮する
内向,慎重,少回避,少孤独,少理想,調整役,周囲を見てバランスを取る人,物静かで慎重的、争いごとを好まない性格,自由主義で夢見がち
内向,慎重,少回避,少孤独,理想,癒し手,控えめで理想に生きる,物静かで慎重的、争いごとを好まない性格,自由主義で理想的
内向,慎重,少回避,少孤独,超理想,癒し手,控えめで理想に生きる,物静かで慎重的、争いごとを好まない性格,自由主義で地に足がついていない
内向,慎重,少回避,少仲間,超現実,調整役,周囲を見てバランスを取る人,物静かで慎重的、争いごとを好まない性格,温厚で超現実主義
内向,慎重,少回避,少仲間,現実,調整役,周囲を見てバランスを取る人,物静かで慎重的、争いごとを好まない性格,温厚で現実主義
内向,慎重,少回避,少仲間,少現実,調整役,周囲を見てバランスを取る人,物静かで慎重的、争いごとを好まない性格,温厚で現実的な側面を考慮する
内向,慎重,少回避,少仲間,少理想,調整役,周囲を見てバランスを取る人,物静かで慎重的、争いごとを好まない性格,温厚で夢見がち
内向,慎重,少回避,少仲間,理想,癒し手,控えめで理想に生きる,物静かで慎重的、争いごとを好まない性格,温厚で理想的
内向,慎重,少回避,少仲間,超理想,癒し手,控えめで理想に生きる,物静かで慎重的、争いごとを好まない性格,温厚で地に足がついていない
内向,慎重,少回避,仲間派,超現実,守護者,仲間を守る頼れる存在,物静かで慎重的、争いごとを好まない性格,仲間思いで超現実主義
内向,慎重,少回避,仲間派,現実,守護者,仲間を守る頼れる存在,物静かで慎重的、争いごとを好まない性格,仲間思いで現実主義
内向,慎重,少回避,仲間派,少現実,守護者,仲間を守る頼れる存在,物静かで慎重的、争いごとを好まない性格,仲間思いで現実的な側面を考慮する
内向,慎重,少回避,仲間派,少理想,守護者,仲間を守る頼れる存在,物静かで慎重的、争いごとを好まない性格,仲間思いで夢見がち
内向,慎重,少回避,仲間派,理想,癒し手,控えめで理想に生きる,物静かで慎重的、争いごとを好まない性格,仲間思いで理想的
内向,慎重,少回避,仲間派,超理想,癒し手,控えめで理想に生きる,物静かで慎重的、争いごとを好まない性格,仲間思いで地に足がついていない
内向,慎重,少回避,超仲間,超現実,守護者,仲間を守る頼れる存在,物静かで慎重的、争いごとを好まない性格,自己犠牲精神で超現実主義
内向,慎重,少回避,超仲間,現実,守護者,仲間を守る頼れる存在,物静かで慎重的、争いごとを好まない性格,自己犠牲精神で現実主義
内向,慎重,少回避,超仲間,少現実,守護者,仲間を守る頼れる存在,物静かで慎重的、争いごとを好まない性格,自己犠牲精神で現実的な側面を考慮する
内向,慎重,少回避,超仲間,少理想,守護者,仲間を守る頼れる存在,物静かで慎重的、争いごとを好まない性格,自己犠牲精神で夢見がち
内向,慎重,少回避,超仲間,理想,癒し手,控えめで理想に生きる,物静かで慎重的、争いごとを好まない性格,自己犠牲精神で理想的
内向,慎重,少回避,超仲間,超理想,癒し手,控えめで理想に生きる,物静かで慎重的、争いごとを好まない性格,自己犠牲精神で地に足がついていない
内向,慎重,少挑戦,孤高,超現実,調整役,周囲を見てバランスを取る人,物静かで慎重的、探求心がある性格,孤高の存在で超現実主義
内向,慎重,少挑戦,孤高,現実,調整役,周囲を見てバランスを取る人,物静かで慎重的、探求心がある性格,孤高の存在で現実主義
内向,慎重,少挑戦,孤高,少現実,調整役,周囲を見てバランスを取る人,物静かで慎重的、探求心がある性格,孤高の存在で現実的な側面を考慮する
内向,慎重,少挑戦,孤高,少理想,調整役,周囲を見てバランスを取る人,物静かで慎重的、探求心がある性格,孤高の存在で夢見がち
内向,慎重,少挑戦,孤高,理想,癒し手,控えめで理想に生きる,物静かで慎重的、探求心がある性格,孤高の存在で理想的
内向,慎重,少挑戦,孤高,超理想,癒し手,控えめで理想に生きる,物静かで慎重的、探求心がある性格,孤高の存在で地に足がついていない
内向,慎重,少挑戦,一匹狼,超現実,調整役,周囲を見てバランスを取る人,物静かで慎重的、探求心がある性格,一匹狼で超現実主義
内向,慎重,少挑戦,一匹狼,現実,調整役,周囲を見てバランスを取る人,物静かで慎重的、探求心がある性格,一匹狼で現実主義
内向,慎重,少挑戦,一匹狼,少現実,調整役,周囲を見てバランスを取る人,物静かで慎重的、探求心がある性格,一匹狼で現実的な側面を考慮する
内向,慎重,少挑戦,一匹狼,少理想,調整役,周囲を見てバランスを取る人,物静かで慎重的、探求心がある性格,一匹狼で夢見がち
内向,慎重,少挑戦,一匹狼,理想,癒し手,控えめで理想に生きる,物静かで慎重的、探求心がある性格,一匹狼で理想的
内向,慎重,少挑戦,一匹狼,超理想,癒し手,控えめで理想に生きる,物静かで慎重的、探求心がある性格,一匹狼で地に足がついていない
内向,慎重,少挑戦,少孤独,超現実,調整役,周囲を見てバランスを取る人,物静かで慎重的、探求心がある性格,自由主義で超現実主義
内向,慎重,少挑戦,少孤独,現実,調整役,周囲を見てバランスを取る人,物静かで慎重的、探求心がある性格,自由主義で現実主義
内向,慎重,少挑戦,少孤独,少現実,調整役,周囲を見てバランスを取る人,物静かで慎重的、探求心がある性格,自由主義で現実的な側面を考慮する
内向,慎重,少挑戦,少孤独,少理想,調整役,周囲を見てバランスを取る人,物静かで慎重的、探求心がある性格,自由主義で夢見がち
内向,慎重,少挑戦,少孤独,理想,癒し手,控えめで理想に生きる,物静かで慎重的、探求心がある性格,自由主義で理想的
内向,慎重,少挑戦,少孤独,超理想,癒し手,控えめで理想に生きる,物静かで慎重的、探求心がある性格,自由主義で地に足がついていない
内向,慎重,少挑戦,少仲間,超現実,調整役,周囲を見てバランスを取る人,物静かで慎重的、探求心がある性格,温厚で超現実主義
内向,慎重,少挑戦,少仲間,現実,調整役,周囲を見てバランスを取る人,物静かで慎重的、探求心がある性格,温厚で現実主義
内向,慎重,少挑戦,少仲間,少現実,調整役,周囲を見てバランスを取る人,物静かで慎重的、探求心がある性格,温厚で現実的な側面を考慮する
内向,慎重,少挑戦,少仲間,少理想,調整役,周囲を見てバランスを取る人,物静かで慎重的、探求心がある性格,温厚で夢見がち
内向,慎重,少挑戦,少仲間,理想,癒し手,控えめで理想に生きる,物静かで慎重的、探求心がある性格,温厚で理想的
内向,慎重,少挑戦,少仲間,超理想,癒し手,控えめで理想に生きる,物静かで慎重的、探求心がある性格,温厚で地に足がついていない
内向,慎重,少挑戦,仲間派,超現実,調整役,周囲を見てバランスを取る人,物静かで慎重的、探求心がある性格,仲間思いで超現実主義
内向,慎重,少挑戦,仲間派,現実,調整役,周囲を見てバランスを取る人,物静かで慎重的、探求心がある性格,仲間思いで現実主義
内向,慎重,少挑戦,仲間派,少現実,調整役,周囲を見てバランスを取る人,物静かで慎重的、探求心がある性格,仲間思いで現実的な側面を考慮する
内向,慎重,少挑戦,仲間派,少理想,調整役,周囲を見てバランスを取る人,物静かで慎重的、探求心がある性格,仲間思いで夢見がち
内向,慎重,少挑戦,仲間派,理想,癒し手,控えめで理想に生きる,物静かで慎重的、探求心がある性格,仲間思いで理想的
内向,慎重,少挑戦,仲間派,超理想,癒し手,控えめで理想に生きる,物静かで慎重的、探求心がある性格,仲間思いで地に足がついていない
内向,慎重,少挑戦,超仲間,超現実,調整役,周囲を見てバランスを取る人,物静かで慎重的、探求心がある性格,自己犠牲精神で超現実主義
内向,慎重,少挑戦,超仲間,現実,調整役,周囲を見てバランスを取る人,物静かで慎重的、探求心がある性格,自己犠牲精神で現実主義
内向,慎重,少挑戦,超仲間,少現実,調整役,周囲を見てバランスを取る人,物静かで慎重的、探求心がある性格,自己犠牲精神で現実的な側面を考慮する
内向,慎重,少挑戦,超仲間,少理想,調整役,周囲を見てバランスを取る人,物静かで慎重的、探求心がある性格,自己犠牲精神で夢見がち
内向,慎重,少挑戦,超仲間,理想,癒し手,控えめで理想に生きる,物静かで慎重的、探求心がある性格,自己犠牲精神で理想的
内向,慎重,少挑戦,超仲間,超理想,癒し手,控えめで理想に生きる,物静かで慎重的、探求心がある性格,自己犠牲精神で地に足がついていない
内向,慎重,挑戦,孤高,超現実,孤高の戦士,誰にも頼らず突き進む,物静かで慎重的、挑戦的な性格,孤高の存在で超現実主義
内向,慎重,挑戦,孤高,現実,孤高の戦士,誰にも頼らず突き進む,物静かで慎重的、挑戦的な性格,孤高の存在で現実主義
内向,慎重,挑戦,孤高,少現実,策略家,冷静に挑む策士,物静かで慎重的、挑戦的な性格,孤高の存在で現実的な側面を考慮する
内向,慎重,挑戦,孤高,少理想,策略家,冷静に挑む策士,物静かで慎重的、挑戦的な性格,孤高の存在で夢見がち
内向,慎重,挑戦,孤高,理想,癒し手,控えめで理想に生きる,物静かで慎重的、挑戦的な性格,孤高の存在で理想的
内向,慎重,挑戦,孤高,超理想,癒し手,控えめで理想に生きる,物静かで慎重的、挑戦的な性格,孤高の存在で地に足がついていない
内向,慎重,挑戦,一匹狼,超現実,孤高の戦士,誰にも頼らず突き進む,物静かで慎重的、挑戦的な性格,一匹狼で超現実主義
内向,慎重,挑戦,一匹狼,現実,孤高の戦士,誰にも頼らず突き進む,物静かで慎重的、挑戦的な性格,一匹狼で現実主義
内向,慎重,挑戦,一匹狼,少現実,策略家,冷静に挑む策士,物静かで慎重的、挑戦的な性格,一匹狼で現実的な側面を考慮する
内向,慎重,挑戦,一匹狼,少理想,策略家,冷静に挑む策士,物静かで慎重的、挑戦的な性格,一匹狼で夢見がち
内向,慎重,挑戦,一匹狼,理想,癒し手,控えめで理想に生きる,物静かで慎重的、挑戦的な性格,一匹狼で理想的
内向,慎重,挑戦,一匹狼,超理想,癒し手,控えめで理想に生きる,物静かで慎重的、挑戦的な性格,一匹狼で地に足がついていない
内向,慎重,挑戦,少孤独,超現実,策略家,冷静に挑む策士,物静かで慎重的、挑戦的な性格,自由主義で超現実主義
内向,慎重,挑戦,少孤独,現実,策略家,冷静に挑む策士,物静かで慎重的、挑戦的な性格,自由主義で現実主義
内向,慎重,挑戦,少孤独,少現実,策略家,冷静に挑む策士,物静かで慎重的、挑戦的な性格,自由主義で現実的な側面を考慮する
内向,慎重,挑戦,少孤独,少理想,策略家,冷静に挑む策士,物静かで慎重的、挑戦的な性格,自由主義で夢見がち
内向,慎重,挑戦,少孤独,理想,癒し手,控えめで理想に生きる,物静かで慎重的、挑戦的な性格,自由主義で理想的
内向,慎重,挑戦,少孤独,超理想,癒し手,控えめで理想に生きる,物静かで慎重的、挑戦的な性格,自由主義で地に足がついていない
内向,慎重,挑戦,少仲間,超現実,策略家,冷静に挑む策士,物静かで慎重的、挑戦的な性格,温厚で超現実主義
内向,慎重,挑戦,少仲間,現実,策略家,冷静に挑む策士,物静かで慎重的、挑戦的な性格,温厚で現実主義
内向,慎重,挑戦,少仲間,少現実,策略家,冷静に挑む策士,物静かで慎重的、挑戦的な性格,温厚で現実的な側面を考慮する
内向,慎重,挑戦,少仲間,少理想,策略家,冷静に挑む策士,物静かで慎重的、挑戦的な性格,温厚で夢見がち
内向,慎重,挑戦,少仲間,理想,癒し手,控えめで理想に生きる,物静かで慎重的、挑戦的な性格,温厚で理想的
内向,慎重,挑戦,少仲間,超理想,癒し手,控えめで理想に生きる,物静かで慎重的、挑戦的な性格,温厚で地に足がついていない
内向,慎重,挑戦,仲間派,超現実,策略家,冷静に挑む策士,物静かで慎重的、挑戦的な性格,仲間思いで超現実主義
内向,慎重,挑戦,仲間派,現実,策略家,冷静に挑む策士,物静かで慎重的、挑戦的な性格,仲間思いで現実主義
内向,慎重,挑戦,仲間派,少現実,策略家,冷静に挑む策士,物静かで慎重的、挑戦的な性格,仲間思いで現実的な側面を考慮する
内向,慎重,挑戦,仲間派,少理想,策略家,冷静に挑む策士,物静かで慎重的、挑戦的な性格,仲間思いで夢見がち
内向,慎重,挑戦,仲間派,理想,挑戦家,理想を掲げ挑戦を恐れない,物静かで慎重的、挑戦的な性格,仲間思いで理想的
内向,慎重,挑戦,仲間派,超理想,挑戦家,理想を掲げ挑戦を恐れない,物静かで慎重的、挑戦的な性格,仲間思いで地に足がついていない
内向,慎重,挑戦,超仲間,超現実,策略家,冷静に挑む策士,物静かで慎重的、挑戦的な性格,自己犠牲精神で超現実主義
内向,慎重,挑戦,超仲間,現実,策略家,冷静に挑む策士,物静かで慎重的、挑戦的な性格,自己犠牲精神で現実主義
内向,慎重,挑戦,超仲間,少現実,策略家,冷静に挑む策士,物静かで慎重的、挑戦的な性格,自己犠牲精神で現実的な側面を考慮する
内向,慎重,挑戦,超仲間,少理想,策略家,冷静に挑む策士,物静かで慎重的、挑戦的な性格,自己犠牲精神で夢見がち
内向,慎重,挑戦,超仲間,理想,挑戦家,理想を掲げ挑戦を恐れない,物静かで慎重的、挑戦的な性格,自己犠牲精神で理想的
内向,慎重,挑戦,超仲間,超理想,挑戦家,理想を掲げ挑戦を恐れない,物静かで慎重的、挑戦的な性格,自己犠牲精神で地に足がついていない
内向,慎重,超挑戦,孤高,超現実,孤高の戦士,誰にも頼らず突き進む,物静かで慎重的、果敢な性格,孤高の存在で超現実主義
内向,慎重,超挑戦,孤高,現実,孤高の戦士,誰にも頼らず突き進む,物静かで慎重的、果敢な性格,孤高の存在で現実主義
内向,慎重,超挑戦,孤高,少現実,策略家,冷静に挑む策士,物静かで慎重的、果敢な性格,孤高の存在で現実的な側面を考慮する
内向,慎重,超挑戦,孤高,少理想,策略家,冷静に挑む策士,物静かで慎重的、果敢な性格,孤高の存在で夢見がち
内向,慎重,超挑戦,孤高,理想,癒し手,控えめで理想に生きる,物静かで慎重的、果敢な性格,孤高の存在で理想的
内向,慎重,超挑戦,孤高,超理想,癒し手,控えめで理想に生きる,物静かで慎重的、果敢な性格,孤高の存在で地に足がついていない
内向,慎重,超挑戦,一匹狼,超現実,孤高の戦士,誰にも頼らず突き進む,物静かで慎重的、果敢な性格,一匹狼で超現実主義
内向,慎重,超挑戦,一匹狼,現実,孤高の戦士,誰にも頼らず突き進む,物静かで慎重的、果敢な性格,一匹狼で現実主義
内向,慎重,超挑戦,一匹狼,少現実,策略家,冷静に挑む策士,物静かで慎重的、果敢な性格,一匹狼で現実的な側面を考慮する
内向,慎重,超挑戦,一匹狼,少理想,策略家,冷静に挑む策士,物静かで慎重的、果敢な性格,一匹狼で夢見がち
内向,慎重,超挑戦,一匹狼,理想,癒し手,控えめで理想に生きる,物静かで慎重的、果敢な性格,一匹狼で理想的
内向,慎重,超挑戦,一匹狼,超理想,癒し手,控えめで理想に生きる,物静かで慎重的、果敢な性格,一匹狼で地に足がついていない
内向,慎重,超挑戦,少孤独,超現実,策略家,冷静に挑む策士,物静かで慎重的、果敢な性格,自由主義で超現実主義
内向,慎重,超挑戦,少孤独,現実,策略家,冷静に挑む策士,物静かで慎重的、果敢な性格,自由主義で現実主義
内向,慎重,超挑戦,少孤独,少現実,策略家,冷静に挑む策士,物静かで慎重的、果敢な性格,自由主義で現実的な側面を考慮する
内向,慎重,超挑戦,少孤独,少理想,策略家,冷静に挑む策士,物静かで慎重的、果敢な性格,自由主義で夢見がち
内向,慎重,超挑戦,少孤独,理想,癒し手,控えめで理想に生きる,物静かで慎重的、果敢な性格,自由主義で理想的
内向,慎重,超挑戦,少孤独,超理想,癒し手,控えめで理想に生きる,物静かで慎重的、果敢な性格,自由主義で地に足がついていない
内向,慎重,超挑戦,少仲間,超現実,策略家,冷静に挑む策士,物静かで慎重的、果敢な性格,温厚で超現実主義
内向,慎重,超挑戦,少仲間,現実,策略家,冷静に挑む策士,物静かで慎重的、果敢な性格,温厚で現実主義
内向,慎重,超挑戦,少仲間,少現実,策略家,冷静に挑む策士,物静かで慎重的、果敢な性格,温厚で現実的な側面を考慮する
内向,慎重,超挑戦,少仲間,少理想,策略家,冷静に挑む策士,物静かで慎重的、果敢な性格,温厚で夢見がち
内向,慎重,超挑戦,少仲間,理想,癒し手,控えめで理想に生きる,物静かで慎重的、果敢な性格,温厚で理想的
内向,慎重,超挑戦,少仲間,超理想,癒し手,控えめで理想に生きる,物静かで慎重的、果敢な性格,温厚で地に足がついていない
内向,慎重,超挑戦,仲間派,超現実,策略家,冷静に挑む策士,物静かで慎重的、果敢な性格,仲間思いで超現実主義
内向,慎重,超挑戦,仲間派,現実,策略家,冷静に挑む策士,物静かで慎重的、果敢な性格,仲間思いで現実主義
内向,慎重,超挑戦,仲間派,少現実,策略家,冷静に挑む策士,物静かで慎重的、果敢な性格,仲間思いで現実的な側面を考慮する
内向,慎重,超挑戦,仲間派,少理想,策略家,冷静に挑む策士,物静かで慎重的、果敢な性格,仲間思いで夢見がち
内向,慎重,超挑戦,仲間派,理想,挑戦家,理想を掲げ挑戦を恐れない,物静かで慎重的、果敢な性格,仲間思いで理想的
内向,慎重,超挑戦,仲間派,超理想,挑戦家,理想を掲げ挑戦を恐れない,物静かで慎重的、果敢な性格,仲間思いで地に足がついていない
内向,慎重,超挑戦,超仲間,超現実,策略家,冷静に挑む策士,物静かで慎重的、果敢な性格,自己犠牲精神で超現実主義
内向,慎重,超挑戦,超仲間,現実,策略家,冷静に挑む策士,物静かで慎重的、果敢な性格,自己犠牲精神で現実主義
内向,慎重,超挑戦,超仲間,少現実,策略家,冷静に挑む策士,物静かで慎重的、果敢な性格,自己犠牲精神で現実的な側面を考慮する
内向,慎重,超挑戦,超仲間,少理想,策略家,冷静に挑む策士,物静かで慎重的、果敢な性格,自己犠牲精神で夢見がち
内向,慎重,超挑戦,超仲間,理想,挑戦家,理想を掲げ挑戦を恐れない,物静かで慎重的、果敢な性格,自己犠牲精神で理想的
内向,慎重,超挑戦,超仲間,超理想,挑戦家,理想を掲げ挑戦を恐れない,物静かで慎重的、果敢な性格,自己犠牲精神で地に足がついていない
内向,少慎重,超回避,孤高,超現実,調整役,周囲を見てバランスを取る人,物静かで少し用心深く、対立を徹底的に避ける性格,孤高の存在で超現実主義
内向,少慎重,超回避,孤高,現実,調整役,周囲を見てバランスを取る人,物静かで少し用心深く、対立を徹底的に避ける性格,孤高の存在で現実主義
内向,少慎重,超回避,孤高,少現実,調整役,周囲を見てバランスを取る人,物静かで少し用心深く、対立を徹底的に避ける性格,孤高の存在で現実的な側面を考慮する
内向,少慎重,超回避,孤高,少理想,調整役,周囲を見てバランスを取る人,物静かで少し用心深く、対立を徹底的に避ける性格,孤高の存在で夢見がち
内向,少慎重,超回避,孤高,理想,癒し手,控えめで理想に生きる,物静かで少し用心深く、対立を徹底的に避ける性格,孤高の存在で理想的
内向,少慎重,超回避,孤高,超理想,癒し手,控えめで理想に生きる,物静かで少し用心深く、対立を徹底的に避ける性格,孤高の存在で地に足がついていない
内向,少慎重,超回避,一匹狼,超現実,調整役,周囲を見てバランスを取る人,物静かで少し用心深く、対立を徹底的に避ける性格,一匹狼で超現実主義
内向,少慎重,超回避,一匹狼,現実,調整役,周囲を見てバランスを取る人,物静かで少し用心深く、対立を徹底的に避ける性格,一匹狼で現実主義
内向,少慎重,超回避,一匹狼,少現実,調整役,周囲を見てバランスを取る人,物静かで少し用心深く、対立を徹底的に避ける性格,一匹狼で現実的な側面を考慮する
内向,少慎重,超回避,一匹狼,少理想,調整役,周囲を見てバランスを取る人,物静かで少し用心深く、対立を徹底的に避ける性格,一匹狼で夢見がち
内向,少慎重,超回避,一匹狼,理想,癒し手,控えめで理想に生きる,物静かで少し用心深く、対立を徹底的に避ける性格,一匹狼で理想的
内向,少慎重,超回避,一匹狼,超理想,癒し手,控えめで理想に生きる,物静かで少し用心深く、対立を徹底的に避ける性格,一匹狼で地に足がついていない
内向,少慎重,超回避,少孤独,超現実,調整役,周囲を見てバランスを取る人,物静かで少し用心深く、対立を徹底的に避ける性格,自由主義で超現実主義
内向,少慎重,超回避,少孤独,現実,調整役,周囲を見てバランスを取る人,物静かで少し用心深く、対立を徹底的に避ける性格,自由主義で現実主義
内向,少慎重,超回避,少孤独,少現実,調整役,周囲を見てバランスを取る人,物静かで少し用心深く、対立を徹底的に避ける性格,自由主義で現実的な側面を考慮する
内向,少慎重,超回避,少孤独,少理想,調整役,周囲を見てバランスを取る人,物静かで少し用心深く、対立を徹底的に避ける性格,自由主義で夢見がち
内向,少慎重,超回避,少孤独,理想,癒し手,控えめで理想に生きる,物静かで少し用心深く、対立を徹底的に避ける性格,自由主義で理想的
内向,少慎重,超回避,少孤独,超理想,癒し手,控えめで理想に生きる,物静かで少し用心深く、対立を徹底的に避ける性格,自由主義で地に足がついていない
内向,少慎重,超回避,少仲間,超現実,調整役,周囲を見てバランスを取る人,物静かで少し用心深く、対立を徹底的に避ける性格,温厚で超現実主義
内向,少慎重,超回避,少仲間,現実,調整役,周囲を見てバランスを取る人,物静かで少し用心深く、対立を徹底的に避ける性格,温厚で現実主義
内向,少慎重,超回避,少仲間,少現実,調整役,周囲を見てバランスを取る人,物静かで少し用心深く、対立を徹底的に避ける性格,温厚で現実的な側面を考慮する
内向,少慎重,超回避,少仲間,少理想,調整役,周囲を見てバランスを取る人,物静かで少し用心深く、対立を徹底的に避ける性格,温厚で夢見がち
内向,少慎重,超回避,少仲間,理想,癒し手,控えめで理想に生きる,物静かで少し用心深く、対立を徹底的に避ける性格,温厚で理想的
内向,少慎重,超回避,少仲間,超理想,癒し手,控えめで理想に生きる,物静かで少し用心深く、対立を徹底的に避ける性格,温厚で地に足がついていない
内向,少慎重,超回避,仲間派,超現実,守護者,仲間を守る頼れる存在,物静かで少し用心深く、対立を徹底的に避ける性格,仲間思いで超現実主義
内向,少慎重,超回避,仲間派,現実,守護者,仲間を守る頼れる存在,物静かで少し用心深く、対立を徹底的に避ける性格,仲間思いで現実主義
内向,少慎重,超回避,仲間派,少現実,守護者,仲間を守る頼れる存在,物静かで少し用心深く、対立を徹底的に避ける性格,仲間思いで現実的な側面を考慮する
内向,少慎重,超回避,仲間派,少理想,守護者,仲間を守る頼れる存在,物静かで少し用心深く、対立を徹底的に避ける性格,仲間思いで夢見がち
内向,少慎重,超回避,仲間派,理想,癒し手,控えめで理想に生きる,物静かで少し用心深く、対立を徹底的に避ける性格,仲間思いで理想的
内向,少慎重,超回避,仲間派,超理想,癒し手,控えめで理想に生きる,物静かで少し用心深く、対立を徹底的に避ける性格,仲間思いで地に足がついていない
内向,少慎重,超回避,超仲間,超現実,守護者,仲間を守る頼れる存在,物静かで少し用心深く、対立を徹底的に避ける性格,自己犠牲精神で超現実主義
内向,少慎重,超回避,超仲間,現実,守護者,仲間を守る頼れる存在,物静かで少し用心深く、対立を徹底的に避ける性格,自己犠牲精神で現実主義
内向,少慎重,超回避,超仲間,少現実,守護者,仲間を守る頼れる存在,物静かで少し用心深く、対立を徹底的に避ける性格,自己犠牲精神で現実的な側面を考慮する
内向,少慎重,超回避,超仲間,少理想,守護者,仲間を守る頼れる存在,物静かで少し用心深く、対立を徹底的に避ける性格,自己犠牲精神で夢見がち
内向,少慎重,超回避,超仲間,理想,癒し手,控えめで理想に生きる,物静かで少し用心深く、対立を徹底的に避ける性格,自己犠牲精神で理想的
内向,少慎重,超回避,超仲間,超理想,癒し手,控えめで理想に生きる,物静かで少し用心深く、対立を徹底的に避ける性格,自己犠牲精神で地に足がついていない
内向,少慎重,回避,孤高,超現実,調整役,周囲を見てバランスを取る人,物静かで少し用心深く、直接的な対応を好まない性格,孤高の存在で超現実主義
内向,少慎重,回避,孤高,現実,調整役,周囲を見てバランスを取る人,物静かで少し用心深く、直接的な対応を好まない性格,孤高の存在で現実主義
内向,少慎重,回避,孤高,少現実,調整役,周囲を見てバランスを取る人,物静かで少し用心深く、直接的な対応を好まない性格,孤高の存在で現実的な側面を考慮する
内向,少慎重,回避,孤高,少理想,調整役,周囲を見てバランスを取る人,物静かで少し用心深く、直接的な対応を好まない性格,孤高の存在で夢見がち
内向,少慎重,回避,孤高,理想,癒し手,控えめで理想に生きる,物静かで少し用心深く、直接的な対応を好まない性格,孤高の存在で理想的
内向,少慎重,回避,孤高,超理想,癒し手,控えめで理想に生きる,物静かで少し用心深く、直接的な対応を好まない性格,孤高の存在で地に足がついていない
内向,少慎重,回避,一匹狼,超現実,調整役,周囲を見てバランスを取る人,物静かで少し用心深く、直接的な対応を好まない性格,一匹狼で超現実主義
内向,少慎重,回避,一匹狼,現実,調整役,周囲を見てバランスを取る人,物静かで少し用心深く、直接的な対応を好まない性格,一匹狼で現実主義
内向,少慎重,回避,一匹狼,少現実,調整役,周囲を見てバランスを取る人,物静かで少し用心深く、直接的な対応を好まない性格,一匹狼で現実的な側面を考慮する
内向,少慎重,回避,一匹狼,少理想,調整役,周囲を見てバランスを取る人,物静かで少し用心深く、直接的な対応を好まない性格,一匹狼で夢見がち
内向,少慎重,回避,一匹狼,理想,癒し手,控えめで理想に生きる,物静かで少し用心深く、直接的な対応を好まない性格,一匹狼で理想的
内向,少慎重,回避,一匹狼,超理想,癒し手,控えめで理想に生きる,物静かで少し用心深く、直接的な対応を好まない性格,一匹狼で地に足がついていない
内向,少慎重,回避,少孤独,超現実,調整役,周囲を見てバランスを取る人,物静かで少し用心深く、直接的な対応を好まない性格,自由主義で超現実主義
内向,少慎重,回避,少孤独,現実,調整役,周囲を見てバランスを取る人,物静かで少し用心深く、直接的な対応を好まない性格,自由主義で現実主義
内向,少慎重,回避,少孤独,少現実,調整役,周囲を見てバランスを取る人,物静かで少し用心深く、直接的な対応を好まない性格,自由主義で現実的な側面を考慮する
内向,少慎重,回避,少孤独,少理想,調整役,周囲を見てバランスを取る人,物静かで少し用心深く、直接的な対応を好まない性格,自由主義で夢見がち
内向,少慎重,回避,少孤独,理想,癒し手,控えめで理想に生きる,物静かで少し用心深く、直接的な対応を好まない性格,自由主義で理想的
内向,少慎重,回避,少孤独,超理想,癒し手,控えめで理想に生きる,物静かで少し用心深く、直接的な対応を好まない性格,自由主義で地に足がついていない
内向,少慎重,回避,少仲間,超現実,調整役,周囲を見てバランスを取る人,物静かで少し用心深く、直接的な対応を好まない性格,温厚で超現実主義
内向,少慎重,回避,少仲間,現実,調整役,周囲を見てバランスを取る人,物静かで少し用心深く、直接的な対応を好まない性格,温厚で現実主義
内向,少慎重,回避,少仲間,少現実,調整役,周囲を見てバランスを取る人,物静かで少し用心深く、直接的な対応を好まない性格,温厚で現実的な側面を考慮する
内向,少慎重,回避,少仲間,少理想,調整役,周囲を見てバランスを取る人,物静かで少し用心深く、直接的な対応を好まない性格,温厚で夢見がち
内向,少慎重,回避,少仲間,理想,癒し手,控えめで理想に生きる,物静かで少し用心深く、直接的な対応を好まない性格,温厚で理想的
内向,少慎重,回避,少仲間,超理想,癒し手,控えめで理想に生きる,物静かで少し用心深く、直接的な対応を好まない性格,温厚で地に足がついていない
内向,少慎重,回避,仲間派,超現実,守護者,仲間を守る頼れる存在,物静かで少し用心深く、直接的な対応を好まない性格,仲間思いで超現実主義
内向,少慎重,回避,仲間派,現実,守護者,仲間を守る頼れる存在,物静かで少し用心深く、直接的な対応を好まない性格,仲間思いで現実主義
内向,少慎重,回避,仲間派,少現実,守護者,仲間を守る頼れる存在,物静かで少し用心深く、直接的な対応を好まない性格,仲間思いで現実的な側面を考慮する
内向,少慎重,回避,仲間派,少理想,守護者,仲間を守る頼れる存在,物静かで少し用心深く、直接的な対応を好まない性格,仲間思いで夢見がち
内向,少慎重,回避,仲間派,理想,癒し手,控えめで理想に生きる,物静かで少し用心深く、直接的な対応を好まない性格,仲間思いで理想的
内向,少慎重,回避,仲間派,超理想,癒し手,控えめで理想に生きる,物静かで少し用心深く、直接的な対応を好まない性格,仲間思いで地に足がついていない
内向,少慎重,回避,超仲間,超現実,守護者,仲間を守る頼れる存在,物静かで少し用心深く、直接的な対応を好まない性格,自己犠牲精神で超現実主義
内向,少慎重,回避,超仲間,現実,守護者,仲間を守る頼れる存在,物静かで少し用心深く、直接的な対応を好まない性格,自己犠牲精神で現実主義
内向,少慎重,回避,超仲間,少現実,守護者,仲間を守る頼れる存在,物静かで少し用心深く、直接的な対応を好まない性格,自己犠牲精神で現実的な側面を考慮する
内向,少慎重,回避,超仲間,少理想,守護者,仲間を守る頼れる存在,物静かで少し用心深く、直接的な対応を好まない性格,自己犠牲精神で夢見がち
内向,少慎重,回避,超仲間,理想,癒し手,控えめで理想に生きる,物静かで少し用心深く、直接的な対応を好まない性格,自己犠牲精神で理想的
内向,少慎重,回避,超仲間,超理想,癒し手,控えめで理想に生きる,物静かで少し用心深く、直接的な対応を好まない性格,自己犠牲精神で地に足がついていない
内向,少慎重,少回避,孤高,超現実,調整役,周囲を見てバランスを取る人,物静かで少し用心深く、争いごとを好まない性格,孤高の存在で超現実主義
内向,少慎重,少回避,孤高,現実,調整役,周囲を見てバランスを取る人,物静かで少し用心深く、争いごとを好まない性格,孤高の存在で現実主義
内向,少慎重,少回避,孤高,少現実,調整役,周囲を見てバランスを取る人,物静かで少し用心深く、争いごとを好まない性格,孤高の存在で現実的な側面を考慮する
内向,少慎重,少回避,孤高,少理想,調整役,周囲を見てバランスを取る人,物静かで少し用心深く、争いごとを好まない性格,孤高の存在で夢見がち
内向,少慎重,少回避,孤高,理想,癒し手,控えめで理想に生きる,物静かで少し用心深く、争いごとを好まない性格,孤高の存在で理想的
内向,少慎重,少回避,孤高,超理想,癒し手,控えめで理想に生きる,物静かで少し用心深く、争いごとを好まない性格,孤高の存在で地に足がついていない
内向,少慎重,少回避,一匹狼,超現実,調整役,周囲を見てバランスを取る人,物静かで少し用心深く、争いごとを好まない性格,一匹狼で超現実主義
内向,少慎重,少回避,一匹狼,現実,調整役,周囲を見てバランスを取る人,物静かで少し用心深く、争いごとを好まない性格,一匹狼で現実主義
内向,少慎重,少回避,一匹狼,少現実,調整役,周囲を見てバランスを取る人,物静かで少し用心深く、争いごとを好まない性格,一匹狼で現実的な側面を考慮する
内向,少慎重,少回避,一匹狼,少理想,調整役,周囲を見てバランスを取る人,物静かで少し用心深く、争いごとを好まない性格,一匹狼で夢見がち
内向,少慎重,少回避,一匹狼,理想,癒し手,控えめで理想に生きる,物静かで少し用心深く、争いごとを好まない性格,一匹狼で理想的
内向,少慎重,少回避,一匹狼,超理想,癒し手,控えめで理想に生きる,物静かで少し用心深く、争いごとを好まない性格,一匹狼で地に足がついていない
内向,少慎重,少回避,少孤独,超現実,調整役,周囲を見てバランスを取る人,物静かで少し用心深く、争いごとを好まない性格,自由主義で超現実主義
内向,少慎重,少回避,少孤独,現実,調整役,周囲を見てバランスを取る人,物静かで少し用心深く、争いごとを好まない性格,自由主義で現実主義
内向,少慎重,少回避,少孤独,少現実,調整役,周囲を見てバランスを取る人,物静かで少し用心深く、争いごとを好まない性格,自由主義で現実的な側面を考慮する
内向,少慎重,少回避,少孤独,少理想,調整役,周囲を見てバランスを取る人,物静かで少し用心深く、争いごとを好まない性格,自由主義で夢見がち
内向,少慎重,少回避,少孤独,理想,癒し手,控えめで理想に生きる,物静かで少し用心深く、争いごとを好まない性格,自由主義で理想的
内向,少慎重,少回避,少孤独,超理想,癒し手,控えめで理想に生きる,物静かで少し用心深く、争いごとを好まない性格,自由主義で地に足がついていない
内向,少慎重,少回避,少仲間,超現実,調整役,周囲を見てバランスを取る人,物静かで少し用心深く、争いごとを好まない性格,温厚で超現実主義
内向,少慎重,少回避,少仲間,現実,調整役,周囲を見てバランスを取る人,物静かで少し用心深く、争いごとを好まない性格,温厚で現実主義
内向,少慎重,少回避,少仲間,少現実,調整役,周囲を見てバランスを取る人,物静かで少し用心深く、争いごとを好まない性格,温厚で現実的な側面を考慮する
内向,少慎重,少回避,少仲間,少理想,調整役,周囲を見てバランスを取る人,物静かで少し用心深く、争いごとを好まない性格,温厚で夢見がち
内向,少慎重,少回避,少仲間,理想,癒し手,控えめで理想に生きる,物静かで少し用心深く、争いごとを好まない性格,温厚で理想的
内向,少慎重,少回避,少仲間,超理想,癒し手,控えめで理想に生きる,物静かで少し用心深く、争いごとを好まない性格,温厚で地に足がついていない
内向,少慎重,少回避,仲間派,超現実,守護者,仲間を守る頼れる存在,物静かで少し用心深く、争いごとを好まない性格,仲間思いで超現実主義
内向,少慎重,少回避,仲間派,現実,守護者,仲間を守る頼れる存在,物静かで少し用心深く、争いごとを好まない性格,仲間思いで現実主義
内向,少慎重,少回避,仲間派,少現実,守護者,仲間を守る頼れる存在,物静かで少し用心深く、争いごとを好まない性格,仲間思いで現実的な側面を考慮する
内向,少慎重,少回避,仲間派,少理想,守護者,仲間を守る頼れる存在,物静かで少し用心深く、争いごとを好まない性格,仲間思いで夢見がち
内向,少慎重,少回避,仲間派,理想,癒し手,控えめで理想に生きる,物静かで少し用心深く、争いごとを好まない性格,仲間思いで理想的
内向,少慎重,少回避,仲間派,超理想,癒し手,控えめで理想に生きる,物静かで少し用心深く、争いごとを好まない性格,仲間思いで地に足がついていない
内向,少慎重,少回避,超仲間,超現実,守護者,仲間を守る頼れる存在,物静かで少し用心深く、争いごとを好まない性格,自己犠牲精神で超現実主義
内向,少慎重,少回避,超仲間,現実,守護者,仲間を守る頼れる存在,物静かで少し用心深く、争いごとを好まない性格,自己犠牲精神で現実主義
内向,少慎重,少回避,超仲間,少現実,守護者,仲間を守る頼れる存在,物静かで少し用心深く、争いごとを好まない性格,自己犠牲精神で現実的な側面を考慮する
内向,少慎重,少回避,超仲間,少理想,守護者,仲間を守る頼れる存在,物静かで少し用心深く、争いごとを好まない性格,自己犠牲精神で夢見がち
内向,少慎重,少回避,超仲間,理想,癒し手,控えめで理想に生きる,物静かで少し用心深く、争いごとを好まない性格,自己犠牲精神で理想的
内向,少慎重,少回避,超仲間,超理想,癒し手,控えめで理想に生きる,物静かで少し用心深く、争いごとを好まない性格,自己犠牲精神で地に足がついていない
内向,少慎重,少挑戦,孤高,超現実,調整役,周囲を見てバランスを取る人,物静かで少し用心深く、探求心がある性格,孤高の存在で超現実主義
内向,少慎重,少挑戦,孤高,現実,調整役,周囲を見てバランスを取る人,物静かで少し用心深く、探求心がある性格,孤高の存在で現実主義
内向,少慎重,少挑戦,孤高,少現実,調整役,周囲を見てバランスを取る人,物静かで少し用心深く、探求心がある性格,孤高の存在で現実的な側面を考慮する
内向,少慎重,少挑戦,孤高,少理想,調整役,周囲を見てバランスを取る人,物静かで少し用心深く、探求心がある性格,孤高の存在で夢見がち
内向,少慎重,少挑戦,孤高,理想,癒し手,控えめで理想に生きる,物静かで少し用心深く、探求心がある性格,孤高の存在で理想的
内向,少慎重,少挑戦,孤高,超理想,癒し手,控えめで理想に生きる,物静かで少し用心深く、探求心がある性格,孤高の存在で地に足がついていない
内向,少慎重,少挑戦,一匹狼,超現実,調整役,周囲を見てバランスを取る人,物静かで少し用心深く、探求心がある性格,一匹狼で超現実主義
内向,少慎重,少挑戦,一匹狼,現実,調整役,周囲を見てバランスを取る人,物静かで少し用心深く、探求心がある性格,一匹狼で現実主義
内向,少慎重,少挑戦,一匹狼,少現実,調整役,周囲を見てバランスを取る人,物静かで少し用心深く、探求心がある性格,一匹狼で現実的な側面を考慮する
内向,少慎重,少挑戦,一匹狼,少理想,調整役,周囲を見てバランスを取る人,物静かで少し用心深く、探求心がある性格,一匹狼で夢見がち
内向,少慎重,少挑戦,一匹狼,理想,癒し手,控えめで理想に生きる,物静かで少し用心深く、探求心がある性格,一匹狼で理想的
内向,少慎重,少挑戦,一匹狼,超理想,癒し手,控えめで理想に生きる,物静かで少し用心深く、探求心がある性格,一匹狼で地に足がついていない
内向,少慎重,少挑戦,少孤独,超現実,調整役,周囲を見てバランスを取る人,物静かで少し用心深く、探求心がある性格,自由主義で超現実主義
内向,少慎重,少挑戦,少孤独,現実,調整役,周囲を見てバランスを取る人,物静かで少し用心深く、探求心がある性格,自由主義で現実主義
内向,少慎重,少挑戦,少孤独,少現実,調整役,周囲を見てバランスを取る人,物静かで少し用心深く、探求心がある性格,自由主義で現実的な側面を考慮する
内向,少慎重,少挑戦,少孤独,少理想,調整役,周囲を見てバランスを取る人,物静かで少し用心深く、探求心がある性格,自由主義で夢見がち
内向,少慎重,少挑戦,少孤独,理想,癒し手,控えめで理想に生きる,物静かで少し用心深く、探求心がある性格,自由主義で理想的
内向,少慎重,少挑戦,少孤独,超理想,癒し手,控えめで理想に生きる,物静かで少し用心深く、探求心がある性格,自由主義で地に足がついていない
内向,少慎重,少挑戦,少仲間,超現実,調整役,周囲を見てバランスを取る人,物静かで少し用心深く、探求心がある性格,温厚で超現実主義
内向,少慎重,少挑戦,少仲間,現実,調整役,周囲を見てバランスを取る人,物静かで少し用心深く、探求心がある性格,温厚で現実主義
内向,少慎重,少挑戦,少仲間,少現実,調整役,周囲を見てバランスを取る人,物静かで少し用心深く、探求心がある性格,温厚で現実的な側面を考慮する
内向,少慎重,少挑戦,少仲間,少理想,調整役,周囲を見てバランスを取る人,物静かで少し用心深く、探求心がある性格,温厚で夢見がち
内向,少慎重,少挑戦,少仲間,理想,癒し手,控えめで理想に生きる,物静かで少し用心深く、探求心がある性格,温厚で理想的
内向,少慎重,少挑戦,少仲間,超理想,癒し手,控えめで理想に生きる,物静かで少し用心深く、探求心がある性格,温厚で地に足がついていない
内向,少慎重,少挑戦,仲間派,超現実,調整役,周囲を見てバランスを取る人,物静かで少し用心深く、探求心がある性格,仲間思いで超現実主義
内向,少慎重,少挑戦,仲間派,現実,調整役,周囲を見てバランスを取る人,物静かで少し用心深く、探求心がある性格,仲間思いで現実主義
内向,少慎重,少挑戦,仲間派,少現実,調整役,周囲を見てバランスを取る人,物静かで少し用心深く、探求心がある性格,仲間思いで現実的な側面を考慮する
内向,少慎重,少挑戦,仲間派,少理想,調整役,周囲を見てバランスを取る人,物静かで少し用心深く、探求心がある性格,仲間思いで夢見がち
内向,少慎重,少挑戦,仲間派,理想,癒し手,控えめで理想に生きる,物静かで少し用心深く、探求心がある性格,仲間思いで理想的
内向,少慎重,少挑戦,仲間派,超理想,癒し手,控えめで理想に生きる,物静かで少し用心深く、探求心がある性格,仲間思いで地に足がついていない
内向,少慎重,少挑戦,超仲間,超現実,調整役,周囲を見てバランスを取る人,物静かで少し用心深く、探求心がある性格,自己犠牲精神で超現実主義
内向,少慎重,少挑戦,超仲間,現実,調整役,周囲を見てバランスを取る人,物静かで少し用心深く、探求心がある性格,自己犠牲精神で現実主義
内向,少慎重,少挑戦,超仲間,少現実,調整役,周囲を見てバランスを取る人,物静かで少し用心深く、探求心がある性格,自己犠牲精神で現実的な側面を考慮する
内向,少慎重,少挑戦,超仲間,少理想,調整役,周囲を見てバランスを取る人,物静かで少し用心深く、探求心がある性格,自己犠牲精神で夢見がち
内向,少慎重,少挑戦,超仲間,理想,癒し手,控えめで理想に生きる,物静かで少し用心深く、探求心がある性格,自己犠牲精神で理想的
内向,少慎重,少挑戦,超仲間,超理想,癒し手,控えめで理想に生きる,物静かで少し用心深く、探求心がある性格,自己犠牲精神で地に足がついていない
内向,少慎重,挑戦,孤高,超現実,孤高の戦士,誰にも頼らず突き進む,物静かで少し用心深く、挑戦的な性格,孤高の存在で超現実主義
内向,少慎重,挑戦,孤高,現実,孤高の戦士,誰にも頼らず突き進む,物静かで少し用心深く、挑戦的な性格,孤高の存在で現実主義
内向,少慎重,挑戦,孤高,少現実,調整役,周囲を見てバランスを取る人,物静かで少し用心深く、挑戦的な性格,孤高の存在で現実的な側面を考慮する
内向,少慎重,挑戦,孤高,少理想,調整役,周囲を見てバランスを取る人,物静かで少し用心深く、挑戦的な性格,孤高の存在で夢見がち
内向,少慎重,挑戦,孤高,理想,癒し手,控えめで理想に生きる,物静かで少し用心深く、挑戦的な性格,孤高の存在で理想的
内向,少慎重,挑戦,孤高,超理想,癒し手,控えめで理想に生きる,物静かで少し用心深く、挑戦的な性格,孤高の存在で地に足がついていない
内向,少慎重,挑戦,一匹狼,超現実,孤高の戦士,誰にも頼らず突き進む,物静かで少し用心深く、挑戦的な性格,一匹狼で超現実主義
内向,少慎重,挑戦,一匹狼,現実,孤高の戦士,誰にも頼らず突き進む,物静かで少し用心深く、挑戦的な性格,一匹狼で現実主義
内向,少慎重,挑戦,一匹狼,少現実,調整役,周囲を見てバランスを取る人,物静かで少し用心深く、挑戦的な性格,一匹狼で現実的な側面を考慮する
内向,少慎重,挑戦,一匹狼,少理想,調整役,周囲を見てバランスを取る人,物静かで少し用心深く、挑戦的な性格,一匹狼で夢見がち
内向,少慎重,挑戦,一匹狼,理想,癒し手,控えめで理想に生きる,物静かで少し用心深く、挑戦的な性格,一匹狼で理想的
内向,少慎重,挑戦,一匹狼,超理想,癒し手,控えめで理想に生きる,物静かで少し用心深く、挑戦的な性格,一匹狼で地に足がついていない
内向,少慎重,挑戦,少孤独,超現実,調整役,周囲を見てバランスを取る人,物静かで少し用心深く、挑戦的な性格,自由主義で超現実主義
内向,少慎重,挑戦,少孤独,現実,調整役,周囲を見てバランスを取る人,物静かで少し用心深く、挑戦的な性格,自由主義で現実主義
内向,少慎重,挑戦,少孤独,少現実,調整役,周囲を見てバランスを取る人,物静かで少し用心深く、挑戦的な性格,自由主義で現実的な側面を考慮する
内向,少慎重,挑戦,少孤独,少理想,調整役,周囲を見てバランスを取る人,物静かで少し用心深く、挑戦的な性格,自由主義で夢見がち
内向,少慎重,挑戦,少孤独,理想,癒し手,控えめで理想に生きる,物静かで少し用心深く、挑戦的な性格,自由主義で理想的
内向,少慎重,挑戦,少孤独,超理想,癒し手,控えめで理想に生きる,物静かで少し用心深く、挑戦的な性格,自由主義で地に足がついていない
内向,少慎重,挑戦,少仲間,超現実,調整役,周囲を見てバランスを取る人,物静かで少し用心深く、挑戦的な性格,温厚で超現実主義
内向,少慎重,挑戦,少仲間,現実,調整役,周囲を見てバランスを取る人,物静かで少し用心深く、挑戦的な性格,温厚で現実主義
内向,少慎重,挑戦,少仲間,少現実,調整役,周囲を見てバランスを取る人,物静かで少し用心深く、挑戦的な性格,温厚で現実的な側面を考慮する
内向,少慎重,挑戦,少仲間,少理想,調整役,周囲を見てバランスを取る人,物静かで少し用心深く、挑戦的な性格,温厚で夢見がち
内向,少慎重,挑戦,少仲間,理想,癒し手,控えめで理想に生きる,物静かで少し用心深く、挑戦的な性格,温厚で理想的
内向,少慎重,挑戦,少仲間,超理想,癒し手,控えめで理想に生きる,物静かで少し用心深く、挑戦的な性格,温厚で地に足がついていない
内向,少慎重,挑戦,仲間派,超現実,調整役,周囲を見てバランスを取る人,物静かで少し用心深く、挑戦的な性格,仲間思いで超現実主義
内向,少慎重,挑戦,仲間派,現実,調整役,周囲を見てバランスを取る人,物静かで少し用心深く、挑戦的な性格,仲間思いで現実主義
内向,少慎重,挑戦,仲間派,少現実,調整役,周囲を見てバランスを取る人,物静かで少し用心深く、挑戦的な性格,仲間思いで現実的な側面を考慮する
内向,少慎重,挑戦,仲間派,少理想,調整役,周囲を見てバランスを取る人,物静かで少し用心深く、挑戦的な性格,仲間思いで夢見がち
内向,少慎重,挑戦,仲間派,理想,挑戦家,理想を掲げ挑戦を恐れない,物静かで少し用心深く、挑戦的な性格,仲間思いで理想的
内向,少慎重,挑戦,仲間派,超理想,挑戦家,理想を掲げ挑戦を恐れない,物静かで少し用心深く、挑戦的な性格,仲間思いで地に足がついていない
内向,少慎重,挑戦,超仲間,超現実,調整役,周囲を見てバランスを取る人,物静かで少し用心深く、挑戦的な性格,自己犠牲精神で超現実主義
内向,少慎重,挑戦,超仲間,現実,調整役,周囲を見てバランスを取る人,物静かで少し用心深く、挑戦的な性格,自己犠牲精神で現実主義
内向,少慎重,挑戦,超仲間,少現実,調整役,周囲を見てバランスを取る人,物静かで少し用心深く、挑戦的な性格,自己犠牲精神で現実的な側面を考慮する
内向,少慎重,挑戦,超仲間,少理想,調整役,周囲を見てバランスを取る人,物静かで少し用心深く、挑戦的な性格,自己犠牲精神で夢見がち
内向,少慎重,挑戦,超仲間,理想,挑戦家,理想を掲げ挑戦を恐れない,物静かで少し用心深く、挑戦的な性格,自己犠牲精神で理想的
内向,少慎重,挑戦,超仲間,超理想,挑戦家,理想を掲げ挑戦を恐れない,物静かで少し用心深く、挑戦的な性格,自己犠牲精神で地に足がついていない
内向,少慎重,超挑戦,孤高,超現実,孤高の戦士,誰にも頼らず突き進む,物静かで少し用心深く、果敢な性格,孤高の存在で超現実主義
内向,少慎重,超挑戦,孤高,現実,孤高の戦士,誰にも頼らず突き進む,物静かで少し用心深く、果敢な性格,孤高の存在で現実主義
内向,少慎重,超挑戦,孤高,少現実,調整役,周囲を見てバランスを取る人,物静かで少し用心深く、果敢な性格,孤高の存在で現実的な側面を考慮する
内向,少慎重,超挑戦,孤高,少理想,調整役,周囲を見てバランスを取る人,物静かで少し用心深く、果敢な性格,孤高の存在で夢見がち
内向,少慎重,超挑戦,孤高,理想,癒し手,控えめで理想に生きる,物静かで少し用心深く、果敢な性格,孤高の存在で理想的
内向,少慎重,超挑戦,孤高,超理想,癒し手,控えめで理想に生きる,物静かで少し用心深く、果敢な性格,孤高の存在で地に足がついていない
内向,少慎重,超挑戦,一匹狼,超現実,孤高の戦士,誰にも頼らず突き進む,物静かで少し用心深く、果敢な性格,一匹狼で超現実主義
内向,少慎重,超挑戦,一匹狼,現実,孤高の戦士,誰にも頼らず突き進む,物静かで少し用心深く、果敢な性格,一匹狼で現実主義
内向,少慎重,超挑戦,一匹狼,少現実,調整役,周囲を見てバランスを取る人,物静かで少し用心深く、果敢な性格,一匹狼で現実的な側面を考慮する
内向,少慎重,超挑戦,一匹狼,少理想,調整役,周囲を見てバランスを取る人,物静かで少し用心深く、果敢な性格,一匹狼で夢見がち
内向,少慎重,超挑戦,一匹狼,理想,癒し手,控えめで理想に生きる,物静かで少し用心深く、果敢な性格,一匹狼で理想的
内向,少慎重,超挑戦,一匹狼,超理想,癒し手,控えめで理想に生きる,物静かで少し用心深く、果敢な性格,一匹狼で地に足がついていない
内向,少慎重,超挑戦,少孤独,超現実,調整役,周囲を見てバランスを取る人,物静かで少し用心深く、果敢な性格,自由主義で超現実主義
内向,少慎重,超挑戦,少孤独,現実,調整役,周囲を見てバランスを取る人,物静かで少し用心深く、果敢な性格,自由主義で現実主義
内向,少慎重,超挑戦,少孤独,少現実,調整役,周囲を見てバランスを取る人,物静かで少し用心深く、果敢な性格,自由主義で現実的な側面を考慮する
内向,少慎重,超挑戦,少孤独,少理想,調整役,周囲を見てバランスを取る人,物静かで少し用心深く、果敢な性格,自由主義で夢見がち
内向,少慎重,超挑戦,少孤独,理想,癒し手,控えめで理想に生きる,物静かで少し用心深く、果敢な性格,自由主義で理想的
内向,少慎重,超挑戦,少孤独,超理想,癒し手,控えめで理想に生きる,物静かで少し用心深く、果敢な性格,自由主義で地に足がついていない
内向,少慎重,超挑戦,少仲間,超現実,調整役,周囲を見てバランスを取る人,物静かで少し用心深く、果敢な性格,温厚で超現実主義
内向,少慎重,超挑戦,少仲間,現実,調整役,周囲を見てバランスを取る人,物静かで少し用心深く、果敢な性格,温厚で現実主義
内向,少慎重,超挑戦,少仲間,少現実,調整役,周囲を見てバランスを取る人,物静かで少し用心深く、果敢な性格,温厚で現実的な側面を考慮する
内向,少慎重,超挑戦,少仲間,少理想,調整役,周囲を見てバランスを取る人,物静かで少し用心深く、果敢な性格,温厚で夢見がち
内向,少慎重,超挑戦,少仲間,理想,癒し手,控えめで理想に生きる,物静かで少し用心深く、果敢な性格,温厚で理想的
内向,少慎重,超挑戦,少仲間,超理想,癒し手,控えめで理想に生きる,物静かで少し用心深く、果敢な性格,温厚で地に足がついていない
内向,少慎重,超挑戦,仲間派,超現実,調整役,周囲を見てバランスを取る人,物静かで少し用心深く、果敢な性格,仲間思いで超現実主義
内向,少慎重,超挑戦,仲間派,現実,調整役,周囲を見てバランスを取る人,物静かで少し用心深く、果敢な性格,仲間思いで現実主義
内向,少慎重,超挑戦,仲間派,少現実,調整役,周囲を見てバランスを取る人,物静かで少し用心深く、果敢な性格,仲間思いで現実的な側面を考慮する
内向,少慎重,超挑戦,仲間派,少理想,調整役,周囲を見てバランスを取る人,物静かで少し用心深く、果敢な性格,仲間思いで夢見がち
内向,少慎重,超挑戦,仲間派,理想,挑戦家,理想を掲げ挑戦を恐れない,物静かで少し用心深く、果敢な性格,仲間思いで理想的
内向,少慎重,超挑戦,仲間派,超理想,挑戦家,理想を掲げ挑戦を恐れない,物静かで少し用心深く、果敢な性格,仲間思いで地に足がついていない
内向,少慎重,超挑戦,超仲間,超現実,調整役,周囲を見てバランスを取る人,物静かで少し用心深く、果敢な性格,自己犠牲精神で超現実主義
内向,少慎重,超挑戦,超仲間,現実,調整役,周囲を見てバランスを取る人,物静かで少し用心深く、果敢な性格,自己犠牲精神で現実主義
内向,少慎重,超挑戦,超仲間,少現実,調整役,周囲を見てバランスを取る人,物静かで少し用心深く、果敢な性格,自己犠牲精神で現実的な側面を考慮する
内向,少慎重,超挑戦,超仲間,少理想,調整役,周囲を見てバランスを取る人,物静かで少し用心深く、果敢な性格,自己犠牲精神で夢見がち
内向,少慎重,超挑戦,超仲間,理想,挑戦家,理想を掲げ挑戦を恐れない,物静かで少し用心深く、果敢な性格,自己犠牲精神で理想的
内向,少慎重,超挑戦,超仲間,超理想,挑戦家,理想を掲げ挑戦を恐れない,物静かで少し用心深く、果敢な性格,自己犠牲精神で地に足がついていない
内向,少即決,超回避,孤高,超現実,調整役,周囲を見てバランスを取る人,物静かで少しせっかちな面があり、対立を徹底的に避ける性格,孤高の存在で超現実主義
内向,少即決,超回避,孤高,現実,調整役,周囲を見てバランスを取る人,物静かで少しせっかちな面があり、対立を徹底的に避ける性格,孤高の存在で現実主義
内向,少即決,超回避,孤高,少現実,調整役,周囲を見てバランスを取る人,物静かで少しせっかちな面があり、対立を徹底的に避ける性格,孤高の存在で現実的な側面を考慮する
内向,少即決,超回避,孤高,少理想,調整役,周囲を見てバランスを取る人,物静かで少しせっかちな面があり、対立を徹底的に避ける性格,孤高の存在で夢見がち
内向,少即決,超回避,孤高,理想,癒し手,控えめで理想に生きる,物静かで少しせっかちな面があり、対立を徹底的に避ける性格,孤高の存在で理想的
内向,少即決,超回避,孤高,超理想,癒し手,控えめで理想に生きる,物静かで少しせっかちな面があり、対立を徹底的に避ける性格,孤高の存在で地に足がついていない
内向,少即決,超回避,一匹狼,超現実,調整役,周囲を見てバランスを取る人,物静かで少しせっかちな面があり、対立を徹底的に避ける性格,一匹狼で超現実主義
内向,少即決,超回避,一匹狼,現実,調整役,周囲を見てバランスを取る人,物静かで少しせっかちな面があり、対立を徹底的に避ける性格,一匹狼で現実主義
内向,少即決,超回避,一匹狼,少現実,調整役,周囲を見てバランスを取る人,物静かで少しせっかちな面があり、対立を徹底的に避ける性格,一匹狼で現実的な側面を考慮する
内向,少即決,超回避,一匹狼,少理想,調整役,周囲を見てバランスを取る人,物静かで少しせっかちな面があり、対立を徹底的に避ける性格,一匹狼で夢見がち
内向,少即決,超回避,一匹狼,理想,癒し手,控えめで理想に生きる,物静かで少しせっかちな面があり、対立を徹底的に避ける性格,一匹狼で理想的
内向,少即決,超回避,一匹狼,超理想,癒し手,控えめで理想に生きる,物静かで少しせっかちな面があり、対立を徹底的に避ける性格,一匹狼で地に足がついていない
内向,少即決,超回避,少孤独,超現実,調整役,周囲を見てバランスを取る人,物静かで少しせっかちな面があり、対立を徹底的に避ける性格,自由主義で超現実主義
内向,少即決,超回避,少孤独,現実,調整役,周囲を見てバランスを取る人,物静かで少しせっかちな面があり、対立を徹底的に避ける性格,自由主義で現実主義
内向,少即決,超回避,少孤独,少現実,調整役,周囲を見てバランスを取る人,物静かで少しせっかちな面があり、対立を徹底的に避ける性格,自由主義で現実的な側面を考慮する
内向,少即決,超回避,少孤独,少理想,調整役,周囲を見てバランスを取る人,物静かで少しせっかちな面があり、対立を徹底的に避ける性格,自由主義で夢見がち
内向,少即決,超回避,少孤独,理想,癒し手,控えめで理想に生きる,物静かで少しせっかちな面があり、対立を徹底的に避ける性格,自由主義で理想的
内向,少即決,超回避,少孤独,超理想,癒し手,控えめで理想に生きる,物静かで少しせっかちな面があり、対立を徹底的に避ける性格,自由主義で地に足がついていない
内向,少即決,超回避,少仲間,超現実,調整役,周囲を見てバランスを取る人,物静かで少しせっかちな面があり、対立を徹底的に避ける性格,温厚で超現実主義
内向,少即決,超回避,少仲間,現実,調整役,周囲を見てバランスを取る人,物静かで少しせっかちな面があり、対立を徹底的に避ける性格,温厚で現実主義
内向,少即決,超回避,少仲間,少現実,調整役,周囲を見てバランスを取る人,物静かで少しせっかちな面があり、対立を徹底的に避ける性格,温厚で現実的な側面を考慮する
内向,少即決,超回避,少仲間,少理想,調整役,周囲を見てバランスを取る人,物静かで少しせっかちな面があり、対立を徹底的に避ける性格,温厚で夢見がち
内向,少即決,超回避,少仲間,理想,癒し手,控えめで理想に生きる,物静かで少しせっかちな面があり、対立を徹底的に避ける性格,温厚で理想的
内向,少即決,超回避,少仲間,超理想,癒し手,控えめで理想に生きる,物静かで少しせっかちな面があり、対立を徹底的に避ける性格,温厚で地に足がついていない
内向,少即決,超回避,仲間派,超現実,守護者,仲間を守る頼れる存在,物静かで少しせっかちな面があり、対立を徹底的に避ける性格,仲間思いで超現実主義
内向,少即決,超回避,仲間派,現実,守護者,仲間を守る頼れる存在,物静かで少しせっかちな面があり、対立を徹底的に避ける性格,仲間思いで現実主義
内向,少即決,超回避,仲間派,少現実,守護者,仲間を守る頼れる存在,物静かで少しせっかちな面があり、対立を徹底的に避ける性格,仲間思いで現実的な側面を考慮する
内向,少即決,超回避,仲間派,少理想,守護者,仲間を守る頼れる存在,物静かで少しせっかちな面があり、対立を徹底的に避ける性格,仲間思いで夢見がち
内向,少即決,超回避,仲間派,理想,癒し手,控えめで理想に生きる,物静かで少しせっかちな面があり、対立を徹底的に避ける性格,仲間思いで理想的
内向,少即決,超回避,仲間派,超理想,癒し手,控えめで理想に生きる,物静かで少しせっかちな面があり、対立を徹底的に避ける性格,仲間思いで地に足がついていない
内向,少即決,超回避,超仲間,超現実,守護者,仲間を守る頼れる存在,物静かで少しせっかちな面があり、対立を徹底的に避ける性格,自己犠牲精神で超現実主義
内向,少即決,超回避,超仲間,現実,守護者,仲間を守る頼れる存在,物静かで少しせっかちな面があり、対立を徹底的に避ける性格,自己犠牲精神で現実主義
内向,少即決,超回避,超仲間,少現実,守護者,仲間を守る頼れる存在,物静かで少しせっかちな面があり、対立を徹底的に避ける性格,自己犠牲精神で現実的な側面を考慮する
内向,少即決,超回避,超仲間,少理想,守護者,仲間を守る頼れる存在,物静かで少しせっかちな面があり、対立を徹底的に避ける性格,自己犠牲精神で夢見がち
内向,少即決,超回避,超仲間,理想,癒し手,控えめで理想に生きる,物静かで少しせっかちな面があり、対立を徹底的に避ける性格,自己犠牲精神で理想的
内向,少即決,超回避,超仲間,超理想,癒し手,控えめで理想に生きる,物静かで少しせっかちな面があり、対立を徹底的に避ける性格,自己犠牲精神で地に足がついていない
内向,少即決,回避,孤高,超現実,調整役,周囲を見てバランスを取る人,物静かで少しせっかちな面があり、直接的な対応を好まない性格,孤高の存在で超現実主義
内向,少即決,回避,孤高,現実,調整役,周囲を見てバランスを取る人,物静かで少しせっかちな面があり、直接的な対応を好まない性格,孤高の存在で現実主義
内向,少即決,回避,孤高,少現実,調整役,周囲を見てバランスを取る人,物静かで少しせっかちな面があり、直接的な対応を好まない性格,孤高の存在で現実的な側面を考慮する
内向,少即決,回避,孤高,少理想,調整役,周囲を見てバランスを取る人,物静かで少しせっかちな面があり、直接的な対応を好まない性格,孤高の存在で夢見がち
内向,少即決,回避,孤高,理想,癒し手,控えめで理想に生きる,物静かで少しせっかちな面があり、直接的な対応を好まない性格,孤高の存在で理想的
内向,少即決,回避,孤高,超理想,癒し手,控えめで理想に生きる,物静かで少しせっかちな面があり、直接的な対応を好まない性格,孤高の存在で地に足がついていない
内向,少即決,回避,一匹狼,超現実,調整役,周囲を見てバランスを取る人,物静かで少しせっかちな面があり、直接的な対応を好まない性格,一匹狼で超現実主義
内向,少即決,回避,一匹狼,現実,調整役,周囲を見てバランスを取る人,物静かで少しせっかちな面があり、直接的な対応を好まない性格,一匹狼で現実主義
内向,少即決,回避,一匹狼,少現実,調整役,周囲を見てバランスを取る人,物静かで少しせっかちな面があり、直接的な対応を好まない性格,一匹狼で現実的な側面を考慮する
内向,少即決,回避,一匹狼,少理想,調整役,周囲を見てバランスを取る人,物静かで少しせっかちな面があり、直接的な対応を好まない性格,一匹狼で夢見がち
内向,少即決,回避,一匹狼,理想,癒し手,控えめで理想に生きる,物静かで少しせっかちな面があり、直接的な対応を好まない性格,一匹狼で理想的
内向,少即決,回避,一匹狼,超理想,癒し手,控えめで理想に生きる,物静かで少しせっかちな面があり、直接的な対応を好まない性格,一匹狼で地に足がついていない
内向,少即決,回避,少孤独,超現実,調整役,周囲を見てバランスを取る人,物静かで少しせっかちな面があり、直接的な対応を好まない性格,自由主義で超現実主義
内向,少即決,回避,少孤独,現実,調整役,周囲を見てバランスを取る人,物静かで少しせっかちな面があり、直接的な対応を好まない性格,自由主義で現実主義
内向,少即決,回避,少孤独,少現実,調整役,周囲を見てバランスを取る人,物静かで少しせっかちな面があり、直接的な対応を好まない性格,自由主義で現実的な側面を考慮する
内向,少即決,回避,少孤独,少理想,調整役,周囲を見てバランスを取る人,物静かで少しせっかちな面があり、直接的な対応を好まない性格,自由主義で夢見がち
内向,少即決,回避,少孤独,理想,癒し手,控えめで理想に生きる,物静かで少しせっかちな面があり、直接的な対応を好まない性格,自由主義で理想的
内向,少即決,回避,少孤独,超理想,癒し手,控えめで理想に生きる,物静かで少しせっかちな面があり、直接的な対応を好まない性格,自由主義で地に足がついていない
内向,少即決,回避,少仲間,超現実,調整役,周囲を見てバランスを取る人,物静かで少しせっかちな面があり、直接的な対応を好まない性格,温厚で超現実主義
内向,少即決,回避,少仲間,現実,調整役,周囲を見てバランスを取る人,物静かで少しせっかちな面があり、直接的な対応を好まない性格,温厚で現実主義
内向,少即決,回避,少仲間,少現実,調整役,周囲を見てバランスを取る人,物静かで少しせっかちな面があり、直接的な対応を好まない性格,温厚で現実的な側面を考慮する
内向,少即決,回避,少仲間,少理想,調整役,周囲を見てバランスを取る人,物静かで少しせっかちな面があり、直接的な対応を好まない性格,温厚で夢見がち
内向,少即決,回避,少仲間,理想,癒し手,控えめで理想に生きる,物静かで少しせっかちな面があり、直接的な対応を好まない性格,温厚で理想的
内向,少即決,回避,少仲間,超理想,癒し手,控えめで理想に生きる,物静かで少しせっかちな面があり、直接的な対応を好まない性格,温厚で地に足がついていない
内向,少即決,回避,仲間派,超現実,守護者,仲間を守る頼れる存在,物静かで少しせっかちな面があり、直接的な対応を好まない性格,仲間思いで超現実主義
内向,少即決,回避,仲間派,現実,守護者,仲間を守る頼れる存在,物静かで少しせっかちな面があり、直接的な対応を好まない性格,仲間思いで現実主義
内向,少即決,回避,仲間派,少現実,守護者,仲間を守る頼れる存在,物静かで少しせっかちな面があり、直接的な対応を好まない性格,仲間思いで現実的な側面を考慮する
内向,少即決,回避,仲間派,少理想,守護者,仲間を守る頼れる存在,物静かで少しせっかちな面があり、直接的な対応を好まない性格,仲間思いで夢見がち
内向,少即決,回避,仲間派,理想,癒し手,控えめで理想に生きる,物静かで少しせっかちな面があり、直接的な対応を好まない性格,仲間思いで理想的
内向,少即決,回避,仲間派,超理想,癒し手,控えめで理想に生きる,物静かで少しせっかちな面があり、直接的な対応を好まない性格,仲間思いで地に足がついていない
内向,少即決,回避,超仲間,超現実,守護者,仲間を守る頼れる存在,物静かで少しせっかちな面があり、直接的な対応を好まない性格,自己犠牲精神で超現実主義
内向,少即決,回避,超仲間,現実,守護者,仲間を守る頼れる存在,物静かで少しせっかちな面があり、直接的な対応を好まない性格,自己犠牲精神で現実主義
内向,少即決,回避,超仲間,少現実,守護者,仲間を守る頼れる存在,物静かで少しせっかちな面があり、直接的な対応を好まない性格,自己犠牲精神で現実的な側面を考慮する
内向,少即決,回避,超仲間,少理想,守護者,仲間を守る頼れる存在,物静かで少しせっかちな面があり、直接的な対応を好まない性格,自己犠牲精神で夢見がち
内向,少即決,回避,超仲間,理想,癒し手,控えめで理想に生きる,物静かで少しせっかちな面があり、直接的な対応を好まない性格,自己犠牲精神で理想的
内向,少即決,回避,超仲間,超理想,癒し手,控えめで理想に生きる,物静かで少しせっかちな面があり、直接的な対応を好まない性格,自己犠牲精神で地に足がついていない
内向,少即決,少回避,孤高,超現実,調整役,周囲を見てバランスを取る人,物静かで少しせっかちな面があり、争いごとを好まない性格,孤高の存在で超現実主義
内向,少即決,少回避,孤高,現実,調整役,周囲を見てバランスを取る人,物静かで少しせっかちな面があり、争いごとを好まない性格,孤高の存在で現実主義
内向,少即決,少回避,孤高,少現実,調整役,周囲を見てバランスを取る人,物静かで少しせっかちな面があり、争いごとを好まない性格,孤高の存在で現実的な側面を考慮する
内向,少即決,少回避,孤高,少理想,調整役,周囲を見てバランスを取る人,物静かで少しせっかちな面があり、争いごとを好まない性格,孤高の存在で夢見がち
内向,少即決,少回避,孤高,理想,癒し手,控えめで理想に生きる,物静かで少しせっかちな面があり、争いごとを好まない性格,孤高の存在で理想的
内向,少即決,少回避,孤高,超理想,癒し手,控えめで理想に生きる,物静かで少しせっかちな面があり、争いごとを好まない性格,孤高の存在で地に足がついていない
内向,少即決,少回避,一匹狼,超現実,調整役,周囲を見てバランスを取る人,物静かで少しせっかちな面があり、争いごとを好まない性格,一匹狼で超現実主義
内向,少即決,少回避,一匹狼,現実,調整役,周囲を見てバランスを取る人,物静かで少しせっかちな面があり、争いごとを好まない性格,一匹狼で現実主義
内向,少即決,少回避,一匹狼,少現実,調整役,周囲を見てバランスを取る人,物静かで少しせっかちな面があり、争いごとを好まない性格,一匹狼で現実的な側面を考慮する
内向,少即決,少回避,一匹狼,少理想,調整役,周囲を見てバランスを取る人,物静かで少しせっかちな面があり、争いごとを好まない性格,一匹狼で夢見がち
内向,少即決,少回避,一匹狼,理想,癒し手,控えめで理想に生きる,物静かで少しせっかちな面があり、争いごとを好まない性格,一匹狼で理想的
内向,少即決,少回避,一匹狼,超理想,癒し手,控えめで理想に生きる,物静かで少しせっかちな面があり、争いごとを好まない性格,一匹狼で地に足がついていない
内向,少即決,少回避,少孤独,超現実,調整役,周囲を見てバランスを取る人,物静かで少しせっかちな面があり、争いごとを好まない性格,自由主義で超現実主義
内向,少即決,少回避,少孤独,現実,調整役,周囲を見てバランスを取る人,物静かで少しせっかちな面があり、争いごとを好まない性格,自由主義で現実主義
内向,少即決,少回避,少孤独,少現実,調整役,周囲を見てバランスを取る人,物静かで少しせっかちな面があり、争いごとを好まない性格,自由主義で現実的な側面を考慮する
内向,少即決,少回避,少孤独,少理想,調整役,周囲を見てバランスを取る人,物静かで少しせっかちな面があり、争いごとを好まない性格,自由主義で夢見がち
内向,少即決,少回避,少孤独,理想,癒し手,控えめで理想に生きる,物静かで少しせっかちな面があり、争いごとを好まない性格,自由主義で理想的
内向,少即決,少回避,少孤独,超理想,癒し手,控えめで理想に生きる,物静かで少しせっかちな面があり、争いごとを好まない性格,自由主義で地に足がついていない
内向,少即決,少回避,少仲間,超現実,調整役,周囲を見てバランスを取る人,物静かで少しせっかちな面があり、争いごとを好まない性格,温厚で超現実主義
内向,少即決,少回避,少仲間,現実,調整役,周囲を見てバランスを取る人,物静かで少しせっかちな面があり、争いごとを好まない性格,温厚で現実主義
内向,少即決,少回避,少仲間,少現実,調整役,周囲を見てバランスを取る人,物静かで少しせっかちな面があり、争いごとを好まない性格,温厚で現実的な側面を考慮する
内向,少即決,少回避,少仲間,少理想,調整役,周囲を見てバランスを取る人,物静かで少しせっかちな面があり、争いごとを好まない性格,温厚で夢見がち
内向,少即決,少回避,少仲間,理想,癒し手,控えめで理想に生きる,物静かで少しせっかちな面があり、争いごとを好まない性格,温厚で理想的
内向,少即決,少回避,少仲間,超理想,癒し手,控えめで理想に生きる,物静かで少しせっかちな面があり、争いごとを好まない性格,温厚で地に足がついていない
内向,少即決,少回避,仲間派,超現実,守護者,仲間を守る頼れる存在,物静かで少しせっかちな面があり、争いごとを好まない性格,仲間思いで超現実主義
内向,少即決,少回避,仲間派,現実,守護者,仲間を守る頼れる存在,物静かで少しせっかちな面があり、争いごとを好まない性格,仲間思いで現実主義
内向,少即決,少回避,仲間派,少現実,守護者,仲間を守る頼れる存在,物静かで少しせっかちな面があり、争いごとを好まない性格,仲間思いで現実的な側面を考慮する
内向,少即決,少回避,仲間派,少理想,守護者,仲間を守る頼れる存在,物静かで少しせっかちな面があり、争いごとを好まない性格,仲間思いで夢見がち
内向,少即決,少回避,仲間派,理想,癒し手,控えめで理想に生きる,物静かで少しせっかちな面があり、争いごとを好まない性格,仲間思いで理想的
内向,少即決,少回避,仲間派,超理想,癒し手,控えめで理想に生きる,物静かで少しせっかちな面があり、争いごとを好まない性格,仲間思いで地に足がついていない
内向,少即決,少回避,超仲間,超現実,守護者,仲間を守る頼れる存在,物静かで少しせっかちな面があり、争いごとを好まない性格,自己犠牲精神で超現実主義
内向,少即決,少回避,超仲間,現実,守護者,仲間を守る頼れる存在,物静かで少しせっかちな面があり、争いごとを好まない性格,自己犠牲精神で現実主義
内向,少即決,少回避,超仲間,少現実,守護者,仲間を守る頼れる存在,物静かで少しせっかちな面があり、争いごとを好まない性格,自己犠牲精神で現実的な側面を考慮する
内向,少即決,少回避,超仲間,少理想,守護者,仲間を守る頼れる存在,物静かで少しせっかちな面があり、争いごとを好まない性格,自己犠牲精神で夢見がち
内向,少即決,少回避,超仲間,理想,癒し手,控えめで理想に生きる,物静かで少しせっかちな面があり、争いごとを好まない性格,自己犠牲精神で理想的
内向,少即決,少回避,超仲間,超理想,癒し手,控えめで理想に生きる,物静かで少しせっかちな面があり、争いごとを好まない性格,自己犠牲精神で地に足がついていない
内向,少即決,少挑戦,孤高,超現実,調整役,周囲を見てバランスを取る人,物静かで少しせっかちな面があり、探求心がある性格,孤高の存在で超現実主義
内向,少即決,少挑戦,孤高,現実,調整役,周囲を見てバランスを取る人,物静かで少しせっかちな面があり、探求心がある性格,孤高の存在で現実主義
内向,少即決,少挑戦,孤高,少現実,調整役,周囲を見てバランスを取る人,物静かで少しせっかちな面があり、探求心がある性格,孤高の存在で現実的な側面を考慮する
内向,少即決,少挑戦,孤高,少理想,調整役,周囲を見てバランスを取る人,物静かで少しせっかちな面があり、探求心がある性格,孤高の存在で夢見がち
内向,少即決,少挑戦,孤高,理想,癒し手,控えめで理想に生きる,物静かで少しせっかちな面があり、探求心がある性格,孤高の存在で理想的
内向,少即決,少挑戦,孤高,超理想,癒し手,控えめで理想に生きる,物静かで少しせっかちな面があり、探求心がある性格,孤高の存在で地に足がついていない
内向,少即決,少挑戦,一匹狼,超現実,調整役,周囲を見てバランスを取る人,物静かで少しせっかちな面があり、探求心がある性格,一匹狼で超現実主義
内向,少即決,少挑戦,一匹狼,現実,調整役,周囲を見てバランスを取る人,物静かで少しせっかちな面があり、探求心がある性格,一匹狼で現実主義
内向,少即決,少挑戦,一匹狼,少現実,調整役,周囲を見てバランスを取る人,物静かで少しせっかちな面があり、探求心がある性格,一匹狼で現実的な側面を考慮する
内向,少即決,少挑戦,一匹狼,少理想,調整役,周囲を見てバランスを取る人,物静かで少しせっかちな面があり、探求心がある性格,一匹狼で夢見がち
内向,少即決,少挑戦,一匹狼,理想,癒し手,控えめで理想に生きる,物静かで少しせっかちな面があり、探求心がある性格,一匹狼で理想的
内向,少即決,少挑戦,一匹狼,超理想,癒し手,控えめで理想に生きる,物静かで少しせっかちな面があり、探求心がある性格,一匹狼で地に足がついていない
内向,少即決,少挑戦,少孤独,超現実,調整役,周囲を見てバランスを取る人,物静かで少しせっかちな面があり、探求心がある性格,自由主義で超現実主義
内向,少即決,少挑戦,少孤独,現実,調整役,周囲を見てバランスを取る人,物静かで少しせっかちな面があり、探求心がある性格,自由主義で現実主義
内向,少即決,少挑戦,少孤独,少現実,調整役,周囲を見てバランスを取る人,物静かで少しせっかちな面があり、探求心がある性格,自由主義で現実的な側面を考慮する
内向,少即決,少挑戦,少孤独,少理想,調整役,周囲を見てバランスを取る人,物静かで少しせっかちな面があり、探求心がある性格,自由主義で夢見がち
内向,少即決,少挑戦,少孤独,理想,癒し手,控えめで理想に生きる,物静かで少しせっかちな面があり、探求心がある性格,自由主義で理想的
内向,少即決,少挑戦,少孤独,超理想,癒し手,控えめで理想に生きる,物静かで少しせっかちな面があり、探求心がある性格,自由主義で地に足がついていない
内向,少即決,少挑戦,少仲間,超現実,調整役,周囲を見てバランスを取る人,物静かで少しせっかちな面があり、探求心がある性格,温厚で超現実主義
内向,少即決,少挑戦,少仲間,現実,調整役,周囲を見てバランスを取る人,物静かで少しせっかちな面があり、探求心がある性格,温厚で現実主義
内向,少即決,少挑戦,少仲間,少現実,調整役,周囲を見てバランスを取る人,物静かで少しせっかちな面があり、探求心がある性格,温厚で現実的な側面を考慮する
内向,少即決,少挑戦,少仲間,少理想,調整役,周囲を見てバランスを取る人,物静かで少しせっかちな面があり、探求心がある性格,温厚で夢見がち
内向,少即決,少挑戦,少仲間,理想,癒し手,控えめで理想に生きる,物静かで少しせっかちな面があり、探求心がある性格,温厚で理想的
内向,少即決,少挑戦,少仲間,超理想,癒し手,控えめで理想に生きる,物静かで少しせっかちな面があり、探求心がある性格,温厚で地に足がついていない
内向,少即決,少挑戦,仲間派,超現実,調整役,周囲を見てバランスを取る人,物静かで少しせっかちな面があり、探求心がある性格,仲間思いで超現実主義
内向,少即決,少挑戦,仲間派,現実,調整役,周囲を見てバランスを取る人,物静かで少しせっかちな面があり、探求心がある性格,仲間思いで現実主義
内向,少即決,少挑戦,仲間派,少現実,調整役,周囲を見てバランスを取る人,物静かで少しせっかちな面があり、探求心がある性格,仲間思いで現実的な側面を考慮する
内向,少即決,少挑戦,仲間派,少理想,調整役,周囲を見てバランスを取る人,物静かで少しせっかちな面があり、探求心がある性格,仲間思いで夢見がち
内向,少即決,少挑戦,仲間派,理想,癒し手,控えめで理想に生きる,物静かで少しせっかちな面があり、探求心がある性格,仲間思いで理想的
内向,少即決,少挑戦,仲間派,超理想,癒し手,控えめで理想に生きる,物静かで少しせっかちな面があり、探求心がある性格,仲間思いで地に足がついていない
内向,少即決,少挑戦,超仲間,超現実,調整役,周囲を見てバランスを取る人,物静かで少しせっかちな面があり、探求心がある性格,自己犠牲精神で超現実主義
内向,少即決,少挑戦,超仲間,現実,調整役,周囲を見てバランスを取る人,物静かで少しせっかちな面があり、探求心がある性格,自己犠牲精神で現実主義
内向,少即決,少挑戦,超仲間,少現実,調整役,周囲を見てバランスを取る人,物静かで少しせっかちな面があり、探求心がある性格,自己犠牲精神で現実的な側面を考慮する
内向,少即決,少挑戦,超仲間,少理想,調整役,周囲を見てバランスを取る人,物静かで少しせっかちな面があり、探求心がある性格,自己犠牲精神で夢見がち
内向,少即決,少挑戦,超仲間,理想,癒し手,控えめで理想に生きる,物静かで少しせっかちな面があり、探求心がある性格,自己犠牲精神で理想的
内向,少即決,少挑戦,超仲間,超理想,癒し手,控えめで理想に生きる,物静かで少しせっかちな面があり、探求心がある性格,自己犠牲精神で地に足がついていない
内向,少即決,挑戦,孤高,超現実,孤高の戦士,誰にも頼らず突き進む,物静かで少しせっかちな面があり、挑戦的な性格,孤高の存在で超現実主義
内向,少即決,挑戦,孤高,現実,孤高の戦士,誰にも頼らず突き進む,物静かで少しせっかちな面があり、挑戦的な性格,孤高の存在で現実主義
内向,少即決,挑戦,孤高,少現実,調整役,周囲を見てバランスを取る人,物静かで少しせっかちな面があり、挑戦的な性格,孤高の存在で現実的な側面を考慮する
内向,少即決,挑戦,孤高,少理想,調整役,周囲を見てバランスを取る人,物静かで少しせっかちな面があり、挑戦的な性格,孤高の存在で夢見がち
内向,少即決,挑戦,孤高,理想,癒し手,控えめで理想に生きる,物静かで少しせっかちな面があり、挑戦的な性格,孤高の存在で理想的
内向,少即決,挑戦,孤高,超理想,癒し手,控えめで理想に生きる,物静かで少しせっかちな面があり、挑戦的な性格,孤高の存在で地に足がついていない
内向,少即決,挑戦,一匹狼,超現実,孤高の戦士,誰にも頼らず突き進む,物静かで少しせっかちな面があり、挑戦的な性格,一匹狼で超現実主義
内向,少即決,挑戦,一匹狼,現実,孤高の戦士,誰にも頼らず突き進む,物静かで少しせっかちな面があり、挑戦的な性格,一匹狼で現実主義
内向,少即決,挑戦,一匹狼,少現実,調整役,周囲を見てバランスを取る人,物静かで少しせっかちな面があり、挑戦的な性格,一匹狼で現実的な側面を考慮する
内向,少即決,挑戦,一匹狼,少理想,調整役,周囲を見てバランスを取る人,物静かで少しせっかちな面があり、挑戦的な性格,一匹狼で夢見がち
内向,少即決,挑戦,一匹狼,理想,癒し手,控えめで理想に生きる,物静かで少しせっかちな面があり、挑戦的な性格,一匹狼で理想的
内向,少即決,挑戦,一匹狼,超理想,癒し手,控えめで理想に生きる,物静かで少しせっかちな面があり、挑戦的な性格,一匹狼で地に足がついていない
内向,少即決,挑戦,少孤独,超現実,調整役,周囲を見てバランスを取る人,物静かで少しせっかちな面があり、挑戦的な性格,自由主義で超現実主義
内向,少即決,挑戦,少孤独,現実,調整役,周囲を見てバランスを取る人,物静かで少しせっかちな面があり、挑戦的な性格,自由主義で現実主義
内向,少即決,挑戦,少孤独,少現実,調整役,周囲を見てバランスを取る人,物静かで少しせっかちな面があり、挑戦的な性格,自由主義で現実的な側面を考慮する
内向,少即決,挑戦,少孤独,少理想,調整役,周囲を見てバランスを取る人,物静かで少しせっかちな面があり、挑戦的な性格,自由主義で夢見がち
内向,少即決,挑戦,少孤独,理想,癒し手,控えめで理想に生きる,物静かで少しせっかちな面があり、挑戦的な性格,自由主義で理想的
内向,少即決,挑戦,少孤独,超理想,癒し手,控えめで理想に生きる,物静かで少しせっかちな面があり、挑戦的な性格,自由主義で地に足がついていない
内向,少即決,挑戦,少仲間,超現実,調整役,周囲を見てバランスを取る人,物静かで少しせっかちな面があり、挑戦的な性格,温厚で超現実主義
内向,少即決,挑戦,少仲間,現実,調整役,周囲を見てバランスを取る人,物静かで少しせっかちな面があり、挑戦的な性格,温厚で現実主義
内向,少即決,挑戦,少仲間,少現実,調整役,周囲を見てバランスを取る人,物静かで少しせっかちな面があり、挑戦的な性格,温厚で現実的な側面を考慮する
内向,少即決,挑戦,少仲間,少理想,調整役,周囲を見てバランスを取る人,物静かで少しせっかちな面があり、挑戦的な性格,温厚で夢見がち
内向,少即決,挑戦,少仲間,理想,癒し手,控えめで理想に生きる,物静かで少しせっかちな面があり、挑戦的な性格,温厚で理想的
内向,少即決,挑戦,少仲間,超理想,癒し手,控えめで理想に生きる,物静かで少しせっかちな面があり、挑戦的な性格,温厚で地に足がついていない
内向,少即決,挑戦,仲間派,超現実,調整役,周囲を見てバランスを取る人,物静かで少しせっかちな面があり、挑戦的な性格,仲間思いで超現実主義
内向,少即決,挑戦,仲間派,現実,調整役,周囲を見てバランスを取る人,物静かで少しせっかちな面があり、挑戦的な性格,仲間思いで現実主義
内向,少即決,挑戦,仲間派,少現実,調整役,周囲を見てバランスを取る人,物静かで少しせっかちな面があり、挑戦的な性格,仲間思いで現実的な側面を考慮する
内向,少即決,挑戦,仲間派,少理想,調整役,周囲を見てバランスを取る人,物静かで少しせっかちな面があり、挑戦的な性格,仲間思いで夢見がち
内向,少即決,挑戦,仲間派,理想,挑戦家,理想を掲げ挑戦を恐れない,物静かで少しせっかちな面があり、挑戦的な性格,仲間思いで理想的
内向,少即決,挑戦,仲間派,超理想,挑戦家,理想を掲げ挑戦を恐れない,物静かで少しせっかちな面があり、挑戦的な性格,仲間思いで地に足がついていない
内向,少即決,挑戦,超仲間,超現実,調整役,周囲を見てバランスを取る人,物静かで少しせっかちな面があり、挑戦的な性格,自己犠牲精神で超現実主義
内向,少即決,挑戦,超仲間,現実,調整役,周囲を見てバランスを取る人,物静かで少しせっかちな面があり、挑戦的な性格,自己犠牲精神で現実主義
内向,少即決,挑戦,超仲間,少現実,調整役,周囲を見てバランスを取る人,物静かで少しせっかちな面があり、挑戦的な性格,自己犠牲精神で現実的な側面を考慮する
内向,少即決,挑戦,超仲間,少理想,調整役,周囲を見てバランスを取る人,物静かで少しせっかちな面があり、挑戦的な性格,自己犠牲精神で夢見がち
内向,少即決,挑戦,超仲間,理想,挑戦家,理想を掲げ挑戦を恐れない,物静かで少しせっかちな面があり、挑戦的な性格,自己犠牲精神で理想的
内向,少即決,挑戦,超仲間,超理想,挑戦家,理想を掲げ挑戦を恐れない,物静かで少しせっかちな面があり、挑戦的な性格,自己犠牲精神で地に足がついていない
内向,少即決,超挑戦,孤高,超現実,孤高の戦士,誰にも頼らず突き進む,物静かで少しせっかちな面があり、果敢な性格,孤高の存在で超現実主義
内向,少即決,超挑戦,孤高,現実,孤高の戦士,誰にも頼らず突き進む,物静かで少しせっかちな面があり、果敢な性格,孤高の存在で現実主義
内向,少即決,超挑戦,孤高,少現実,調整役,周囲を見てバランスを取る人,物静かで少しせっかちな面があり、果敢な性格,孤高の存在で現実的な側面を考慮する
内向,少即決,超挑戦,孤高,少理想,調整役,周囲を見てバランスを取る人,物静かで少しせっかちな面があり、果敢な性格,孤高の存在で夢見がち
内向,少即決,超挑戦,孤高,理想,癒し手,控えめで理想に生きる,物静かで少しせっかちな面があり、果敢な性格,孤高の存在で理想的
内向,少即決,超挑戦,孤高,超理想,癒し手,控えめで理想に生きる,物静かで少しせっかちな面があり、果敢な性格,孤高の存在で地に足がついていない
内向,少即決,超挑戦,一匹狼,超現実,孤高の戦士,誰にも頼らず突き進む,物静かで少しせっかちな面があり、果敢な性格,一匹狼で超現実主義
内向,少即決,超挑戦,一匹狼,現実,孤高の戦士,誰にも頼らず突き進む,物静かで少しせっかちな面があり、果敢な性格,一匹狼で現実主義
内向,少即決,超挑戦,一匹狼,少現実,調整役,周囲を見てバランスを取る人,物静かで少しせっかちな面があり、果敢な性格,一匹狼で現実的な側面を考慮する
内向,少即決,超挑戦,一匹狼,少理想,調整役,周囲を見てバランスを取る人,物静かで少しせっかちな面があり、果敢な性格,一匹狼で夢見がち
内向,少即決,超挑戦,一匹狼,理想,癒し手,控えめで理想に生きる,物静かで少しせっかちな面があり、果敢な性格,一匹狼で理想的
内向,少即決,超挑戦,一匹狼,超理想,癒し手,控えめで理想に生きる,物静かで少しせっかちな面があり、果敢な性格,一匹狼で地に足がついていない
内向,少即決,超挑戦,少孤独,超現実,調整役,周囲を見てバランスを取る人,物静かで少しせっかちな面があり、果敢な性格,自由主義で超現実主義
内向,少即決,超挑戦,少孤独,現実,調整役,周囲を見てバランスを取る人,物静かで少しせっかちな面があり、果敢な性格,自由主義で現実主義
内向,少即決,超挑戦,少孤独,少現実,調整役,周囲を見てバランスを取る人,物静かで少しせっかちな面があり、果敢な性格,自由主義で現実的な側面を考慮する
内向,少即決,超挑戦,少孤独,少理想,調整役,周囲を見てバランスを取る人,物静かで少しせっかちな面があり、果敢な性格,自由主義で夢見がち
内向,少即決,超挑戦,少孤独,理想,癒し手,控えめで理想に生きる,物静かで少しせっかちな面があり、果敢な性格,自由主義で理想的
内向,少即決,超挑戦,少孤独,超理想,癒し手,控えめで理想に生きる,物静かで少しせっかちな面があり、果敢な性格,自由主義で地に足がついていない
内向,少即決,超挑戦,少仲間,超現実,調整役,周囲を見てバランスを取る人,物静かで少しせっかちな面があり、果敢な性格,温厚で超現実主義
内向,少即決,超挑戦,少仲間,現実,調整役,周囲を見てバランスを取る人,物静かで少しせっかちな面があり、果敢な性格,温厚で現実主義
内向,少即決,超挑戦,少仲間,少現実,調整役,周囲を見てバランスを取る人,物静かで少しせっかちな面があり、果敢な性格,温厚で現実的な側面を考慮する
内向,少即決,超挑戦,少仲間,少理想,調整役,周囲を見てバランスを取る人,物静かで少しせっかちな面があり、果敢な性格,温厚で夢見がち
内向,少即決,超挑戦,少仲間,理想,癒し手,控えめで理想に生きる,物静かで少しせっかちな面があり、果敢な性格,温厚で理想的
内向,少即決,超挑戦,少仲間,超理想,癒し手,控えめで理想に生きる,物静かで少しせっかちな面があり、果敢な性格,温厚で地に足がついていない
内向,少即決,超挑戦,仲間派,超現実,調整役,周囲を見てバランスを取る人,物静かで少しせっかちな面があり、果敢な性格,仲間思いで超現実主義
内向,少即決,超挑戦,仲間派,現実,調整役,周囲を見てバランスを取る人,物静かで少しせっかちな面があり、果敢な性格,仲間思いで現実主義
内向,少即決,超挑戦,仲間派,少現実,調整役,周囲を見てバランスを取る人,物静かで少しせっかちな面があり、果敢な性格,仲間思いで現実的な側面を考慮する
内向,少即決,超挑戦,仲間派,少理想,調整役,周囲を見てバランスを取る人,物静かで少しせっかちな面があり、果敢な性格,仲間思いで夢見がち
内向,少即決,超挑戦,仲間派,理想,挑戦家,理想を掲げ挑戦を恐れない,物静かで少しせっかちな面があり、果敢な性格,仲間思いで理想的
内向,少即決,超挑戦,仲間派,超理想,挑戦家,理想を掲げ挑戦を恐れない,物静かで少しせっかちな面があり、果敢な性格,仲間思いで地に足がついていない
内向,少即決,超挑戦,超仲間,超現実,調整役,周囲を見てバランスを取る人,物静かで少しせっかちな面があり、果敢な性格,自己犠牲精神で超現実主義
内向,少即決,超挑戦,超仲間,現実,調整役,周囲を見てバランスを取る人,物静かで少しせっかちな面があり、果敢な性格,自己犠牲精神で現実主義
内向,少即決,超挑戦,超仲間,少現実,調整役,周囲を見てバランスを取る人,物静かで少しせっかちな面があり、果敢な性格,自己犠牲精神で現実的な側面を考慮する
内向,少即決,超挑戦,超仲間,少理想,調整役,周囲を見てバランスを取る人,物静かで少しせっかちな面があり、果敢な性格,自己犠牲精神で夢見がち
内向,少即決,超挑戦,超仲間,理想,挑戦家,理想を掲げ挑戦を恐れない,物静かで少しせっかちな面があり、果敢な性格,自己犠牲精神で理想的
内向,少即決,超挑戦,超仲間,超理想,挑戦家,理想を掲げ挑戦を恐れない,物静かで少しせっかちな面があり、果敢な性格,自己犠牲精神で地に足がついていない
内向,即決,超回避,孤高,超現実,暴走隊長,突っ走る孤高タイプ,物静かで直感に従う、対立を徹底的に避ける性格,孤高の存在で超現実主義
内向,即決,超回避,孤高,現実,暴走隊長,突っ走る孤高タイプ,物静かで直感に従う、対立を徹底的に避ける性格,孤高の存在で現実主義
内向,即決,超回避,孤高,少現実,暴走隊長,突っ走る孤高タイプ,物静かで直感に従う、対立を徹底的に避ける性格,孤高の存在で現実的な側面を考慮する
内向,即決,超回避,孤高,少理想,暴走隊長,突っ走る孤高タイプ,物静かで直感に従う、対立を徹底的に避ける性格,孤高の存在で夢見がち
内向,即決,超回避,孤高,理想,癒し手,控えめで理想に生きる,物静かで直感に従う、対立を徹底的に避ける性格,孤高の存在で理想的
内向,即決,超回避,孤高,超理想,癒し手,控えめで理想に生きる,物静かで直感に従う、対立を徹底的に避ける性格,孤高の存在で地に足がついていない
内向,即決,超回避,一匹狼,超現実,暴走隊長,突っ走る孤高タイプ,物静かで直感に従う、対立を徹底的に避ける性格,一匹狼で超現実主義
内向,即決,超回避,一匹狼,現実,暴走隊長,突っ走る孤高タイプ,物静かで直感に従う、対立を徹底的に避ける性格,一匹狼で現実主義
内向,即決,超回避,一匹狼,少現実,暴走隊長,突っ走る孤高タイプ,物静かで直感に従う、対立を徹底的に避ける性格,一匹狼で現実的な側面を考慮する
内向,即決,超回避,一匹狼,少理想,暴走隊長,突っ走る孤高タイプ,物静かで直感に従う、対立を徹底的に避ける性格,一匹狼で夢見がち
内向,即決,超回避,一匹狼,理想,癒し手,控えめで理想に生きる,物静かで直感に従う、対立を徹底的に避ける性格,一匹狼で理想的
内向,即決,超回避,一匹狼,超理想,癒し手,控えめで理想に生きる,物静かで直感に従う、対立を徹底的に避ける性格,一匹狼で地に足がついていない
内向,即決,超回避,少孤独,超現実,調整役,周囲を見てバランスを取る人,物静かで直感に従う、対立を徹底的に避ける性格,自由主義で超現実主義
内向,即決,超回避,少孤独,現実,調整役,周囲を見てバランスを取る人,物静かで直感に従う、対立を徹底的に避ける性格,自由主義で現実主義
内向,即決,超回避,少孤独,少現実,調整役,周囲を見てバランスを取る人,物静かで直感に従う、対立を徹底的に避ける性格,自由主義で現実的な側面を考慮する
内向,即決,超回避,少孤独,少理想,調整役,周囲を見てバランスを取る人,物静かで直感に従う、対立を徹底的に避ける性格,自由主義で夢見がち
内向,即決,超回避,少孤独,理想,癒し手,控えめで理想に生きる,物静かで直感に従う、対立を徹底的に避ける性格,自由主義で理想的
内向,即決,超回避,少孤独,超理想,癒し手,控えめで理想に生きる,物静かで直感に従う、対立を徹底的に避ける性格,自由主義で地に足がついていない
内向,即決,超回避,少仲間,超現実,調整役,周囲を見てバランスを取る人,物静かで直感に従う、対立を徹底的に避ける性格,温厚で超現実主義
内向,即決,超回避,少仲間,現実,調整役,周囲を見てバランスを取る人,物静かで直感に従う、対立を徹底的に避ける性格,温厚で現実主義
内向,即決,超回避,少仲間,少現実,調整役,周囲を見てバランスを取る人,物静かで直感に従う、対立を徹底的に避ける性格,温厚で現実的な側面を考慮する
内向,即決,超回避,少仲間,少理想,調整役,周囲を見てバランスを取る人,物静かで直感に従う、対立を徹底的に避ける性格,温厚で夢見がち
内向,即決,超回避,少仲間,理想,癒し手,控えめで理想に生きる,物静かで直感に従う、対立を徹底的に避ける性格,温厚で理想的
内向,即決,超回避,少仲間,超理想,癒し手,控えめで理想に生きる,物静かで直感に従う、対立を徹底的に避ける性格,温厚で地に足がついていない
内向,即決,超回避,仲間派,超現実,守護者,仲間を守る頼れる存在,物静かで直感に従う、対立を徹底的に避ける性格,仲間思いで超現実主義
内向,即決,超回避,仲間派,現実,守護者,仲間を守る頼れる存在,物静かで直感に従う、対立を徹底的に避ける性格,仲間思いで現実主義
内向,即決,超回避,仲間派,少現実,守護者,仲間を守る頼れる存在,物静かで直感に従う、対立を徹底的に避ける性格,仲間思いで現実的な側面を考慮する
内向,即決,超回避,仲間派,少理想,守護者,仲間を守る頼れる存在,物静かで直感に従う、対立を徹底的に避ける性格,仲間思いで夢見がち
内向,即決,超回避,仲間派,理想,癒し手,控えめで理想に生きる,物静かで直感に従う、対立を徹底的に避ける性格,仲間思いで理想的
内向,即決,超回避,仲間派,超理想,癒し手,控えめで理想に生きる,物静かで直感に従う、対立を徹底的に避ける性格,仲間思いで地に足がついていない
内向,即決,超回避,超仲間,超現実,守護者,仲間を守る頼れる存在,物静かで直感に従う、対立を徹底的に避ける性格,自己犠牲精神で超現実主義
内向,即決,超回避,超仲間,現実,守護者,仲間を守る頼れる存在,物静かで直感に従う、対立を徹底的に避ける性格,自己犠牲精神で現実主義
内向,即決,超回避,超仲間,少現実,守護者,仲間を守る頼れる存在,物静かで直感に従う、対立を徹底的に避ける性格,自己犠牲精神で現実的な側面を考慮する
内向,即決,超回避,超仲間,少理想,守護者,仲間を守る頼れる存在,物静かで直感に従う、対立を徹底的に避ける性格,自己犠牲精神で夢見がち
内向,即決,超回避,超仲間,理想,癒し手,控えめで理想に生きる,物静かで直感に従う、対立を徹底的に避ける性格,自己犠牲精神で理想的
内向,即決,超回避,超仲間,超理想,癒し手,控えめで理想に生きる,物静かで直感に従う、対立を徹底的に避ける性格,自己犠牲精神で地に足がついていない
内向,即決,回避,孤高,超現実,暴走隊長,突っ走る孤高タイプ,物静かで直感に従う、直接的な対応を好まない性格,孤高の存在で超現実主義
内向,即決,回避,孤高,現実,暴走隊長,突っ走る孤高タイプ,物静かで直感に従う、直接的な対応を好まない性格,孤高の存在で現実主義
内向,即決,回避,孤高,少現実,暴走隊長,突っ走る孤高タイプ,物静かで直感に従う、直接的な対応を好まない性格,孤高の存在で現実的な側面を考慮する
内向,即決,回避,孤高,少理想,暴走隊長,突っ走る孤高タイプ,物静かで直感に従う、直接的な対応を好まない性格,孤高の存在で夢見がち
内向,即決,回避,孤高,理想,癒し手,控えめで理想に生きる,物静かで直感に従う、直接的な対応を好まない性格,孤高の存在で理想的
内向,即決,回避,孤高,超理想,癒し手,控えめで理想に生きる,物静かで直感に従う、直接的な対応を好まない性格,孤高の存在で地に足がついていない
内向,即決,回避,一匹狼,超現実,暴走隊長,突っ走る孤高タイプ,物静かで直感に従う、直接的な対応を好まない性格,一匹狼で超現実主義
内向,即決,回避,一匹狼,現実,暴走隊長,突っ走る孤高タイプ,物静かで直感に従う、直接的な対応を好まない性格,一匹狼で現実主義
内向,即決,回避,一匹狼,少現実,暴走隊長,突っ走る孤高タイプ,物静かで直感に従う、直接的な対応を好まない性格,一匹狼で現実的な側面を考慮する
内向,即決,回避,一匹狼,少理想,暴走隊長,突っ走る孤高タイプ,物静かで直感に従う、直接的な対応を好まない性格,一匹狼で夢見がち
内向,即決,回避,一匹狼,理想,癒し手,控えめで理想に生きる,物静かで直感に従う、直接的な対応を好まない性格,一匹狼で理想的
内向,即決,回避,一匹狼,超理想,癒し手,控えめで理想に生きる,物静かで直感に従う、直接的な対応を好まない性格,一匹狼で地に足がついていない
内向,即決,回避,少孤独,超現実,調整役,周囲を見てバランスを取る人,物静かで直感に従う、直接的な対応を好まない性格,自由主義で超現実主義
内向,即決,回避,少孤独,現実,調整役,周囲を見てバランスを取る人,物静かで直感に従う、直接的な対応を好まない性格,自由主義で現実主義
内向,即決,回避,少孤独,少現実,調整役,周囲を見てバランスを取る人,物静かで直感に従う、直接的な対応を好まない性格,自由主義で現実的な側面を考慮する
内向,即決,回避,少孤独,少理想,調整役,周囲を見てバランスを取る人,物静かで直感に従う、直接的な対応を好まない性格,自由主義で夢見がち
内向,即決,回避,少孤独,理想,癒し手,控えめで理想に生きる,物静かで直感に従う、直接的な対応を好まない性格,自由主義で理想的
内向,即決,回避,少孤独,超理想,癒し手,控えめで理想に生きる,物静かで直感に従う、直接的な対応を好まない性格,自由主義で地に足がついていない
内向,即決,回避,少仲間,超現実,調整役,周囲を見てバランスを取る人,物静かで直感に従う、直接的な対応を好まない性格,温厚で超現実主義
内向,即決,回避,少仲間,現実,調整役,周囲を見てバランスを取る人,物静かで直感に従う、直接的な対応を好まない性格,温厚で現実主義
内向,即決,回避,少仲間,少現実,調整役,周囲を見てバランスを取る人,物静かで直感に従う、直接的な対応を好まない性格,温厚で現実的な側面を考慮する
内向,即決,回避,少仲間,少理想,調整役,周囲を見てバランスを取る人,物静かで直感に従う、直接的な対応を好まない性格,温厚で夢見がち
内向,即決,回避,少仲間,理想,癒し手,控えめで理想に生きる,物静かで直感に従う、直接的な対応を好まない性格,温厚で理想的
内向,即決,回避,少仲間,超理想,癒し手,控えめで理想に生きる,物静かで直感に従う、直接的な対応を好まない性格,温厚で地に足がついていない
内向,即決,回避,仲間派,超現実,守護者,仲間を守る頼れる存在,物静かで直感に従う、直接的な対応を好まない性格,仲間思いで超現実主義
内向,即決,回避,仲間派,現実,守護者,仲間を守る頼れる存在,物静かで直感に従う、直接的な対応を好まない性格,仲間思いで現実主義
内向,即決,回避,仲間派,少現実,守護者,仲間を守る頼れる存在,物静かで直感に従う、直接的な対応を好まない性格,仲間思いで現実的な側面を考慮する
内向,即決,回避,仲間派,少理想,守護者,仲間を守る頼れる存在,物静かで直感に従う、直接的な対応を好まない性格,仲間思いで夢見がち
内向,即決,回避,仲間派,理想,癒し手,控えめで理想に生きる,物静かで直感に従う、直接的な対応を好まない性格,仲間思いで理想的
内向,即決,回避,仲間派,超理想,癒し手,控えめで理想に生きる,物静かで直感に従う、直接的な対応を好まない性格,仲間思いで地に足がついていない
内向,即決,回避,超仲間,超現実,守護者,仲間を守る頼れる存在,物静かで直感に従う、直接的な対応を好まない性格,自己犠牲精神で超現実主義
内向,即決,回避,超仲間,現実,守護者,仲間を守る頼れる存在,物静かで直感に従う、直接的な対応を好まない性格,自己犠牲精神で現実主義
内向,即決,回避,超仲間,少現実,守護者,仲間を守る頼れる存在,物静かで直感に従う、直接的な対応を好まない性格,自己犠牲精神で現実的な側面を考慮する
内向,即決,回避,超仲間,少理想,守護者,仲間を守る頼れる存在,物静かで直感に従う、直接的な対応を好まない性格,自己犠牲精神で夢見がち
内向,即決,回避,超仲間,理想,癒し手,控えめで理想に生きる,物静かで直感に従う、直接的な対応を好まない性格,自己犠牲精神で理想的
内向,即決,回避,超仲間,超理想,癒し手,控えめで理想に生きる,物静かで直感に従う、直接的な対応を好まない性格,自己犠牲精神で地に足がついていない
内向,即決,少回避,孤高,超現実,暴走隊長,突っ走る孤高タイプ,物静かで直感に従う、争いごとを好まない性格,孤高の存在で超現実主義
内向,即決,少回避,孤高,現実,暴走隊長,突っ走る孤高タイプ,物静かで直感に従う、争いごとを好まない性格,孤高の存在で現実主義
内向,即決,少回避,孤高,少現実,暴走隊長,突っ走る孤高タイプ,物静かで直感に従う、争いごとを好まない性格,孤高の存在で現実的な側面を考慮する
内向,即決,少回避,孤高,少理想,暴走隊長,突っ走る孤高タイプ,物静かで直感に従う、争いごとを好まない性格,孤高の存在で夢見がち
内向,即決,少回避,孤高,理想,癒し手,控えめで理想に生きる,物静かで直感に従う、争いごとを好まない性格,孤高の存在で理想的
内向,即決,少回避,孤高,超理想,癒し手,控えめで理想に生きる,物静かで直感に従う、争いごとを好まない性格,孤高の存在で地に足がついていない
内向,即決,少回避,一匹狼,超現実,暴走隊長,突っ走る孤高タイプ,物静かで直感に従う、争いごとを好まない性格,一匹狼で超現実主義
内向,即決,少回避,一匹狼,現実,暴走隊長,突っ走る孤高タイプ,物静かで直感に従う、争いごとを好まない性格,一匹狼で現実主義
内向,即決,少回避,一匹狼,少現実,暴走隊長,突っ走る孤高タイプ,物静かで直感に従う、争いごとを好まない性格,一匹狼で現実的な側面を考慮する
内向,即決,少回避,一匹狼,少理想,暴走隊長,突っ走る孤高タイプ,物静かで直感に従う、争いごとを好まない性格,一匹狼で夢見がち
内向,即決,少回避,一匹狼,理想,癒し手,控えめで理想に生きる,物静かで直感に従う、争いごとを好まない性格,一匹狼で理想的
内向,即決,少回避,一匹狼,超理想,癒し手,控えめで理想に生きる,物静かで直感に従う、争いごとを好まない性格,一匹狼で地に足がついていない
内向,即決,少回避,少孤独,超現実,調整役,周囲を見てバランスを取る人,物静かで直感に従う、争いごとを好まない性格,自由主義で超現実主義
内向,即決,少回避,少孤独,現実,調整役,周囲を見てバランスを取る人,物静かで直感に従う、争いごとを好まない性格,自由主義で現実主義
内向,即決,少回避,少孤独,少現実,調整役,周囲を見てバランスを取る人,物静かで直感に従う、争いごとを好まない性格,自由主義で現実的な側面を考慮する
内向,即決,少回避,少孤独,少理想,調整役,周囲を見てバランスを取る人,物静かで直感に従う、争いごとを好まない性格,自由主義で夢見がち
内向,即決,少回避,少孤独,理想,癒し手,控えめで理想に生きる,物静かで直感に従う、争いごとを好まない性格,自由主義で理想的
内向,即決,少回避,少孤独,超理想,癒し手,控えめで理想に生きる,物静かで直感に従う、争いごとを好まない性格,自由主義で地に足がついていない
内向,即決,少回避,少仲間,超現実,調整役,周囲を見てバランスを取る人,物静かで直感に従う、争いごとを好まない性格,温厚で超現実主義
内向,即決,少回避,少仲間,現実,調整役,周囲を見てバランスを取る人,物静かで直感に従う、争いごとを好まない性格,温厚で現実主義
内向,即決,少回避,少仲間,少現実,調整役,周囲を見てバランスを取る人,物静かで直感に従う、争いごとを好まない性格,温厚で現実的な側面を考慮する
内向,即決,少回避,少仲間,少理想,調整役,周囲を見てバランスを取る人,物静かで直感に従う、争いごとを好まない性格,温厚で夢見がち
内向,即決,少回避,少仲間,理想,癒し手,控えめで理想に生きる,物静かで直感に従う、争いごとを好まない性格,温厚で理想的
内向,即決,少回避,少仲間,超理想,癒し手,控えめで理想に生きる,物静かで直感に従う、争いごとを好まない性格,温厚で地に足がついていない
内向,即決,少回避,仲間派,超現実,守護者,仲間を守る頼れる存在,物静かで直感に従う、争いごとを好まない性格,仲間思いで超現実主義
内向,即決,少回避,仲間派,現実,守護者,仲間を守る頼れる存在,物静かで直感に従う、争いごとを好まない性格,仲間思いで現実主義
内向,即決,少回避,仲間派,少現実,守護者,仲間を守る頼れる存在,物静かで直感に従う、争いごとを好まない性格,仲間思いで現実的な側面を考慮する
内向,即決,少回避,仲間派,少理想,守護者,仲間を守る頼れる存在,物静かで直感に従う、争いごとを好まない性格,仲間思いで夢見がち
内向,即決,少回避,仲間派,理想,癒し手,控えめで理想に生きる,物静かで直感に従う、争いごとを好まない性格,仲間思いで理想的
内向,即決,少回避,仲間派,超理想,癒し手,控えめで理想に生きる,物静かで直感に従う、争いごとを好まない性格,仲間思いで地に足がついていない
内向,即決,少回避,超仲間,超現実,守護者,仲間を守る頼れる存在,物静かで直感に従う、争いごとを好まない性格,自己犠牲精神で超現実主義
内向,即決,少回避,超仲間,現実,守護者,仲間を守る頼れる存在,物静かで直感に従う、争いごとを好まない性格,自己犠牲精神で現実主義
内向,即決,少回避,超仲間,少現実,守護者,仲間を守る頼れる存在,物静かで直感に従う、争いごとを好まない性格,自己犠牲精神で現実的な側面を考慮する
内向,即決,少回避,超仲間,少理想,守護者,仲間を守る頼れる存在,物静かで直感に従う、争いごとを好まない性格,自己犠牲精神で夢見がち
内向,即決,少回避,超仲間,理想,癒し手,控えめで理想に生きる,物静かで直感に従う、争いごとを好まない性格,自己犠牲精神で理想的
内向,即決,少回避,超仲間,超理想,癒し手,控えめで理想に生きる,物静かで直感に従う、争いごとを好まない性格,自己犠牲精神で地に足がついていない
内向,即決,少挑戦,孤高,超現実,暴走隊長,突っ走る孤高タイプ,物静かで直感に従う、探求心がある性格,孤高の存在で超現実主義
内向,即決,少挑戦,孤高,現実,暴走隊長,突っ走る孤高タイプ,物静かで直感に従う、探求心がある性格,孤高の存在で現実主義
内向,即決,少挑戦,孤高,少現実,暴走隊長,突っ走る孤高タイプ,物静かで直感に従う、探求心がある性格,孤高の存在で現実的な側面を考慮する
内向,即決,少挑戦,孤高,少理想,暴走隊長,突っ走る孤高タイプ,物静かで直感に従う、探求心がある性格,孤高の存在で夢見がち
内向,即決,少挑戦,孤高,理想,癒し手,控えめで理想に生きる,物静かで直感に従う、探求心がある性格,孤高の存在で理想的
内向,即決,少挑戦,孤高,超理想,癒し手,控えめで理想に生きる,物静かで直感に従う、探求心がある性格,孤高の存在で地に足がついていない
内向,即決,少挑戦,一匹狼,超現実,暴走隊長,突っ走る孤高タイプ,物静かで直感に従う、探求心がある性格,一匹狼で超現実主義
内向,即決,少挑戦,一匹狼,現実,暴走隊長,突っ走る孤高タイプ,物静かで直感に従う、探求心がある性格,一匹狼で現実主義
内向,即決,少挑戦,一匹狼,少現実,暴走隊長,突っ走る孤高タイプ,物静かで直感に従う、探求心がある性格,一匹狼で現実的な側面を考慮する
内向,即決,少挑戦,一匹狼,少理想,暴走隊長,突っ走る孤高タイプ,物静かで直感に従う、探求心がある性格,一匹狼で夢見がち
内向,即決,少挑戦,一匹狼,理想,癒し手,控えめで理想に生きる,物静かで直感に従う、探求心がある性格,一匹狼で理想的
内向,即決,少挑戦,一匹狼,超理想,癒し手,控えめで理想に生きる,物静かで直感に従う、探求心がある性格,一匹狼で地に足がついていない
内向,即決,少挑戦,少孤独,超現実,調整役,周囲を見てバランスを取る人,物静かで直感に従う、探求心がある性格,自由主義で超現実主義
内向,即決,少挑戦,少孤独,現実,調整役,周囲を見てバランスを取る人,物静かで直感に従う、探求心がある性格,自由主義で現実主義
内向,即決,少挑戦,少孤独,少現実,調整役,周囲を見てバランスを取る人,物静かで直感に従う、探求心がある性格,自由主義で現実的な側面を考慮する
内向,即決,少挑戦,少孤独,少理想,調整役,周囲を見てバランスを取る人,物静かで直感に従う、探求心がある性格,自由主義で夢見がち
内向,即決,少挑戦,少孤独,理想,癒し手,控えめで理想に生きる,物静かで直感に従う、探求心がある性格,自由主義で理想的
内向,即決,少挑戦,少孤独,超理想,癒し手,控えめで理想に生きる,物静かで直感に従う、探求心がある性格,自由主義で地に足がついていない
内向,即決,少挑戦,少仲間,超現実,調整役,周囲を見てバランスを取る人,物静かで直感に従う、探求心がある性格,温厚で超現実主義
内向,即決,少挑戦,少仲間,現実,調整役,周囲を見てバランスを取る人,物静かで直感に従う、探求心がある性格,温厚で現実主義
内向,即決,少挑戦,少仲間,少現実,調整役,周囲を見てバランスを取る人,物静かで直感に従う、探求心がある性格,温厚で現実的な側面を考慮する
内向,即決,少挑戦,少仲間,少理想,調整役,周囲を見てバランスを取る人,物静かで直感に従う、探求心がある性格,温厚で夢見がち
内向,即決,少挑戦,少仲間,理想,癒し手,控えめで理想に生きる,物静かで直感に従う、探求心がある性格,温厚で理想的
内向,即決,少挑戦,少仲間,超理想,癒し手,控えめで理想に生きる,物静かで直感に従う、探求心がある性格,温厚で地に足がついていない
内向,即決,少挑戦,仲間派,超現実,調整役,周囲を見てバランスを取る人,物静かで直感に従う、探求心がある性格,仲間思いで超現実主義
内向,即決,少挑戦,仲間派,現実,調整役,周囲を見てバランスを取る人,物静かで直感に従う、探求心がある性格,仲間思いで現実主義
内向,即決,少挑戦,仲間派,少現実,調整役,周囲を見てバランスを取る人,物静かで直感に従う、探求心がある性格,仲間思いで現実的な側面を考慮する
内向,即決,少挑戦,仲間派,少理想,調整役,周囲を見てバランスを取る人,物静かで直感に従う、探求心がある性格,仲間思いで夢見がち
内向,即決,少挑戦,仲間派,理想,癒し手,控えめで理想に生きる,物静かで直感に従う、探求心がある性格,仲間思いで理想的
内向,即決,少挑戦,仲間派,超理想,癒し手,控えめで理想に生きる,物静かで直感に従う、探求心がある性格,仲間思いで地に足がついていない
内向,即決,少挑戦,超仲間,超現実,調整役,周囲を見てバランスを取る人,物静かで直感に従う、探求心がある性格,自己犠牲精神で超現実主義
内向,即決,少挑戦,超仲間,現実,調整役,周囲を見てバランスを取る人,物静かで直感に従う、探求心がある性格,自己犠牲精神で現実主義
内向,即決,少挑戦,超仲間,少現実,調整役,周囲を見てバランスを取る人,物静かで直感に従う、探求心がある性格,自己犠牲精神で現実的な側面を考慮する
内向,即決,少挑戦,超仲間,少理想,調整役,周囲を見てバランスを取る人,物静かで直感に従う、探求心がある性格,自己犠牲精神で夢見がち
内向,即決,少挑戦,超仲間,理想,癒し手,控えめで理想に生きる,物静かで直感に従う、探求心がある性格,自己犠牲精神で理想的
内向,即決,少挑戦,超仲間,超理想,癒し手,控えめで理想に生きる,物静かで直感に従う、探求心がある性格,自己犠牲精神で地に足がついていない
内向,即決,挑戦,孤高,超現実,孤高の戦士,誰にも頼らず突き進む,物静かで直感に従う、挑戦的な性格,孤高の存在で超現実主義
内向,即決,挑戦,孤高,現実,孤高の戦士,誰にも頼らず突き進む,物静かで直感に従う、挑戦的な性格,孤高の存在で現実主義
内向,即決,挑戦,孤高,少現実,暴走隊長,突っ走る孤高タイプ,物静かで直感に従う、挑戦的な性格,孤高の存在で現実的な側面を考慮する
内向,即決,挑戦,孤高,少理想,暴走隊長,突っ走る孤高タイプ,物静かで直感に従う、挑戦的な性格,孤高の存在で夢見がち
内向,即決,挑戦,孤高,理想,癒し手,控えめで理想に生きる,物静かで直感に従う、挑戦的な性格,孤高の存在で理想的
内向,即決,挑戦,孤高,超理想,癒し手,控えめで理想に生きる,物静かで直感に従う、挑戦的な性格,孤高の存在で地に足がついていない
内向,即決,挑戦,一匹狼,超現実,孤高の戦士,誰にも頼らず突き進む,物静かで直感に従う、挑戦的な性格,一匹狼で超現実主義
内向,即決,挑戦,一匹狼,現実,孤高の戦士,誰にも頼らず突き進む,物静かで直感に従う、挑戦的な性格,一匹狼で現実主義
内向,即決,挑戦,一匹狼,少現実,暴走隊長,突っ走る孤高タイプ,物静かで直感に従う、挑戦的な性格,一匹狼で現実的な側面を考慮する
内向,即決,挑戦,一匹狼,少理想,暴走隊長,突っ走る孤高タイプ,物静かで直感に従う、挑戦的な性格,一匹狼で夢見がち
内向,即決,挑戦,一匹狼,理想,癒し手,控えめで理想に生きる,物静かで直感に従う、挑戦的な性格,一匹狼で理想的
内向,即決,挑戦,一匹狼,超理想,癒し手,控えめで理想に生きる,物静かで直感に従う、挑戦的な性格,一匹狼で地に足がついていない
内向,即決,挑戦,少孤独,超現実,調整役,周囲を見てバランスを取る人,物静かで直感に従う、挑戦的な性格,自由主義で超現実主義
内向,即決,挑戦,少孤独,現実,調整役,周囲を見てバランスを取る人,物静かで直感に従う、挑戦的な性格,自由主義で現実主義
内向,即決,挑戦,少孤独,少現実,調整役,周囲を見てバランスを取る人,物静かで直感に従う、挑戦的な性格,自由主義で現実的な側面を考慮する
内向,即決,挑戦,少孤独,少理想,調整役,周囲を見てバランスを取る人,物静かで直感に従う、挑戦的な性格,自由主義で夢見がち
内向,即決,挑戦,少孤独,理想,癒し手,控えめで理想に生きる,物静かで直感に従う、挑戦的な性格,自由主義で理想的
内向,即決,挑戦,少孤独,超理想,癒し手,控えめで理想に生きる,物静かで直感に従う、挑戦的な性格,自由主義で地に足がついていない
内向,即決,挑戦,少仲間,超現実,調整役,周囲を見てバランスを取る人,物静かで直感に従う、挑戦的な性格,温厚で超現実主義
内向,即決,挑戦,少仲間,現実,調整役,周囲を見てバランスを取る人,物静かで直感に従う、挑戦的な性格,温厚で現実主義
内向,即決,挑戦,少仲間,少現実,調整役,周囲を見てバランスを取る人,物静かで直感に従う、挑戦的な性格,温厚で現実的な側面を考慮する
内向,即決,挑戦,少仲間,少理想,調整役,周囲を見てバランスを取る人,物静かで直感に従う、挑戦的な性格,温厚で夢見がち
内向,即決,挑戦,少仲間,理想,癒し手,控えめで理想に生きる,物静かで直感に従う、挑戦的な性格,温厚で理想的
内向,即決,挑戦,少仲間,超理想,癒し手,控えめで理想に生きる,物静かで直感に従う、挑戦的な性格,温厚で地に足がついていない
内向,即決,挑戦,仲間派,超現実,調整役,周囲を見てバランスを取る人,物静かで直感に従う、挑戦的な性格,仲間思いで超現実主義
内向,即決,挑戦,仲間派,現実,調整役,周囲を見てバランスを取る人,物静かで直感に従う、挑戦的な性格,仲間思いで現実主義
内向,即決,挑戦,仲間派,少現実,調整役,周囲を見てバランスを取る人,物静かで直感に従う、挑戦的な性格,仲間思いで現実的な側面を考慮する
内向,即決,挑戦,仲間派,少理想,調整役,周囲を見てバランスを取る人,物静かで直感に従う、挑戦的な性格,仲間思いで夢見がち
内向,即決,挑戦,仲間派,理想,挑戦家,理想を掲げ挑戦を恐れない,物静かで直感に従う、挑戦的な性格,仲間思いで理想的
内向,即決,挑戦,仲間派,超理想,挑戦家,理想を掲げ挑戦を恐れない,物静かで直感に従う、挑戦的な性格,仲間思いで地に足がついていない
内向,即決,挑戦,超仲間,超現実,調整役,周囲を見てバランスを取る人,物静かで直感に従う、挑戦的な性格,自己犠牲精神で超現実主義
内向,即決,挑戦,超仲間,現実,調整役,周囲を見てバランスを取る人,物静かで直感に従う、挑戦的な性格,自己犠牲精神で現実主義
内向,即決,挑戦,超仲間,少現実,調整役,周囲を見てバランスを取る人,物静かで直感に従う、挑戦的な性格,自己犠牲精神で現実的な側面を考慮する
内向,即決,挑戦,超仲間,少理想,調整役,周囲を見てバランスを取る人,物静かで直感に従う、挑戦的な性格,自己犠牲精神で夢見がち
内向,即決,挑戦,超仲間,理想,挑戦家,理想を掲げ挑戦を恐れない,物静かで直感に従う、挑戦的な性格,自己犠牲精神で理想的
内向,即決,挑戦,超仲間,超理想,挑戦家,理想を掲げ挑戦を恐れない,物静かで直感に従う、挑戦的な性格,自己犠牲精神で地に足がついていない
内向,即決,超挑戦,孤高,超現実,孤高の戦士,誰にも頼らず突き進む,物静かで直感に従う、果敢な性格,孤高の存在で超現実主義
内向,即決,超挑戦,孤高,現実,孤高の戦士,誰にも頼らず突き進む,物静かで直感に従う、果敢な性格,孤高の存在で現実主義
内向,即決,超挑戦,孤高,少現実,暴走隊長,突っ走る孤高タイプ,物静かで直感に従う、果敢な性格,孤高の存在で現実的な側面を考慮する
内向,即決,超挑戦,孤高,少理想,暴走隊長,突っ走る孤高タイプ,物静かで直感に従う、果敢な性格,孤高の存在で夢見がち
内向,即決,超挑戦,孤高,理想,癒し手,控えめで理想に生きる,物静かで直感に従う、果敢な性格,孤高の存在で理想的
内向,即決,超挑戦,孤高,超理想,癒し手,控えめで理想に生きる,物静かで直感に従う、果敢な性格,孤高の存在で地に足がついていない
内向,即決,超挑戦,一匹狼,超現実,孤高の戦士,誰にも頼らず突き進む,物静かで直感に従う、果敢な性格,一匹狼で超現実主義
内向,即決,超挑戦,一匹狼,現実,孤高の戦士,誰にも頼らず突き進む,物静かで直感に従う、果敢な性格,一匹狼で現実主義
内向,即決,超挑戦,一匹狼,少現実,暴走隊長,突っ走る孤高タイプ,物静かで直感に従う、果敢な性格,一匹狼で現実的な側面を考慮する
内向,即決,超挑戦,一匹狼,少理想,暴走隊長,突っ走る孤高タイプ,物静かで直感に従う、果敢な性格,一匹狼で夢見がち
内向,即決,超挑戦,一匹狼,理想,癒し手,控えめで理想に生きる,物静かで直感に従う、果敢な性格,一匹狼で理想的
内向,即決,超挑戦,一匹狼,超理想,癒し手,控えめで理想に生きる,物静かで直感に従う、果敢な性格,一匹狼で地に足がついていない
内向,即決,超挑戦,少孤独,超現実,調整役,周囲を見てバランスを取る人,物静かで直感に従う、果敢な性格,自由主義で超現実主義
内向,即決,超挑戦,少孤独,現実,調整役,周囲を見てバランスを取る人,物静かで直感に従う、果敢な性格,自由主義で現実主義
内向,即決,超挑戦,少孤独,少現実,調整役,周囲を見てバランスを取る人,物静かで直感に従う、果敢な性格,自由主義で現実的な側面を考慮する
内向,即決,超挑戦,少孤独,少理想,調整役,周囲を見てバランスを取る人,物静かで直感に従う、果敢な性格,自由主義で夢見がち
内向,即決,超挑戦,少孤独,理想,癒し手,控えめで理想に生きる,物静かで直感に従う、果敢な性格,自由主義で理想的
内向,即決,超挑戦,少孤独,超理想,癒し手,控えめで理想に生きる,物静かで直感に従う、果敢な性格,自由主義で地に足がついていない
内向,即決,超挑戦,少仲間,超現実,調整役,周囲を見てバランスを取る人,物静かで直感に従う、果敢な性格,温厚で超現実主義
内向,即決,超挑戦,少仲間,現実,調整役,周囲を見てバランスを取る人,物静かで直感に従う、果敢な性格,温厚で現実主義
内向,即決,超挑戦,少仲間,少現実,調整役,周囲を見てバランスを取る人,物静かで直感に従う、果敢な性格,温厚で現実的な側面を考慮する
内向,即決,超挑戦,少仲間,少理想,調整役,周囲を見てバランスを取る人,物静かで直感に従う、果敢な性格,温厚で夢見がち
内向,即決,超挑戦,少仲間,理想,癒し手,控えめで理想に生きる,物静かで直感に従う、果敢な性格,温厚で理想的
内向,即決,超挑戦,少仲間,超理想,癒し手,控えめで理想に生きる,物静かで直感に従う、果敢な性格,温厚で地に足がついていない
内向,即決,超挑戦,仲間派,超現実,調整役,周囲を見てバランスを取る人,物静かで直感に従う、果敢な性格,仲間思いで超現実主義
内向,即決,超挑戦,仲間派,現実,調整役,周囲を見てバランスを取る人,物静かで直感に従う、果敢な性格,仲間思いで現実主義
内向,即決,超挑戦,仲間派,少現実,調整役,周囲を見てバランスを取る人,物静かで直感に従う、果敢な性格,仲間思いで現実的な側面を考慮する
内向,即決,超挑戦,仲間派,少理想,調整役,周囲を見てバランスを取る人,物静かで直感に従う、果敢な性格,仲間思いで夢見がち
内向,即決,超挑戦,仲間派,理想,挑戦家,理想を掲げ挑戦を恐れない,物静かで直感に従う、果敢な性格,仲間思いで理想的
内向,即決,超挑戦,仲間派,超理想,挑戦家,理想を掲げ挑戦を恐れない,物静かで直感に従う、果敢な性格,仲間思いで地に足がついていない
内向,即決,超挑戦,超仲間,超現実,調整役,周囲を見てバランスを取る人,物静かで直感に従う、果敢な性格,自己犠牲精神で超現実主義
内向,即決,超挑戦,超仲間,現実,調整役,周囲を見てバランスを取る人,物静かで直感に従う、果敢な性格,自己犠牲精神で現実主義
内向,即決,超挑戦,超仲間,少現実,調整役,周囲を見てバランスを取る人,物静かで直感に従う、果敢な性格,自己犠牲精神で現実的な側面を考慮する
内向,即決,超挑戦,超仲間,少理想,調整役,周囲を見てバランスを取る人,物静かで直感に従う、果敢な性格,自己犠牲精神で夢見がち
内向,即決,超挑戦,超仲間,理想,挑戦家,理想を掲げ挑戦を恐れない,物静かで直感に従う、果敢な性格,自己犠牲精神で理想的
内向,即決,超挑戦,超仲間,超理想,挑戦家,理想を掲げ挑戦を恐れない,物静かで直感に従う、果敢な性格,自己犠牲精神で地に足がついていない
内向,超即決,超回避,孤高,超現実,暴走隊長,突っ走る孤高タイプ,物静かで後先考えず、対立を徹底的に避ける性格,孤高の存在で超現実主義
内向,超即決,超回避,孤高,現実,暴走隊長,突っ走る孤高タイプ,物静かで後先考えず、対立を徹底的に避ける性格,孤高の存在で現実主義
内向,超即決,超回避,孤高,少現実,暴走隊長,突っ走る孤高タイプ,物静かで後先考えず、対立を徹底的に避ける性格,孤高の存在で現実的な側面を考慮する
内向,超即決,超回避,孤高,少理想,暴走隊長,突っ走る孤高タイプ,物静かで後先考えず、対立を徹底的に避ける性格,孤高の存在で夢見がち
内向,超即決,超回避,孤高,理想,癒し手,控えめで理想に生きる,物静かで後先考えず、対立を徹底的に避ける性格,孤高の存在で理想的
内向,超即決,超回避,孤高,超理想,癒し手,控えめで理想に生きる,物静かで後先考えず、対立を徹底的に避ける性格,孤高の存在で地に足がついていない
内向,超即決,超回避,一匹狼,超現実,暴走隊長,突っ走る孤高タイプ,物静かで後先考えず、対立を徹底的に避ける性格,一匹狼で超現実主義
内向,超即決,超回避,一匹狼,現実,暴走隊長,突っ走る孤高タイプ,物静かで後先考えず、対立を徹底的に避ける性格,一匹狼で現実主義
内向,超即決,超回避,一匹狼,少現実,暴走隊長,突っ走る孤高タイプ,物静かで後先考えず、対立を徹底的に避ける性格,一匹狼で現実的な側面を考慮する
内向,超即決,超回避,一匹狼,少理想,暴走隊長,突っ走る孤高タイプ,物静かで後先考えず、対立を徹底的に避ける性格,一匹狼で夢見がち
内向,超即決,超回避,一匹狼,理想,癒し手,控えめで理想に生きる,物静かで後先考えず、対立を徹底的に避ける性格,一匹狼で理想的
内向,超即決,超回避,一匹狼,超理想,癒し手,控えめで理想に生きる,物静かで後先考えず、対立を徹底的に避ける性格,一匹狼で地に足がついていない
内向,超即決,超回避,少孤独,超現実,調整役,周囲を見てバランスを取る人,物静かで後先考えず、対立を徹底的に避ける性格,自由主義で超現実主義
内向,超即決,超回避,少孤独,現実,調整役,周囲を見てバランスを取る人,物静かで後先考えず、対立を徹底的に避ける性格,自由主義で現実主義
内向,超即決,超回避,少孤独,少現実,調整役,周囲を見てバランスを取る人,物静かで後先考えず、対立を徹底的に避ける性格,自由主義で現実的な側面を考慮する
内向,超即決,超回避,少孤独,少理想,調整役,周囲を見てバランスを取る人,物静かで後先考えず、対立を徹底的に避ける性格,自由主義で夢見がち
内向,超即決,超回避,少孤独,理想,癒し手,控えめで理想に生きる,物静かで後先考えず、対立を徹底的に避ける性格,自由主義で理想的
内向,超即決,超回避,少孤独,超理想,癒し手,控えめで理想に生きる,物静かで後先考えず、対立を徹底的に避ける性格,自由主義で地に足がついていない
内向,超即決,超回避,少仲間,超現実,調整役,周囲を見てバランスを取る人,物静かで後先考えず、対立を徹底的に避ける性格,温厚で超現実主義
内向,超即決,超回避,少仲間,現実,調整役,周囲を見てバランスを取る人,物静かで後先考えず、対立を徹底的に避ける性格,温厚で現実主義
内向,超即決,超回避,少仲間,少現実,調整役,周囲を見てバランスを取る人,物静かで後先考えず、対立を徹底的に避ける性格,温厚で現実的な側面を考慮する
内向,超即決,超回避,少仲間,少理想,調整役,周囲を見てバランスを取る人,物静かで後先考えず、対立を徹底的に避ける性格,温厚で夢見がち
内向,超即決,超回避,少仲間,理想,癒し手,控えめで理想に生きる,物静かで後先考えず、対立を徹底的に避ける性格,温厚で理想的
内向,超即決,超回避,少仲間,超理想,癒し手,控えめで理想に生きる,物静かで後先考えず、対立を徹底的に避ける性格,温厚で地に足がついていない
内向,超即決,超回避,仲間派,超現実,守護者,仲間を守る頼れる存在,物静かで後先考えず、対立を徹底的に避ける性格,仲間思いで超現実主義
内向,超即決,超回避,仲間派,現実,守護者,仲間を守る頼れる存在,物静かで後先考えず、対立を徹底的に避ける性格,仲間思いで現実主義
内向,超即決,超回避,仲間派,少現実,守護者,仲間を守る頼れる存在,物静かで後先考えず、対立を徹底的に避ける性格,仲間思いで現実的な側面を考慮する
内向,超即決,超回避,仲間派,少理想,守護者,仲間を守る頼れる存在,物静かで後先考えず、対立を徹底的に避ける性格,仲間思いで夢見がち
内向,超即決,超回避,仲間派,理想,癒し手,控えめで理想に生きる,物静かで後先考えず、対立を徹底的に避ける性格,仲間思いで理想的
内向,超即決,超回避,仲間派,超理想,癒し手,控えめで理想に生きる,物静かで後先考えず、対立を徹底的に避ける性格,仲間思いで地に足がついていない
内向,超即決,超回避,超仲間,超現実,守護者,仲間を守る頼れる存在,物静かで後先考えず、対立を徹底的に避ける性格,自己犠牲精神で超現実主義
内向,超即決,超回避,超仲間,現実,守護者,仲間を守る頼れる存在,物静かで後先考えず、対立を徹底的に避ける性格,自己犠牲精神で現実主義
内向,超即決,超回避,超仲間,少現実,守護者,仲間を守る頼れる存在,物静かで後先考えず、対立を徹底的に避ける性格,自己犠牲精神で現実的な側面を考慮する
内向,超即決,超回避,超仲間,少理想,守護者,仲間を守る頼れる存在,物静かで後先考えず、対立を徹底的に避ける性格,自己犠牲精神で夢見がち
内向,超即決,超回避,超仲間,理想,癒し手,控えめで理想に生きる,物静かで後先考えず、対立を徹底的に避ける性格,自己犠牲精神で理想的
内向,超即決,超回避,超仲間,超理想,癒し手,控えめで理想に生きる,物静かで後先考えず、対立を徹底的に避ける性格,自己犠牲精神で地に足がついていない
内向,超即決,回避,孤高,超現実,暴走隊長,突っ走る孤高タイプ,物静かで後先考えず、直接的な対応を好まない性格,孤高の存在で超現実主義
内向,超即決,回避,孤高,現実,暴走隊長,突っ走る孤高タイプ,物静かで後先考えず、直接的な対応を好まない性格,孤高の存在で現実主義
内向,超即決,回避,孤高,少現実,暴走隊長,突っ走る孤高タイプ,物静かで後先考えず、直接的な対応を好まない性格,孤高の存在で現実的な側面を考慮する
内向,超即決,回避,孤高,少理想,暴走隊長,突っ走る孤高タイプ,物静かで後先考えず、直接的な対応を好まない性格,孤高の存在で夢見がち
内向,超即決,回避,孤高,理想,癒し手,控えめで理想に生きる,物静かで後先考えず、直接的な対応を好まない性格,孤高の存在で理想的
内向,超即決,回避,孤高,超理想,癒し手,控えめで理想に生きる,物静かで後先考えず、直接的な対応を好まない性格,孤高の存在で地に足がついていない
内向,超即決,回避,一匹狼,超現実,暴走隊長,突っ走る孤高タイプ,物静かで後先考えず、直接的な対応を好まない性格,一匹狼で超現実主義
内向,超即決,回避,一匹狼,現実,暴走隊長,突っ走る孤高タイプ,物静かで後先考えず、直接的な対応を好まない性格,一匹狼で現実主義
内向,超即決,回避,一匹狼,少現実,暴走隊長,突っ走る孤高タイプ,物静かで後先考えず、直接的な対応を好まない性格,一匹狼で現実的な側面を考慮する
内向,超即決,回避,一匹狼,少理想,暴走隊長,突っ走る孤高タイプ,物静かで後先考えず、直接的な対応を好まない性格,一匹狼で夢見がち
内向,超即決,回避,一匹狼,理想,癒し手,控えめで理想に生きる,物静かで後先考えず、直接的な対応を好まない性格,一匹狼で理想的
内向,超即決,回避,一匹狼,超理想,癒し手,控えめで理想に生きる,物静かで後先考えず、直接的な対応を好まない性格,一匹狼で地に足がついていない
内向,超即決,回避,少孤独,超現実,調整役,周囲を見てバランスを取る人,物静かで後先考えず、直接的な対応を好まない性格,自由主義で超現実主義
内向,超即決,回避,少孤独,現実,調整役,周囲を見てバランスを取る人,物静かで後先考えず、直接的な対応を好まない性格,自由主義で現実主義
内向,超即決,回避,少孤独,少現実,調整役,周囲を見てバランスを取る人,物静かで後先考えず、直接的な対応を好まない性格,自由主義で現実的な側面を考慮する
内向,超即決,回避,少孤独,少理想,調整役,周囲を見てバランスを取る人,物静かで後先考えず、直接的な対応を好まない性格,自由主義で夢見がち
内向,超即決,回避,少孤独,理想,癒し手,控えめで理想に生きる,物静かで後先考えず、直接的な対応を好まない性格,自由主義で理想的
内向,超即決,回避,少孤独,超理想,癒し手,控えめで理想に生きる,物静かで後先考えず、直接的な対応を好まない性格,自由主義で地に足がついていない
内向,超即決,回避,少仲間,超現実,調整役,周囲を見てバランスを取る人,物静かで後先考えず、直接的な対応を好まない性格,温厚で超現実主義
内向,超即決,回避,少仲間,現実,調整役,周囲を見てバランスを取る人,物静かで後先考えず、直接的な対応を好まない性格,温厚で現実主義
内向,超即決,回避,少仲間,少現実,調整役,周囲を見てバランスを取る人,物静かで後先考えず、直接的な対応を好まない性格,温厚で現実的な側面を考慮する
内向,超即決,回避,少仲間,少理想,調整役,周囲を見てバランスを取る人,物静かで後先考えず、直接的な対応を好まない性格,温厚で夢見がち
内向,超即決,回避,少仲間,理想,癒し手,控えめで理想に生きる,物静かで後先考えず、直接的な対応を好まない性格,温厚で理想的
内向,超即決,回避,少仲間,超理想,癒し手,控えめで理想に生きる,物静かで後先考えず、直接的な対応を好まない性格,温厚で地に足がついていない
内向,超即決,回避,仲間派,超現実,守護者,仲間を守る頼れる存在,物静かで後先考えず、直接的な対応を好まない性格,仲間思いで超現実主義
内向,超即決,回避,仲間派,現実,守護者,仲間を守る頼れる存在,物静かで後先考えず、直接的な対応を好まない性格,仲間思いで現実主義
内向,超即決,回避,仲間派,少現実,守護者,仲間を守る頼れる存在,物静かで後先考えず、直接的な対応を好まない性格,仲間思いで現実的な側面を考慮する
内向,超即決,回避,仲間派,少理想,守護者,仲間を守る頼れる存在,物静かで後先考えず、直接的な対応を好まない性格,仲間思いで夢見がち
内向,超即決,回避,仲間派,理想,癒し手,控えめで理想に生きる,物静かで後先考えず、直接的な対応を好まない性格,仲間思いで理想的
内向,超即決,回避,仲間派,超理想,癒し手,控えめで理想に生きる,物静かで後先考えず、直接的な対応を好まない性格,仲間思いで地に足がついていない
内向,超即決,回避,超仲間,超現実,守護者,仲間を守る頼れる存在,物静かで後先考えず、直接的な対応を好まない性格,自己犠牲精神で超現実主義
内向,超即決,回避,超仲間,現実,守護者,仲間を守る頼れる存在,物静かで後先考えず、直接的な対応を好まない性格,自己犠牲精神で現実主義
内向,超即決,回避,超仲間,少現実,守護者,仲間を守る頼れる存在,物静かで後先考えず、直接的な対応を好まない性格,自己犠牲精神で現実的な側面を考慮する
内向,超即決,回避,超仲間,少理想,守護者,仲間を守る頼れる存在,物静かで後先考えず、直接的な対応を好まない性格,自己犠牲精神で夢見がち
内向,超即決,回避,超仲間,理想,癒し手,控えめで理想に生きる,物静かで後先考えず、直接的な対応を好まない性格,自己犠牲精神で理想的
内向,超即決,回避,超仲間,超理想,癒し手,控えめで理想に生きる,物静かで後先考えず、直接的な対応を好まない性格,自己犠牲精神で地に足がついていない
内向,超即決,少回避,孤高,超現実,暴走隊長,突っ走る孤高タイプ,物静かで後先考えず、争いごとを好まない性格,孤高の存在で超現実主義
内向,超即決,少回避,孤高,現実,暴走隊長,突っ走る孤高タイプ,物静かで後先考えず、争いごとを好まない性格,孤高の存在で現実主義
内向,超即決,少回避,孤高,少現実,暴走隊長,突っ走る孤高タイプ,物静かで後先考えず、争いごとを好まない性格,孤高の存在で現実的な側面を考慮する
内向,超即決,少回避,孤高,少理想,暴走隊長,突っ走る孤高タイプ,物静かで後先考えず、争いごとを好まない性格,孤高の存在で夢見がち
内向,超即決,少回避,孤高,理想,癒し手,控えめで理想に生きる,物静かで後先考えず、争いごとを好まない性格,孤高の存在で理想的
内向,超即決,少回避,孤高,超理想,癒し手,控えめで理想に生きる,物静かで後先考えず、争いごとを好まない性格,孤高の存在で地に足がついていない
内向,超即決,少回避,一匹狼,超現実,暴走隊長,突っ走る孤高タイプ,物静かで後先考えず、争いごとを好まない性格,一匹狼で超現実主義
内向,超即決,少回避,一匹狼,現実,暴走隊長,突っ走る孤高タイプ,物静かで後先考えず、争いごとを好まない性格,一匹狼で現実主義
内向,超即決,少回避,一匹狼,少現実,暴走隊長,突っ走る孤高タイプ,物静かで後先考えず、争いごとを好まない性格,一匹狼で現実的な側面を考慮する
内向,超即決,少回避,一匹狼,少理想,暴走隊長,突っ走る孤高タイプ,物静かで後先考えず、争いごとを好まない性格,一匹狼で夢見がち
内向,超即決,少回避,一匹狼,理想,癒し手,控えめで理想に生きる,物静かで後先考えず、争いごとを好まない性格,一匹狼で理想的
内向,超即決,少回避,一匹狼,超理想,癒し手,控えめで理想に生きる,物静かで後先考えず、争いごとを好まない性格,一匹狼で地に足がついていない
内向,超即決,少回避,少孤独,超現実,調整役,周囲を見てバランスを取る人,物静かで後先考えず、争いごとを好まない性格,自由主義で超現実主義
内向,超即決,少回避,少孤独,現実,調整役,周囲を見てバランスを取る人,物静かで後先考えず、争いごとを好まない性格,自由主義で現実主義
内向,超即決,少回避,少孤独,少現実,調整役,周囲を見てバランスを取る人,物静かで後先考えず、争いごとを好まない性格,自由主義で現実的な側面を考慮する
内向,超即決,少回避,少孤独,少理想,調整役,周囲を見てバランスを取る人,物静かで後先考えず、争いごとを好まない性格,自由主義で夢見がち
内向,超即決,少回避,少孤独,理想,癒し手,控えめで理想に生きる,物静かで後先考えず、争いごとを好まない性格,自由主義で理想的
内向,超即決,少回避,少孤独,超理想,癒し手,控えめで理想に生きる,物静かで後先考えず、争いごとを好まない性格,自由主義で地に足がついていない
内向,超即決,少回避,少仲間,超現実,調整役,周囲を見てバランスを取る人,物静かで後先考えず、争いごとを好まない性格,温厚で超現実主義
内向,超即決,少回避,少仲間,現実,調整役,周囲を見てバランスを取る人,物静かで後先考えず、争いごとを好まない性格,温厚で現実主義
内向,超即決,少回避,少仲間,少現実,調整役,周囲を見てバランスを取る人,物静かで後先考えず、争いごとを好まない性格,温厚で現実的な側面を考慮する
内向,超即決,少回避,少仲間,少理想,調整役,周囲を見てバランスを取る人,物静かで後先考えず、争いごとを好まない性格,温厚で夢見がち
内向,超即決,少回避,少仲間,理想,癒し手,控えめで理想に生きる,物静かで後先考えず、争いごとを好まない性格,温厚で理想的
内向,超即決,少回避,少仲間,超理想,癒し手,控えめで理想に生きる,物静かで後先考えず、争いごとを好まない性格,温厚で地に足がついていない
内向,超即決,少回避,仲間派,超現実,守護者,仲間を守る頼れる存在,物静かで後先考えず、争いごとを好まない性格,仲間思いで超現実主義
内向,超即決,少回避,仲間派,現実,守護者,仲間を守る頼れる存在,物静かで後先考えず、争いごとを好まない性格,仲間思いで現実主義
内向,超即決,少回避,仲間派,少現実,守護者,仲間を守る頼れる存在,物静かで後先考えず、争いごとを好まない性格,仲間思いで現実的な側面を考慮する
内向,超即決,少回避,仲間派,少理想,守護者,仲間を守る頼れる存在,物静かで後先考えず、争いごとを好まない性格,仲間思いで夢見がち
内向,超即決,少回避,仲間派,理想,癒し手,控えめで理想に生きる,物静かで後先考えず、争いごとを好まない性格,仲間思いで理想的
内向,超即決,少回避,仲間派,超理想,癒し手,控えめで理想に生きる,物静かで後先考えず、争いごとを好まない性格,仲間思いで地に足がついていない
内向,超即決,少回避,超仲間,超現実,守護者,仲間を守る頼れる存在,物静かで後先考えず、争いごとを好まない性格,自己犠牲精神で超現実主義
内向,超即決,少回避,超仲間,現実,守護者,仲間を守る頼れる存在,物静かで後先考えず、争いごとを好まない性格,自己犠牲精神で現実主義
内向,超即決,少回避,超仲間,少現実,守護者,仲間を守る頼れる存在,物静かで後先考えず、争いごとを好まない性格,自己犠牲精神で現実的な側面を考慮する
内向,超即決,少回避,超仲間,少理想,守護者,仲間を守る頼れる存在,物静かで後先考えず、争いごとを好まない性格,自己犠牲精神で夢見がち
内向,超即決,少回避,超仲間,理想,癒し手,控えめで理想に生きる,物静かで後先考えず、争いごとを好まない性格,自己犠牲精神で理想的
内向,超即決,少回避,超仲間,超理想,癒し手,控えめで理想に生きる,物静かで後先考えず、争いごとを好まない性格,自己犠牲精神で地に足がついていない
内向,超即決,少挑戦,孤高,超現実,暴走隊長,突っ走る孤高タイプ,物静かで後先考えず、探求心がある性格,孤高の存在で超現実主義
内向,超即決,少挑戦,孤高,現実,暴走隊長,突っ走る孤高タイプ,物静かで後先考えず、探求心がある性格,孤高の存在で現実主義
内向,超即決,少挑戦,孤高,少現実,暴走隊長,突っ走る孤高タイプ,物静かで後先考えず、探求心がある性格,孤高の存在で現実的な側面を考慮する
内向,超即決,少挑戦,孤高,少理想,暴走隊長,突っ走る孤高タイプ,物静かで後先考えず、探求心がある性格,孤高の存在で夢見がち
内向,超即決,少挑戦,孤高,理想,癒し手,控えめで理想に生きる,物静かで後先考えず、探求心がある性格,孤高の存在で理想的
内向,超即決,少挑戦,孤高,超理想,癒し手,控えめで理想に生きる,物静かで後先考えず、探求心がある性格,孤高の存在で地に足がついていない
内向,超即決,少挑戦,一匹狼,超現実,暴走隊長,突っ走る孤高タイプ,物静かで後先考えず、探求心がある性格,一匹狼で超現実主義
内向,超即決,少挑戦,一匹狼,現実,暴走隊長,突っ走る孤高タイプ,物静かで後先考えず、探求心がある性格,一匹狼で現実主義
内向,超即決,少挑戦,一匹狼,少現実,暴走隊長,突っ走る孤高タイプ,物静かで後先考えず、探求心がある性格,一匹狼で現実的な側面を考慮する
内向,超即決,少挑戦,一匹狼,少理想,暴走隊長,突っ走る孤高タイプ,物静かで後先考えず、探求心がある性格,一匹狼で夢見がち
内向,超即決,少挑戦,一匹狼,理想,癒し手,控えめで理想に生きる,物静かで後先考えず、探求心がある性格,一匹狼で理想的
内向,超即決,少挑戦,一匹狼,超理想,癒し手,控えめで理想に生きる,物静かで後先考えず、探求心がある性格,一匹狼で地に足がついていない
内向,超即決,少挑戦,少孤独,超現実,調整役,周囲を見てバランスを取る人,物静かで後先考えず、探求心がある性格,自由主義で超現実主義
内向,超即決,少挑戦,少孤独,現実,調整役,周囲を見てバランスを取る人,物静かで後先考えず、探求心がある性格,自由主義で現実主義
内向,超即決,少挑戦,少孤独,少現実,調整役,周囲を見てバランスを取る人,物静かで後先考えず、探求心がある性格,自由主義で現実的な側面を考慮する
内向,超即決,少挑戦,少孤独,少理想,調整役,周囲を見てバランスを取る人,物静かで後先考えず、探求心がある性格,自由主義で夢見がち
内向,超即決,少挑戦,少孤独,理想,癒し手,控えめで理想に生きる,物静かで後先考えず、探求心がある性格,自由主義で理想的
内向,超即決,少挑戦,少孤独,超理想,癒し手,控えめで理想に生きる,物静かで後先考えず、探求心がある性格,自由主義で地に足がついていない
内向,超即決,少挑戦,少仲間,超現実,調整役,周囲を見てバランスを取る人,物静かで後先考えず、探求心がある性格,温厚で超現実主義
内向,超即決,少挑戦,少仲間,現実,調整役,周囲を見てバランスを取る人,物静かで後先考えず、探求心がある性格,温厚で現実主義
内向,超即決,少挑戦,少仲間,少現実,調整役,周囲を見てバランスを取る人,物静かで後先考えず、探求心がある性格,温厚で現実的な側面を考慮する
内向,超即決,少挑戦,少仲間,少理想,調整役,周囲を見てバランスを取る人,物静かで後先考えず、探求心がある性格,温厚で夢見がち
内向,超即決,少挑戦,少仲間,理想,癒し手,控えめで理想に生きる,物静かで後先考えず、探求心がある性格,温厚で理想的
内向,超即決,少挑戦,少仲間,超理想,癒し手,控えめで理想に生きる,物静かで後先考えず、探求心がある性格,温厚で地に足がついていない
内向,超即決,少挑戦,仲間派,超現実,調整役,周囲を見てバランスを取る人,物静かで後先考えず、探求心がある性格,仲間思いで超現実主義
内向,超即決,少挑戦,仲間派,現実,調整役,周囲を見てバランスを取る人,物静かで後先考えず、探求心がある性格,仲間思いで現実主義
内向,超即決,少挑戦,仲間派,少現実,調整役,周囲を見てバランスを取る人,物静かで後先考えず、探求心がある性格,仲間思いで現実的な側面を考慮する
内向,超即決,少挑戦,仲間派,少理想,調整役,周囲を見てバランスを取る人,物静かで後先考えず、探求心がある性格,仲間思いで夢見がち
内向,超即決,少挑戦,仲間派,理想,癒し手,控えめで理想に生きる,物静かで後先考えず、探求心がある性格,仲間思いで理想的
内向,超即決,少挑戦,仲間派,超理想,癒し手,控えめで理想に生きる,物静かで後先考えず、探求心がある性格,仲間思いで地に足がついていない
内向,超即決,少挑戦,超仲間,超現実,調整役,周囲を見てバランスを取る人,物静かで後先考えず、探求心がある性格,自己犠牲精神で超現実主義
内向,超即決,少挑戦,超仲間,現実,調整役,周囲を見てバランスを取る人,物静かで後先考えず、探求心がある性格,自己犠牲精神で現実主義
内向,超即決,少挑戦,超仲間,少現実,調整役,周囲を見てバランスを取る人,物静かで後先考えず、探求心がある性格,自己犠牲精神で現実的な側面を考慮する
内向,超即決,少挑戦,超仲間,少理想,調整役,周囲を見てバランスを取る人,物静かで後先考えず、探求心がある性格,自己犠牲精神で夢見がち
内向,超即決,少挑戦,超仲間,理想,癒し手,控えめで理想に生きる,物静かで後先考えず、探求心がある性格,自己犠牲精神で理想的
内向,超即決,少挑戦,超仲間,超理想,癒し手,控えめで理想に生きる,物静かで後先考えず、探求心がある性格,自己犠牲精神で地に足がついていない
内向,超即決,挑戦,孤高,超現実,孤高の戦士,誰にも頼らず突き進む,物静かで後先考えず、挑戦的な性格,孤高の存在で超現実主義
内向,超即決,挑戦,孤高,現実,孤高の戦士,誰にも頼らず突き進む,物静かで後先考えず、挑戦的な性格,孤高の存在で現実主義
内向,超即決,挑戦,孤高,少現実,暴走隊長,突っ走る孤高タイプ,物静かで後先考えず、挑戦的な性格,孤高の存在で現実的な側面を考慮する
内向,超即決,挑戦,孤高,少理想,暴走隊長,突っ走る孤高タイプ,物静かで後先考えず、挑戦的な性格,孤高の存在で夢見がち
内向,超即決,挑戦,孤高,理想,癒し手,控えめで理想に生きる,物静かで後先考えず、挑戦的な性格,孤高の存在で理想的
内向,超即決,挑戦,孤高,超理想,癒し手,控えめで理想に生きる,物静かで後先考えず、挑戦的な性格,孤高の存在で地に足がついていない
内向,超即決,挑戦,一匹狼,超現実,孤高の戦士,誰にも頼らず突き進む,物静かで後先考えず、挑戦的な性格,一匹狼で超現実主義
内向,超即決,挑戦,一匹狼,現実,孤高の戦士,誰にも頼らず突き進む,物静かで後先考えず、挑戦的な性格,一匹狼で現実主義
内向,超即決,挑戦,一匹狼,少現実,暴走隊長,突っ走る孤高タイプ,物静かで後先考えず、挑戦的な性格,一匹狼で現実的な側面を考慮する
内向,超即決,挑戦,一匹狼,少理想,暴走隊長,突っ走る孤高タイプ,物静かで後先考えず、挑戦的な性格,一匹狼で夢見がち
内向,超即決,挑戦,一匹狼,理想,癒し手,控えめで理想に生きる,物静かで後先考えず、挑戦的な性格,一匹狼で理想的
内向,超即決,挑戦,一匹狼,超理想,癒し手,控えめで理想に生きる,物静かで後先考えず、挑戦的な性格,一匹狼で地に足がついていない
内向,超即決,挑戦,少孤独,超現実,調整役,周囲を見てバランスを取る人,物静かで後先考えず、挑戦的な性格,自由主義で超現実主義
内向,超即決,挑戦,少孤独,現実,調整役,周囲を見てバランスを取る人,物静かで後先考えず、挑戦的な性格,自由主義で現実主義
内向,超即決,挑戦,少孤独,少現実,調整役,周囲を見てバランスを取る人,物静かで後先考えず、挑戦的な性格,自由主義で現実的な側面を考慮する
内向,超即決,挑戦,少孤独,少理想,調整役,周囲を見てバランスを取る人,物静かで後先考えず、挑戦的な性格,自由主義で夢見がち
内向,超即決,挑戦,少孤独,理想,癒し手,控えめで理想に生きる,物静かで後先考えず、挑戦的な性格,自由主義で理想的
内向,超即決,挑戦,少孤独,超理想,癒し手,控えめで理想に生きる,物静かで後先考えず、挑戦的な性格,自由主義で地に足がついていない
内向,超即決,挑戦,少仲間,超現実,調整役,周囲を見てバランスを取る人,物静かで後先考えず、挑戦的な性格,温厚で超現実主義
内向,超即決,挑戦,少仲間,現実,調整役,周囲を見てバランスを取る人,物静かで後先考えず、挑戦的な性格,温厚で現実主義
内向,超即決,挑戦,少仲間,少現実,調整役,周囲を見てバランスを取る人,物静かで後先考えず、挑戦的な性格,温厚で現実的な側面を考慮する
内向,超即決,挑戦,少仲間,少理想,調整役,周囲を見てバランスを取る人,物静かで後先考えず、挑戦的な性格,温厚で夢見がち
内向,超即決,挑戦,少仲間,理想,癒し手,控えめで理想に生きる,物静かで後先考えず、挑戦的な性格,温厚で理想的
内向,超即決,挑戦,少仲間,超理想,癒し手,控えめで理想に生きる,物静かで後先考えず、挑戦的な性格,温厚で地に足がついていない
内向,超即決,挑戦,仲間派,超現実,調整役,周囲を見てバランスを取る人,物静かで後先考えず、挑戦的な性格,仲間思いで超現実主義
内向,超即決,挑戦,仲間派,現実,調整役,周囲を見てバランスを取る人,物静かで後先考えず、挑戦的な性格,仲間思いで現実主義
内向,超即決,挑戦,仲間派,少現実,調整役,周囲を見てバランスを取る人,物静かで後先考えず、挑戦的な性格,仲間思いで現実的な側面を考慮する
内向,超即決,挑戦,仲間派,少理想,調整役,周囲を見てバランスを取る人,物静かで後先考えず、挑戦的な性格,仲間思いで夢見がち
内向,超即決,挑戦,仲間派,理想,挑戦家,理想を掲げ挑戦を恐れない,物静かで後先考えず、挑戦的な性格,仲間思いで理想的
内向,超即決,挑戦,仲間派,超理想,挑戦家,理想を掲げ挑戦を恐れない,物静かで後先考えず、挑戦的な性格,仲間思いで地に足がついていない
内向,超即決,挑戦,超仲間,超現実,調整役,周囲を見てバランスを取る人,物静かで後先考えず、挑戦的な性格,自己犠牲精神で超現実主義
内向,超即決,挑戦,超仲間,現実,調整役,周囲を見てバランスを取る人,物静かで後先考えず、挑戦的な性格,自己犠牲精神で現実主義
内向,超即決,挑戦,超仲間,少現実,調整役,周囲を見てバランスを取る人,物静かで後先考えず、挑戦的な性格,自己犠牲精神で現実的な側面を考慮する
内向,超即決,挑戦,超仲間,少理想,調整役,周囲を見てバランスを取る人,物静かで後先考えず、挑戦的な性格,自己犠牲精神で夢見がち
内向,超即決,挑戦,超仲間,理想,挑戦家,理想を掲げ挑戦を恐れない,物静かで後先考えず、挑戦的な性格,自己犠牲精神で理想的
内向,超即決,挑戦,超仲間,超理想,挑戦家,理想を掲げ挑戦を恐れない,物静かで後先考えず、挑戦的な性格,自己犠牲精神で地に足がついていない
内向,超即決,超挑戦,孤高,超現実,孤高の戦士,誰にも頼らず突き進む,物静かで後先考えず、果敢な性格,孤高の存在で超現実主義
内向,超即決,超挑戦,孤高,現実,孤高の戦士,誰にも頼らず突き進む,物静かで後先考えず、果敢な性格,孤高の存在で現実主義
内向,超即決,超挑戦,孤高,少現実,暴走隊長,突っ走る孤高タイプ,物静かで後先考えず、果敢な性格,孤高の存在で現実的な側面を考慮する
内向,超即決,超挑戦,孤高,少理想,暴走隊長,突っ走る孤高タイプ,物静かで後先考えず、果敢な性格,孤高の存在で夢見がち
内向,超即決,超挑戦,孤高,理想,癒し手,控えめで理想に生きる,物静かで後先考えず、果敢な性格,孤高の存在で理想的
内向,超即決,超挑戦,孤高,超理想,癒し手,控えめで理想に生きる,物静かで後先考えず、果敢な性格,孤高の存在で地に足がついていない
内向,超即決,超挑戦,一匹狼,超現実,孤高の戦士,誰にも頼らず突き進む,物静かで後先考えず、果敢な性格,一匹狼で超現実主義
内向,超即決,超挑戦,一匹狼,現実,孤高の戦士,誰にも頼らず突き進む,物静かで後先考えず、果敢な性格,一匹狼で現実主義
内向,超即決,超挑戦,一匹狼,少現実,暴走隊長,突っ走る孤高タイプ,物静かで後先考えず、果敢な性格,一匹狼で現実的な側面を考慮する
内向,超即決,超挑戦,一匹狼,少理想,暴走隊長,突っ走る孤高タイプ,物静かで後先考えず、果敢な性格,一匹狼で夢見がち
内向,超即決,超挑戦,一匹狼,理想,癒し手,控えめで理想に生きる,物静かで後先考えず、果敢な性格,一匹狼で理想的
内向,超即決,超挑戦,一匹狼,超理想,癒し手,控えめで理想に生きる,物静かで後先考えず、果敢な性格,一匹狼で地に足がついていない
内向,超即決,超挑戦,少孤独,超現実,調整役,周囲を見てバランスを取る人,物静かで後先考えず、果敢な性格,自由主義で超現実主義
内向,超即決,超挑戦,少孤独,現実,調整役,周囲を見てバランスを取る人,物静かで後先考えず、果敢な性格,自由主義で現実主義
内向,超即決,超挑戦,少孤独,少現実,調整役,周囲を見てバランスを取る人,物静かで後先考えず、果敢な性格,自由主義で現実的な側面を考慮する
内向,超即決,超挑戦,少孤独,少理想,調整役,周囲を見てバランスを取る人,物静かで後先考えず、果敢な性格,自由主義で夢見がち
内向,超即決,超挑戦,少孤独,理想,癒し手,控えめで理想に生きる,物静かで後先考えず、果敢な性格,自由主義で理想的
内向,超即決,超挑戦,少孤独,超理想,癒し手,控えめで理想に生きる,物静かで後先考えず、果敢な性格,自由主義で地に足がついていない
内向,超即決,超挑戦,少仲間,超現実,調整役,周囲を見てバランスを取る人,物静かで後先考えず、果敢な性格,温厚で超現実主義
内向,超即決,超挑戦,少仲間,現実,調整役,周囲を見てバランスを取る人,物静かで後先考えず、果敢な性格,温厚で現実主義
内向,超即決,超挑戦,少仲間,少現実,調整役,周囲を見てバランスを取る人,物静かで後先考えず、果敢な性格,温厚で現実的な側面を考慮する
内向,超即決,超挑戦,少仲間,少理想,調整役,周囲を見てバランスを取る人,物静かで後先考えず、果敢な性格,温厚で夢見がち
内向,超即決,超挑戦,少仲間,理想,癒し手,控えめで理想に生きる,物静かで後先考えず、果敢な性格,温厚で理想的
内向,超即決,超挑戦,少仲間,超理想,癒し手,控えめで理想に生きる,物静かで後先考えず、果敢な性格,温厚で地に足がついていない
内向,超即決,超挑戦,仲間派,超現実,調整役,周囲を見てバランスを取る人,物静かで後先考えず、果敢な性格,仲間思いで超現実主義
内向,超即決,超挑戦,仲間派,現実,調整役,周囲を見てバランスを取る人,物静かで後先考えず、果敢な性格,仲間思いで現実主義
内向,超即決,超挑戦,仲間派,少現実,調整役,周囲を見てバランスを取る人,物静かで後先考えず、果敢な性格,仲間思いで現実的な側面を考慮する
内向,超即決,超挑戦,仲間派,少理想,調整役,周囲を見てバランスを取る人,物静かで後先考えず、果敢な性格,仲間思いで夢見がち
内向,超即決,超挑戦,仲間派,理想,挑戦家,理想を掲げ挑戦を恐れない,物静かで後先考えず、果敢な性格,仲間思いで理想的
内向,超即決,超挑戦,仲間派,超理想,挑戦家,理想を掲げ挑戦を恐れない,物静かで後先考えず、果敢な性格,仲間思いで地に足がついていない
内向,超即決,超挑戦,超仲間,超現実,調整役,周囲を見てバランスを取る人,物静かで後先考えず、果敢な性格,自己犠牲精神で超現実主義
内向,超即決,超挑戦,超仲間,現実,調整役,周囲を見てバランスを取る人,物静かで後先考えず、果敢な性格,自己犠牲精神で現実主義
内向,超即決,超挑戦,超仲間,少現実,調整役,周囲を見てバランスを取る人,物静かで後先考えず、果敢な性格,自己犠牲精神で現実的な側面を考慮する
内向,超即決,超挑戦,超仲間,少理想,調整役,周囲を見てバランスを取る人,物静かで後先考えず、果敢な性格,自己犠牲精神で夢見がち
内向,超即決,超挑戦,超仲間,理想,挑戦家,理想を掲げ挑戦を恐れない,物静かで後先考えず、果敢な性格,自己犠牲精神で理想的
内向,超即決,超挑戦,超仲間,超理想,挑戦家,理想を掲げ挑戦を恐れない,物静かで後先考えず、果敢な性格,自己犠牲精神で地に足がついていない
少内向,超慎重,超回避,孤高,超現実,調整役,周囲を見てバランスを取る人,少し引っ込み思案でリスクを極端に避け、対立を徹底的に避ける性格,孤高の存在で超現実主義
少内向,超慎重,超回避,孤高,現実,調整役,周囲を見てバランスを取る人,少し引っ込み思案でリスクを極端に避け、対立を徹底的に避ける性格,孤高の存在で現実主義
少内向,超慎重,超回避,孤高,少現実,調整役,周囲を見てバランスを取る人,少し引っ込み思案でリスクを極端に避け、対立を徹底的に避ける性格,孤高の存在で現実的な側面を考慮する
少内向,超慎重,超回避,孤高,少理想,調整役,周囲を見てバランスを取る人,少し引っ込み思案でリスクを極端に避け、対立を徹底的に避ける性格,孤高の存在で夢見がち
少内向,超慎重,超回避,孤高,理想,調整役,周囲を見てバランスを取る人,少し引っ込み思案でリスクを極端に避け、対立を徹底的に避ける性格,孤高の存在で理想的
少内向,超慎重,超回避,孤高,超理想,調整役,周囲を見てバランスを取る人,少し引っ込み思案でリスクを極端に避け、対立を徹底的に避ける性格,孤高の存在で地に足がついていない
少内向,超慎重,超回避,一匹狼,超現実,調整役,周囲を見てバランスを取る人,少し引っ込み思案でリスクを極端に避け、対立を徹底的に避ける性格,一匹狼で超現実主義
少内向,超慎重,超回避,一匹狼,現実,調整役,周囲を見てバランスを取る人,少し引っ込み思案でリスクを極端に避け、対立を徹底的に避ける性格,一匹狼で現実主義
少内向,超慎重,超回避,一匹狼,少現実,調整役,周囲を見てバランスを取る人,少し引っ込み思案でリスクを極端に避け、対立を徹底的に避ける性格,一匹狼で現実的な側面を考慮する
少内向,超慎重,超回避,一匹狼,少理想,調整役,周囲を見てバランスを取る人,少し引っ込み思案でリスクを極端に避け、対立を徹底的に避ける性格,一匹狼で夢見がち
少内向,超慎重,超回避,一匹狼,理想,調整役,周囲を見てバランスを取る人,少し引っ込み思案でリスクを極端に避け、対立を徹底的に避ける性格,一匹狼で理想的
少内向,超慎重,超回避,一匹狼,超理想,調整役,周囲を見てバランスを取る人,少し引っ込み思案でリスクを極端に避け、対立を徹底的に避ける性格,一匹狼で地に足がついていない
少内向,超慎重,超回避,少孤独,超現実,調整役,周囲を見てバランスを取る人,少し引っ込み思案でリスクを極端に避け、対立を徹底的に避ける性格,自由主義で超現実主義
少内向,超慎重,超回避,少孤独,現実,調整役,周囲を見てバランスを取る人,少し引っ込み思案でリスクを極端に避け、対立を徹底的に避ける性格,自由主義で現実主義
少内向,超慎重,超回避,少孤独,少現実,調整役,周囲を見てバランスを取る人,少し引っ込み思案でリスクを極端に避け、対立を徹底的に避ける性格,自由主義で現実的な側面を考慮する
少内向,超慎重,超回避,少孤独,少理想,調整役,周囲を見てバランスを取る人,少し引っ込み思案でリスクを極端に避け、対立を徹底的に避ける性格,自由主義で夢見がち
少内向,超慎重,超回避,少孤独,理想,調整役,周囲を見てバランスを取る人,少し引っ込み思案でリスクを極端に避け、対立を徹底的に避ける性格,自由主義で理想的
少内向,超慎重,超回避,少孤独,超理想,調整役,周囲を見てバランスを取る人,少し引っ込み思案でリスクを極端に避け、対立を徹底的に避ける性格,自由主義で地に足がついていない
少内向,超慎重,超回避,少仲間,超現実,調整役,周囲を見てバランスを取る人,少し引っ込み思案でリスクを極端に避け、対立を徹底的に避ける性格,温厚で超現実主義
少内向,超慎重,超回避,少仲間,現実,調整役,周囲を見てバランスを取る人,少し引っ込み思案でリスクを極端に避け、対立を徹底的に避ける性格,温厚で現実主義
少内向,超慎重,超回避,少仲間,少現実,調整役,周囲を見てバランスを取る人,少し引っ込み思案でリスクを極端に避け、対立を徹底的に避ける性格,温厚で現実的な側面を考慮する
少内向,超慎重,超回避,少仲間,少理想,調整役,周囲を見てバランスを取る人,少し引っ込み思案でリスクを極端に避け、対立を徹底的に避ける性格,温厚で夢見がち
少内向,超慎重,超回避,少仲間,理想,調整役,周囲を見てバランスを取る人,少し引っ込み思案でリスクを極端に避け、対立を徹底的に避ける性格,温厚で理想的
少内向,超慎重,超回避,少仲間,超理想,調整役,周囲を見てバランスを取る人,少し引っ込み思案でリスクを極端に避け、対立を徹底的に避ける性格,温厚で地に足がついていない
少内向,超慎重,超回避,仲間派,超現実,守護者,仲間を守る頼れる存在,少し引っ込み思案でリスクを極端に避け、対立を徹底的に避ける性格,仲間思いで超現実主義
少内向,超慎重,超回避,仲間派,現実,守護者,仲間を守る頼れる存在,少し引っ込み思案でリスクを極端に避け、対立を徹底的に避ける性格,仲間思いで現実主義
少内向,超慎重,超回避,仲間派,少現実,守護者,仲間を守る頼れる存在,少し引っ込み思案でリスクを極端に避け、対立を徹底的に避ける性格,仲間思いで現実的な側面を考慮する
少内向,超慎重,超回避,仲間派,少理想,守護者,仲間を守る頼れる存在,少し引っ込み思案でリスクを極端に避け、対立を徹底的に避ける性格,仲間思いで夢見がち
少内向,超慎重,超回避,仲間派,理想,守護者,仲間を守る頼れる存在,少し引っ込み思案でリスクを極端に避け、対立を徹底的に避ける性格,仲間思いで理想的
少内向,超慎重,超回避,仲間派,超理想,守護者,仲間を守る頼れる存在,少し引っ込み思案でリスクを極端に避け、対立を徹底的に避ける性格,仲間思いで地に足がついていない
少内向,超慎重,超回避,超仲間,超現実,守護者,仲間を守る頼れる存在,少し引っ込み思案でリスクを極端に避け、対立を徹底的に避ける性格,自己犠牲精神で超現実主義
少内向,超慎重,超回避,超仲間,現実,守護者,仲間を守る頼れる存在,少し引っ込み思案でリスクを極端に避け、対立を徹底的に避ける性格,自己犠牲精神で現実主義
少内向,超慎重,超回避,超仲間,少現実,守護者,仲間を守る頼れる存在,少し引っ込み思案でリスクを極端に避け、対立を徹底的に避ける性格,自己犠牲精神で現実的な側面を考慮する
少内向,超慎重,超回避,超仲間,少理想,守護者,仲間を守る頼れる存在,少し引っ込み思案でリスクを極端に避け、対立を徹底的に避ける性格,自己犠牲精神で夢見がち
少内向,超慎重,超回避,超仲間,理想,守護者,仲間を守る頼れる存在,少し引っ込み思案でリスクを極端に避け、対立を徹底的に避ける性格,自己犠牲精神で理想的
少内向,超慎重,超回避,超仲間,超理想,守護者,仲間を守る頼れる存在,少し引っ込み思案でリスクを極端に避け、対立を徹底的に避ける性格,自己犠牲精神で地に足がついていない
少内向,超慎重,回避,孤高,超現実,調整役,周囲を見てバランスを取る人,少し引っ込み思案でリスクを極端に避け、直接的な対応を好まない性格,孤高の存在で超現実主義
少内向,超慎重,回避,孤高,現実,調整役,周囲を見てバランスを取る人,少し引っ込み思案でリスクを極端に避け、直接的な対応を好まない性格,孤高の存在で現実主義
少内向,超慎重,回避,孤高,少現実,調整役,周囲を見てバランスを取る人,少し引っ込み思案でリスクを極端に避け、直接的な対応を好まない性格,孤高の存在で現実的な側面を考慮する
少内向,超慎重,回避,孤高,少理想,調整役,周囲を見てバランスを取る人,少し引っ込み思案でリスクを極端に避け、直接的な対応を好まない性格,孤高の存在で夢見がち
少内向,超慎重,回避,孤高,理想,調整役,周囲を見てバランスを取る人,少し引っ込み思案でリスクを極端に避け、直接的な対応を好まない性格,孤高の存在で理想的
少内向,超慎重,回避,孤高,超理想,調整役,周囲を見てバランスを取る人,少し引っ込み思案でリスクを極端に避け、直接的な対応を好まない性格,孤高の存在で地に足がついていない
少内向,超慎重,回避,一匹狼,超現実,調整役,周囲を見てバランスを取る人,少し引っ込み思案でリスクを極端に避け、直接的な対応を好まない性格,一匹狼で超現実主義
少内向,超慎重,回避,一匹狼,現実,調整役,周囲を見てバランスを取る人,少し引っ込み思案でリスクを極端に避け、直接的な対応を好まない性格,一匹狼で現実主義
少内向,超慎重,回避,一匹狼,少現実,調整役,周囲を見てバランスを取る人,少し引っ込み思案でリスクを極端に避け、直接的な対応を好まない性格,一匹狼で現実的な側面を考慮する
少内向,超慎重,回避,一匹狼,少理想,調整役,周囲を見てバランスを取る人,少し引っ込み思案でリスクを極端に避け、直接的な対応を好まない性格,一匹狼で夢見がち
少内向,超慎重,回避,一匹狼,理想,調整役,周囲を見てバランスを取る人,少し引っ込み思案でリスクを極端に避け、直接的な対応を好まない性格,一匹狼で理想的
少内向,超慎重,回避,一匹狼,超理想,調整役,周囲を見てバランスを取る人,少し引っ込み思案でリスクを極端に避け、直接的な対応を好まない性格,一匹狼で地に足がついていない
少内向,超慎重,回避,少孤独,超現実,調整役,周囲を見てバランスを取る人,少し引っ込み思案でリスクを極端に避け、直接的な対応を好まない性格,自由主義で超現実主義
少内向,超慎重,回避,少孤独,現実,調整役,周囲を見てバランスを取る人,少し引っ込み思案でリスクを極端に避け、直接的な対応を好まない性格,自由主義で現実主義
少内向,超慎重,回避,少孤独,少現実,調整役,周囲を見てバランスを取る人,少し引っ込み思案でリスクを極端に避け、直接的な対応を好まない性格,自由主義で現実的な側面を考慮する
少内向,超慎重,回避,少孤独,少理想,調整役,周囲を見てバランスを取る人,少し引っ込み思案でリスクを極端に避け、直接的な対応を好まない性格,自由主義で夢見がち
少内向,超慎重,回避,少孤独,理想,調整役,周囲を見てバランスを取る人,少し引っ込み思案でリスクを極端に避け、直接的な対応を好まない性格,自由主義で理想的
少内向,超慎重,回避,少孤独,超理想,調整役,周囲を見てバランスを取る人,少し引っ込み思案でリスクを極端に避け、直接的な対応を好まない性格,自由主義で地に足がついていない
少内向,超慎重,回避,少仲間,超現実,調整役,周囲を見てバランスを取る人,少し引っ込み思案でリスクを極端に避け、直接的な対応を好まない性格,温厚で超現実主義
少内向,超慎重,回避,少仲間,現実,調整役,周囲を見てバランスを取る人,少し引っ込み思案でリスクを極端に避け、直接的な対応を好まない性格,温厚で現実主義
少内向,超慎重,回避,少仲間,少現実,調整役,周囲を見てバランスを取る人,少し引っ込み思案でリスクを極端に避け、直接的な対応を好まない性格,温厚で現実的な側面を考慮する
少内向,超慎重,回避,少仲間,少理想,調整役,周囲を見てバランスを取る人,少し引っ込み思案でリスクを極端に避け、直接的な対応を好まない性格,温厚で夢見がち
少内向,超慎重,回避,少仲間,理想,調整役,周囲を見てバランスを取る人,少し引っ込み思案でリスクを極端に避け、直接的な対応を好まない性格,温厚で理想的
少内向,超慎重,回避,少仲間,超理想,調整役,周囲を見てバランスを取る人,少し引っ込み思案でリスクを極端に避け、直接的な対応を好まない性格,温厚で地に足がついていない
少内向,超慎重,回避,仲間派,超現実,守護者,仲間を守る頼れる存在,少し引っ込み思案でリスクを極端に避け、直接的な対応を好まない性格,仲間思いで超現実主義
少内向,超慎重,回避,仲間派,現実,守護者,仲間を守る頼れる存在,少し引っ込み思案でリスクを極端に避け、直接的な対応を好まない性格,仲間思いで現実主義
少内向,超慎重,回避,仲間派,少現実,守護者,仲間を守る頼れる存在,少し引っ込み思案でリスクを極端に避け、直接的な対応を好まない性格,仲間思いで現実的な側面を考慮する
少内向,超慎重,回避,仲間派,少理想,守護者,仲間を守る頼れる存在,少し引っ込み思案でリスクを極端に避け、直接的な対応を好まない性格,仲間思いで夢見がち
少内向,超慎重,回避,仲間派,理想,守護者,仲間を守る頼れる存在,少し引っ込み思案でリスクを極端に避け、直接的な対応を好まない性格,仲間思いで理想的
少内向,超慎重,回避,仲間派,超理想,守護者,仲間を守る頼れる存在,少し引っ込み思案でリスクを極端に避け、直接的な対応を好まない性格,仲間思いで地に足がついていない
少内向,超慎重,回避,超仲間,超現実,守護者,仲間を守る頼れる存在,少し引っ込み思案でリスクを極端に避け、直接的な対応を好まない性格,自己犠牲精神で超現実主義
少内向,超慎重,回避,超仲間,現実,守護者,仲間を守る頼れる存在,少し引っ込み思案でリスクを極端に避け、直接的な対応を好まない性格,自己犠牲精神で現実主義
少内向,超慎重,回避,超仲間,少現実,守護者,仲間を守る頼れる存在,少し引っ込み思案でリスクを極端に避け、直接的な対応を好まない性格,自己犠牲精神で現実的な側面を考慮する
少内向,超慎重,回避,超仲間,少理想,守護者,仲間を守る頼れる存在,少し引っ込み思案でリスクを極端に避け、直接的な対応を好まない性格,自己犠牲精神で夢見がち
少内向,超慎重,回避,超仲間,理想,守護者,仲間を守る頼れる存在,少し引っ込み思案でリスクを極端に避け、直接的な対応を好まない性格,自己犠牲精神で理想的
少内向,超慎重,回避,超仲間,超理想,守護者,仲間を守る頼れる存在,少し引っ込み思案でリスクを極端に避け、直接的な対応を好まない性格,自己犠牲精神で地に足がついていない
少内向,超慎重,少回避,孤高,超現実,調整役,周囲を見てバランスを取る人,少し引っ込み思案でリスクを極端に避け、争いごとを好まない性格,孤高の存在で超現実主義
少内向,超慎重,少回避,孤高,現実,調整役,周囲を見てバランスを取る人,少し引っ込み思案でリスクを極端に避け、争いごとを好まない性格,孤高の存在で現実主義
少内向,超慎重,少回避,孤高,少現実,調整役,周囲を見てバランスを取る人,少し引っ込み思案でリスクを極端に避け、争いごとを好まない性格,孤高の存在で現実的な側面を考慮する
少内向,超慎重,少回避,孤高,少理想,調整役,周囲を見てバランスを取る人,少し引っ込み思案でリスクを極端に避け、争いごとを好まない性格,孤高の存在で夢見がち
少内向,超慎重,少回避,孤高,理想,調整役,周囲を見てバランスを取る人,少し引っ込み思案でリスクを極端に避け、争いごとを好まない性格,孤高の存在で理想的
少内向,超慎重,少回避,孤高,超理想,調整役,周囲を見てバランスを取る人,少し引っ込み思案でリスクを極端に避け、争いごとを好まない性格,孤高の存在で地に足がついていない
少内向,超慎重,少回避,一匹狼,超現実,調整役,周囲を見てバランスを取る人,少し引っ込み思案でリスクを極端に避け、争いごとを好まない性格,一匹狼で超現実主義
少内向,超慎重,少回避,一匹狼,現実,調整役,周囲を見てバランスを取る人,少し引っ込み思案でリスクを極端に避け、争いごとを好まない性格,一匹狼で現実主義
少内向,超慎重,少回避,一匹狼,少現実,調整役,周囲を見てバランスを取る人,少し引っ込み思案でリスクを極端に避け、争いごとを好まない性格,一匹狼で現実的な側面を考慮する
少内向,超慎重,少回避,一匹狼,少理想,調整役,周囲を見てバランスを取る人,少し引っ込み思案でリスクを極端に避け、争いごとを好まない性格,一匹狼で夢見がち
少内向,超慎重,少回避,一匹狼,理想,調整役,周囲を見てバランスを取る人,少し引っ込み思案でリスクを極端に避け、争いごとを好まない性格,一匹狼で理想的
少内向,超慎重,少回避,一匹狼,超理想,調整役,周囲を見てバランスを取る人,少し引っ込み思案でリスクを極端に避け、争いごとを好まない性格,一匹狼で地に足がついていない
少内向,超慎重,少回避,少孤独,超現実,調整役,周囲を見てバランスを取る人,少し引っ込み思案でリスクを極端に避け、争いごとを好まない性格,自由主義で超現実主義
少内向,超慎重,少回避,少孤独,現実,調整役,周囲を見てバランスを取る人,少し引っ込み思案でリスクを極端に避け、争いごとを好まない性格,自由主義で現実主義
少内向,超慎重,少回避,少孤独,少現実,調整役,周囲を見てバランスを取る人,少し引っ込み思案でリスクを極端に避け、争いごとを好まない性格,自由主義で現実的な側面を考慮する
少内向,超慎重,少回避,少孤独,少理想,調整役,周囲を見てバランスを取る人,少し引っ込み思案でリスクを極端に避け、争いごとを好まない性格,自由主義で夢見がち
少内向,超慎重,少回避,少孤独,理想,調整役,周囲を見てバランスを取る人,少し引っ込み思案でリスクを極端に避け、争いごとを好まない性格,自由主義で理想的
少内向,超慎重,少回避,少孤独,超理想,調整役,周囲を見てバランスを取る人,少し引っ込み思案でリスクを極端に避け、争いごとを好まない性格,自由主義で地に足がついていない
少内向,超慎重,少回避,少仲間,超現実,調整役,周囲を見てバランスを取る人,少し引っ込み思案でリスクを極端に避け、争いごとを好まない性格,温厚で超現実主義
少内向,超慎重,少回避,少仲間,現実,調整役,周囲を見てバランスを取る人,少し引っ込み思案でリスクを極端に避け、争いごとを好まない性格,温厚で現実主義
少内向,超慎重,少回避,少仲間,少現実,調整役,周囲を見てバランスを取る人,少し引っ込み思案でリスクを極端に避け、争いごとを好まない性格,温厚で現実的な側面を考慮する
少内向,超慎重,少回避,少仲間,少理想,調整役,周囲を見てバランスを取る人,少し引っ込み思案でリスクを極端に避け、争いごとを好まない性格,温厚で夢見がち
少内向,超慎重,少回避,少仲間,理想,調整役,周囲を見てバランスを取る人,少し引っ込み思案でリスクを極端に避け、争いごとを好まない性格,温厚で理想的
少内向,超慎重,少回避,少仲間,超理想,調整役,周囲を見てバランスを取る人,少し引っ込み思案でリスクを極端に避け、争いごとを好まない性格,温厚で地に足がついていない
少内向,超慎重,少回避,仲間派,超現実,守護者,仲間を守る頼れる存在,少し引っ込み思案でリスクを極端に避け、争いごとを好まない性格,仲間思いで超現実主義
少内向,超慎重,少回避,仲間派,現実,守護者,仲間を守る頼れる存在,少し引っ込み思案でリスクを極端に避け、争いごとを好まない性格,仲間思いで現実主義
少内向,超慎重,少回避,仲間派,少現実,守護者,仲間を守る頼れる存在,少し引っ込み思案でリスクを極端に避け、争いごとを好まない性格,仲間思いで現実的な側面を考慮する
少内向,超慎重,少回避,仲間派,少理想,守護者,仲間を守る頼れる存在,少し引っ込み思案でリスクを極端に避け、争いごとを好まない性格,仲間思いで夢見がち
少内向,超慎重,少回避,仲間派,理想,守護者,仲間を守る頼れる存在,少し引っ込み思案でリスクを極端に避け、争いごとを好まない性格,仲間思いで理想的
少内向,超慎重,少回避,仲間派,超理想,守護者,仲間を守る頼れる存在,少し引っ込み思案でリスクを極端に避け、争いごとを好まない性格,仲間思いで地に足がついていない
少内向,超慎重,少回避,超仲間,超現実,守護者,仲間を守る頼れる存在,少し引っ込み思案でリスクを極端に避け、争いごとを好まない性格,自己犠牲精神で超現実主義
少内向,超慎重,少回避,超仲間,現実,守護者,仲間を守る頼れる存在,少し引っ込み思案でリスクを極端に避け、争いごとを好まない性格,自己犠牲精神で現実主義
少内向,超慎重,少回避,超仲間,少現実,守護者,仲間を守る頼れる存在,少し引っ込み思案でリスクを極端に避け、争いごとを好まない性格,自己犠牲精神で現実的な側面を考慮する
少内向,超慎重,少回避,超仲間,少理想,守護者,仲間を守る頼れる存在,少し引っ込み思案でリスクを極端に避け、争いごとを好まない性格,自己犠牲精神で夢見がち
少内向,超慎重,少回避,超仲間,理想,守護者,仲間を守る頼れる存在,少し引っ込み思案でリスクを極端に避け、争いごとを好まない性格,自己犠牲精神で理想的
少内向,超慎重,少回避,超仲間,超理想,守護者,仲間を守る頼れる存在,少し引っ込み思案でリスクを極端に避け、争いごとを好まない性格,自己犠牲精神で地に足がついていない
少内向,超慎重,少挑戦,孤高,超現実,調整役,周囲を見てバランスを取る人,少し引っ込み思案でリスクを極端に避け、探求心がある性格,孤高の存在で超現実主義
少内向,超慎重,少挑戦,孤高,現実,調整役,周囲を見てバランスを取る人,少し引っ込み思案でリスクを極端に避け、探求心がある性格,孤高の存在で現実主義
少内向,超慎重,少挑戦,孤高,少現実,調整役,周囲を見てバランスを取る人,少し引っ込み思案でリスクを極端に避け、探求心がある性格,孤高の存在で現実的な側面を考慮する
少内向,超慎重,少挑戦,孤高,少理想,調整役,周囲を見てバランスを取る人,少し引っ込み思案でリスクを極端に避け、探求心がある性格,孤高の存在で夢見がち
少内向,超慎重,少挑戦,孤高,理想,調整役,周囲を見てバランスを取る人,少し引っ込み思案でリスクを極端に避け、探求心がある性格,孤高の存在で理想的
少内向,超慎重,少挑戦,孤高,超理想,調整役,周囲を見てバランスを取る人,少し引っ込み思案でリスクを極端に避け、探求心がある性格,孤高の存在で地に足がついていない
少内向,超慎重,少挑戦,一匹狼,超現実,調整役,周囲を見てバランスを取る人,少し引っ込み思案でリスクを極端に避け、探求心がある性格,一匹狼で超現実主義
少内向,超慎重,少挑戦,一匹狼,現実,調整役,周囲を見てバランスを取る人,少し引っ込み思案でリスクを極端に避け、探求心がある性格,一匹狼で現実主義
少内向,超慎重,少挑戦,一匹狼,少現実,調整役,周囲を見てバランスを取る人,少し引っ込み思案でリスクを極端に避け、探求心がある性格,一匹狼で現実的な側面を考慮する
少内向,超慎重,少挑戦,一匹狼,少理想,調整役,周囲を見てバランスを取る人,少し引っ込み思案でリスクを極端に避け、探求心がある性格,一匹狼で夢見がち
少内向,超慎重,少挑戦,一匹狼,理想,調整役,周囲を見てバランスを取る人,少し引っ込み思案でリスクを極端に避け、探求心がある性格,一匹狼で理想的
少内向,超慎重,少挑戦,一匹狼,超理想,調整役,周囲を見てバランスを取る人,少し引っ込み思案でリスクを極端に避け、探求心がある性格,一匹狼で地に足がついていない
少内向,超慎重,少挑戦,少孤独,超現実,調整役,周囲を見てバランスを取る人,少し引っ込み思案でリスクを極端に避け、探求心がある性格,自由主義で超現実主義
少内向,超慎重,少挑戦,少孤独,現実,調整役,周囲を見てバランスを取る人,少し引っ込み思案でリスクを極端に避け、探求心がある性格,自由主義で現実主義
少内向,超慎重,少挑戦,少孤独,少現実,調整役,周囲を見てバランスを取る人,少し引っ込み思案でリスクを極端に避け、探求心がある性格,自由主義で現実的な側面を考慮する
少内向,超慎重,少挑戦,少孤独,少理想,調整役,周囲を見てバランスを取る人,少し引っ込み思案でリスクを極端に避け、探求心がある性格,自由主義で夢見がち
少内向,超慎重,少挑戦,少孤独,理想,調整役,周囲を見てバランスを取る人,少し引っ込み思案でリスクを極端に避け、探求心がある性格,自由主義で理想的
少内向,超慎重,少挑戦,少孤独,超理想,調整役,周囲を見てバランスを取る人,少し引っ込み思案でリスクを極端に避け、探求心がある性格,自由主義で地に足がついていない
少内向,超慎重,少挑戦,少仲間,超現実,調整役,周囲を見てバランスを取る人,少し引っ込み思案でリスクを極端に避け、探求心がある性格,温厚で超現実主義
少内向,超慎重,少挑戦,少仲間,現実,調整役,周囲を見てバランスを取る人,少し引っ込み思案でリスクを極端に避け、探求心がある性格,温厚で現実主義
少内向,超慎重,少挑戦,少仲間,少現実,調整役,周囲を見てバランスを取る人,少し引っ込み思案でリスクを極端に避け、探求心がある性格,温厚で現実的な側面を考慮する
少内向,超慎重,少挑戦,少仲間,少理想,調整役,周囲を見てバランスを取る人,少し引っ込み思案でリスクを極端に避け、探求心がある性格,温厚で夢見がち
少内向,超慎重,少挑戦,少仲間,理想,調整役,周囲を見てバランスを取る人,少し引っ込み思案でリスクを極端に避け、探求心がある性格,温厚で理想的
少内向,超慎重,少挑戦,少仲間,超理想,調整役,周囲を見てバランスを取る人,少し引っ込み思案でリスクを極端に避け、探求心がある性格,温厚で地に足がついていない
少内向,超慎重,少挑戦,仲間派,超現実,調整役,周囲を見てバランスを取る人,少し引っ込み思案でリスクを極端に避け、探求心がある性格,仲間思いで超現実主義
少内向,超慎重,少挑戦,仲間派,現実,調整役,周囲を見てバランスを取る人,少し引っ込み思案でリスクを極端に避け、探求心がある性格,仲間思いで現実主義
少内向,超慎重,少挑戦,仲間派,少現実,調整役,周囲を見てバランスを取る人,少し引っ込み思案でリスクを極端に避け、探求心がある性格,仲間思いで現実的な側面を考慮する
少内向,超慎重,少挑戦,仲間派,少理想,調整役,周囲を見てバランスを取る人,少し引っ込み思案でリスクを極端に避け、探求心がある性格,仲間思いで夢見がち
少内向,超慎重,少挑戦,仲間派,理想,調整役,周囲を見てバランスを取る人,少し引っ込み思案でリスクを極端に避け、探求心がある性格,仲間思いで理想的
少内向,超慎重,少挑戦,仲間派,超理想,調整役,周囲を見てバランスを取る人,少し引っ込み思案でリスクを極端に避け、探求心がある性格,仲間思いで地に足がついていない
少内向,超慎重,少挑戦,超仲間,超現実,調整役,周囲を見てバランスを取る人,少し引っ込み思案でリスクを極端に避け、探求心がある性格,自己犠牲精神で超現実主義
少内向,超慎重,少挑戦,超仲間,現実,調整役,周囲を見てバランスを取る人,少し引っ込み思案でリスクを極端に避け、探求心がある性格,自己犠牲精神で現実主義
少内向,超慎重,少挑戦,超仲間,少現実,調整役,周囲を見てバランスを取る人,少し引っ込み思案でリスクを極端に避け、探求心がある性格,自己犠牲精神で現実的な側面を考慮する
少内向,超慎重,少挑戦,超仲間,少理想,調整役,周囲を見てバランスを取る人,少し引っ込み思案でリスクを極端に避け、探求心がある性格,自己犠牲精神で夢見がち
少内向,超慎重,少挑戦,超仲間,理想,調整役,周囲を見てバランスを取る人,少し引っ込み思案でリスクを極端に避け、探求心がある性格,自己犠牲精神で理想的
少内向,超慎重,少挑戦,超仲間,超理想,調整役,周囲を見てバランスを取る人,少し引っ込み思案でリスクを極端に避け、探求心がある性格,自己犠牲精神で地に足がついていない
少内向,超慎重,挑戦,孤高,超現実,孤高の戦士,誰にも頼らず突き進む,少し引っ込み思案でリスクを極端に避け、挑戦的な性格,孤高の存在で超現実主義
少内向,超慎重,挑戦,孤高,現実,孤高の戦士,誰にも頼らず突き進む,少し引っ込み思案でリスクを極端に避け、挑戦的な性格,孤高の存在で現実主義
少内向,超慎重,挑戦,孤高,少現実,策略家,冷静に挑む策士,少し引っ込み思案でリスクを極端に避け、挑戦的な性格,孤高の存在で現実的な側面を考慮する
少内向,超慎重,挑戦,孤高,少理想,策略家,冷静に挑む策士,少し引っ込み思案でリスクを極端に避け、挑戦的な性格,孤高の存在で夢見がち
少内向,超慎重,挑戦,孤高,理想,策略家,冷静に挑む策士,少し引っ込み思案でリスクを極端に避け、挑戦的な性格,孤高の存在で理想的
少内向,超慎重,挑戦,孤高,超理想,策略家,冷静に挑む策士,少し引っ込み思案でリスクを極端に避け、挑戦的な性格,孤高の存在で地に足がついていない
少内向,超慎重,挑戦,一匹狼,超現実,孤高の戦士,誰にも頼らず突き進む,少し引っ込み思案でリスクを極端に避け、挑戦的な性格,一匹狼で超現実主義
少内向,超慎重,挑戦,一匹狼,現実,孤高の戦士,誰にも頼らず突き進む,少し引っ込み思案でリスクを極端に避け、挑戦的な性格,一匹狼で現実主義
少内向,超慎重,挑戦,一匹狼,少現実,策略家,冷静に挑む策士,少し引っ込み思案でリスクを極端に避け、挑戦的な性格,一匹狼で現実的な側面を考慮する
少内向,超慎重,挑戦,一匹狼,少理想,策略家,冷静に挑む策士,少し引っ込み思案でリスクを極端に避け、挑戦的な性格,一匹狼で夢見がち
少内向,超慎重,挑戦,一匹狼,理想,策略家,冷静に挑む策士,少し引っ込み思案でリスクを極端に避け、挑戦的な性格,一匹狼で理想的
少内向,超慎重,挑戦,一匹狼,超理想,策略家,冷静に挑む策士,少し引っ込み思案でリスクを極端に避け、挑戦的な性格,一匹狼で地に足がついていない
少内向,超慎重,挑戦,少孤独,超現実,策略家,冷静に挑む策士,少し引っ込み思案でリスクを極端に避け、挑戦的な性格,自由主義で超現実主義
少内向,超慎重,挑戦,少孤独,現実,策略家,冷静に挑む策士,少し引っ込み思案でリスクを極端に避け、挑戦的な性格,自由主義で現実主義
少内向,超慎重,挑戦,少孤独,少現実,策略家,冷静に挑む策士,少し引っ込み思案でリスクを極端に避け、挑戦的な性格,自由主義で現実的な側面を考慮する
少内向,超慎重,挑戦,少孤独,少理想,策略家,冷静に挑む策士,少し引っ込み思案でリスクを極端に避け、挑戦的な性格,自由主義で夢見がち
少内向,超慎重,挑戦,少孤独,理想,策略家,冷静に挑む策士,少し引っ込み思案でリスクを極端に避け、挑戦的な性格,自由主義で理想的
少内向,超慎重,挑戦,少孤独,超理想,策略家,冷静に挑む策士,少し引っ込み思案でリスクを極端に避け、挑戦的な性格,自由主義で地に足がついていない
少内向,超慎重,挑戦,少仲間,超現実,策略家,冷静に挑む策士,少し引っ込み思案でリスクを極端に避け、挑戦的な性格,温厚で超現実主義
少内向,超慎重,挑戦,少仲間,現実,策略家,冷静に挑む策士,少し引っ込み思案でリスクを極端に避け、挑戦的な性格,温厚で現実主義
少内向,超慎重,挑戦,少仲間,少現実,策略家,冷静に挑む策士,少し引っ込み思案でリスクを極端に避け、挑戦的な性格,温厚で現実的な側面を考慮する
少内向,超慎重,挑戦,少仲間,少理想,策略家,冷静に挑む策士,少し引っ込み思案でリスクを極端に避け、挑戦的な性格,温厚で夢見がち
少内向,超慎重,挑戦,少仲間,理想,策略家,冷静に挑む策士,少し引っ込み思案でリスクを極端に避け、挑戦的な性格,温厚で理想的
少内向,超慎重,挑戦,少仲間,超理想,策略家,冷静に挑む策士,少し引っ込み思案でリスクを極端に避け、挑戦的な性格,温厚で地に足がついていない
少内向,超慎重,挑戦,仲間派,超現実,策略家,冷静に挑む策士,少し引っ込み思案でリスクを極端に避け、挑戦的な性格,仲間思いで超現実主義
少内向,超慎重,挑戦,仲間派,現実,策略家,冷静に挑む策士,少し引っ込み思案でリスクを極端に避け、挑戦的な性格,仲間思いで現実主義
少内向,超慎重,挑戦,仲間派,少現実,策略家,冷静に挑む策士,少し引っ込み思案でリスクを極端に避け、挑戦的な性格,仲間思いで現実的な側面を考慮する
少内向,超慎重,挑戦,仲間派,少理想,策略家,冷静に挑む策士,少し引っ込み思案でリスクを極端に避け、挑戦的な性格,仲間思いで夢見がち
少内向,超慎重,挑戦,仲間派,理想,挑戦家,理想を掲げ挑戦を恐れない,少し引っ込み思案でリスクを極端に避け、挑戦的な性格,仲間思いで理想的
少内向,超慎重,挑戦,仲間派,超理想,挑戦家,理想を掲げ挑戦を恐れない,少し引っ込み思案でリスクを極端に避け、挑戦的な性格,仲間思いで地に足がついていない
少内向,超慎重,挑戦,超仲間,超現実,策略家,冷静に挑む策士,少し引っ込み思案でリスクを極端に避け、挑戦的な性格,自己犠牲精神で超現実主義
少内向,超慎重,挑戦,超仲間,現実,策略家,冷静に挑む策士,少し引っ込み思案でリスクを極端に避け、挑戦的な性格,自己犠牲精神で現実主義
少内向,超慎重,挑戦,超仲間,少現実,策略家,冷静に挑む策士,少し引っ込み思案でリスクを極端に避け、挑戦的な性格,自己犠牲精神で現実的な側面を考慮する
少内向,超慎重,挑戦,超仲間,少理想,策略家,冷静に挑む策士,少し引っ込み思案でリスクを極端に避け、挑戦的な性格,自己犠牲精神で夢見がち
少内向,超慎重,挑戦,超仲間,理想,挑戦家,理想を掲げ挑戦を恐れない,少し引っ込み思案でリスクを極端に避け、挑戦的な性格,自己犠牲精神で理想的
少内向,超慎重,挑戦,超仲間,超理想,挑戦家,理想を掲げ挑戦を恐れない,少し引っ込み思案でリスクを極端に避け、挑戦的な性格,自己犠牲精神で地に足がついていない
少内向,超慎重,超挑戦,孤高,超現実,孤高の戦士,誰にも頼らず突き進む,少し引っ込み思案でリスクを極端に避け、果敢な性格,孤高の存在で超現実主義
少内向,超慎重,超挑戦,孤高,現実,孤高の戦士,誰にも頼らず突き進む,少し引っ込み思案でリスクを極端に避け、果敢な性格,孤高の存在で現実主義
少内向,超慎重,超挑戦,孤高,少現実,策略家,冷静に挑む策士,少し引っ込み思案でリスクを極端に避け、果敢な性格,孤高の存在で現実的な側面を考慮する
少内向,超慎重,超挑戦,孤高,少理想,策略家,冷静に挑む策士,少し引っ込み思案でリスクを極端に避け、果敢な性格,孤高の存在で夢見がち
少内向,超慎重,超挑戦,孤高,理想,策略家,冷静に挑む策士,少し引っ込み思案でリスクを極端に避け、果敢な性格,孤高の存在で理想的
少内向,超慎重,超挑戦,孤高,超理想,策略家,冷静に挑む策士,少し引っ込み思案でリスクを極端に避け、果敢な性格,孤高の存在で地に足がついていない
少内向,超慎重,超挑戦,一匹狼,超現実,孤高の戦士,誰にも頼らず突き進む,少し引っ込み思案でリスクを極端に避け、果敢な性格,一匹狼で超現実主義
少内向,超慎重,超挑戦,一匹狼,現実,孤高の戦士,誰にも頼らず突き進む,少し引っ込み思案でリスクを極端に避け、果敢な性格,一匹狼で現実主義
少内向,超慎重,超挑戦,一匹狼,少現実,策略家,冷静に挑む策士,少し引っ込み思案でリスクを極端に避け、果敢な性格,一匹狼で現実的な側面を考慮する
少内向,超慎重,超挑戦,一匹狼,少理想,策略家,冷静に挑む策士,少し引っ込み思案でリスクを極端に避け、果敢な性格,一匹狼で夢見がち
少内向,超慎重,超挑戦,一匹狼,理想,策略家,冷静に挑む策士,少し引っ込み思案でリスクを極端に避け、果敢な性格,一匹狼で理想的
少内向,超慎重,超挑戦,一匹狼,超理想,策略家,冷静に挑む策士,少し引っ込み思案でリスクを極端に避け、果敢な性格,一匹狼で地に足がついていない
少内向,超慎重,超挑戦,少孤独,超現実,策略家,冷静に挑む策士,少し引っ込み思案でリスクを極端に避け、果敢な性格,自由主義で超現実主義
少内向,超慎重,超挑戦,少孤独,現実,策略家,冷静に挑む策士,少し引っ込み思案でリスクを極端に避け、果敢な性格,自由主義で現実主義
少内向,超慎重,超挑戦,少孤独,少現実,策略家,冷静に挑む策士,少し引っ込み思案でリスクを極端に避け、果敢な性格,自由主義で現実的な側面を考慮する
少内向,超慎重,超挑戦,少孤独,少理想,策略家,冷静に挑む策士,少し引っ込み思案でリスクを極端に避け、果敢な性格,自由主義で夢見がち
少内向,超慎重,超挑戦,少孤独,理想,策略家,冷静に挑む策士,少し引っ込み思案でリスクを極端に避け、果敢な性格,自由主義で理想的
少内向,超慎重,超挑戦,少孤独,超理想,策略家,冷静に挑む策士,少し引っ込み思案でリスクを極端に避け、果敢な性格,自由主義で地に足がついていない
少内向,超慎重,超挑戦,少仲間,超現実,策略家,冷静に挑む策士,少し引っ込み思案でリスクを極端に避け、果敢な性格,温厚で超現実主義
少内向,超慎重,超挑戦,少仲間,現実,策略家,冷静に挑む策士,少し引っ込み思案でリスクを極端に避け、果敢な性格,温厚で現実主義
少内向,超慎重,超挑戦,少仲間,少現実,策略家,冷静に挑む策士,少し引っ込み思案でリスクを極端に避け、果敢な性格,温厚で現実的な側面を考慮する
少内向,超慎重,超挑戦,少仲間,少理想,策略家,冷静に挑む策士,少し引っ込み思案でリスクを極端に避け、果敢な性格,温厚で夢見がち
少内向,超慎重,超挑戦,少仲間,理想,策略家,冷静に挑む策士,少し引っ込み思案でリスクを極端に避け、果敢な性格,温厚で理想的
少内向,超慎重,超挑戦,少仲間,超理想,策略家,冷静に挑む策士,少し引っ込み思案でリスクを極端に避け、果敢な性格,温厚で地に足がついていない
少内向,超慎重,超挑戦,仲間派,超現実,策略家,冷静に挑む策士,少し引っ込み思案でリスクを極端に避け、果敢な性格,仲間思いで超現実主義
少内向,超慎重,超挑戦,仲間派,現実,策略家,冷静に挑む策士,少し引っ込み思案でリスクを極端に避け、果敢な性格,仲間思いで現実主義
少内向,超慎重,超挑戦,仲間派,少現実,策略家,冷静に挑む策士,少し引っ込み思案でリスクを極端に避け、果敢な性格,仲間思いで現実的な側面を考慮する
少内向,超慎重,超挑戦,仲間派,少理想,策略家,冷静に挑む策士,少し引っ込み思案でリスクを極端に避け、果敢な性格,仲間思いで夢見がち
少内向,超慎重,超挑戦,仲間派,理想,挑戦家,理想を掲げ挑戦を恐れない,少し引っ込み思案でリスクを極端に避け、果敢な性格,仲間思いで理想的
少内向,超慎重,超挑戦,仲間派,超理想,挑戦家,理想を掲げ挑戦を恐れない,少し引っ込み思案でリスクを極端に避け、果敢な性格,仲間思いで地に足がついていない
少内向,超慎重,超挑戦,超仲間,超現実,策略家,冷静に挑む策士,少し引っ込み思案でリスクを極端に避け、果敢な性格,自己犠牲精神で超現実主義
少内向,超慎重,超挑戦,超仲間,現実,策略家,冷静に挑む策士,少し引っ込み思案でリスクを極端に避け、果敢な性格,自己犠牲精神で現実主義
少内向,超慎重,超挑戦,超仲間,少現実,策略家,冷静に挑む策士,少し引っ込み思案でリスクを極端に避け、果敢な性格,自己犠牲精神で現実的な側面を考慮する
少内向,超慎重,超挑戦,超仲間,少理想,策略家,冷静に挑む策士,少し引っ込み思案でリスクを極端に避け、果敢な性格,自己犠牲精神で夢見がち
少内向,超慎重,超挑戦,超仲間,理想,挑戦家,理想を掲げ挑戦を恐れない,少し引っ込み思案でリスクを極端に避け、果敢な性格,自己犠牲精神で理想的
少内向,超慎重,超挑戦,超仲間,超理想,挑戦家,理想を掲げ挑戦を恐れない,少し引っ込み思案でリスクを極端に避け、果敢な性格,自己犠牲精神で地に足がついていない
少内向,慎重,超回避,孤高,超現実,調整役,周囲を見てバランスを取る人,少し引っ込み思案で慎重的、対立を徹底的に避ける性格,孤高の存在で超現実主義
少内向,慎重,超回避,孤高,現実,調整役,周囲を見てバランスを取る人,少し引っ込み思案で慎重的、対立を徹底的に避ける性格,孤高の存在で現実主義
少内向,慎重,超回避,孤高,少現実,調整役,周囲を見てバランスを取る人,少し引っ込み思案で慎重的、対立を徹底的に避ける性格,孤高の存在で現実的な側面を考慮する
少内向,慎重,超回避,孤高,少理想,調整役,周囲を見てバランスを取る人,少し引っ込み思案で慎重的、対立を徹底的に避ける性格,孤高の存在で夢見がち
少内向,慎重,超回避,孤高,理想,調整役,周囲を見てバランスを取る人,少し引っ込み思案で慎重的、対立を徹底的に避ける性格,孤高の存在で理想的
少内向,慎重,超回避,孤高,超理想,調整役,周囲を見てバランスを取る人,少し引っ込み思案で慎重的、対立を徹底的に避ける性格,孤高の存在で地に足がついていない
少内向,慎重,超回避,一匹狼,超現実,調整役,周囲を見てバランスを取る人,少し引っ込み思案で慎重的、対立を徹底的に避ける性格,一匹狼で超現実主義
少内向,慎重,超回避,一匹狼,現実,調整役,周囲を見てバランスを取る人,少し引っ込み思案で慎重的、対立を徹底的に避ける性格,一匹狼で現実主義
少内向,慎重,超回避,一匹狼,少現実,調整役,周囲を見てバランスを取る人,少し引っ込み思案で慎重的、対立を徹底的に避ける性格,一匹狼で現実的な側面を考慮する
少内向,慎重,超回避,一匹狼,少理想,調整役,周囲を見てバランスを取る人,少し引っ込み思案で慎重的、対立を徹底的に避ける性格,一匹狼で夢見がち
少内向,慎重,超回避,一匹狼,理想,調整役,周囲を見てバランスを取る人,少し引っ込み思案で慎重的、対立を徹底的に避ける性格,一匹狼で理想的
少内向,慎重,超回避,一匹狼,超理想,調整役,周囲を見てバランスを取る人,少し引っ込み思案で慎重的、対立を徹底的に避ける性格,一匹狼で地に足がついていない
少内向,慎重,超回避,少孤独,超現実,調整役,周囲を見てバランスを取る人,少し引っ込み思案で慎重的、対立を徹底的に避ける性格,自由主義で超現実主義
少内向,慎重,超回避,少孤独,現実,調整役,周囲を見てバランスを取る人,少し引っ込み思案で慎重的、対立を徹底的に避ける性格,自由主義で現実主義
少内向,慎重,超回避,少孤独,少現実,調整役,周囲を見てバランスを取る人,少し引っ込み思案で慎重的、対立を徹底的に避ける性格,自由主義で現実的な側面を考慮する
少内向,慎重,超回避,少孤独,少理想,調整役,周囲を見てバランスを取る人,少し引っ込み思案で慎重的、対立を徹底的に避ける性格,自由主義で夢見がち
少内向,慎重,超回避,少孤独,理想,調整役,周囲を見てバランスを取る人,少し引っ込み思案で慎重的、対立を徹底的に避ける性格,自由主義で理想的
少内向,慎重,超回避,少孤独,超理想,調整役,周囲を見てバランスを取る人,少し引っ込み思案で慎重的、対立を徹底的に避ける性格,自由主義で地に足がついていない
少内向,慎重,超回避,少仲間,超現実,調整役,周囲を見てバランスを取る人,少し引っ込み思案で慎重的、対立を徹底的に避ける性格,温厚で超現実主義
少内向,慎重,超回避,少仲間,現実,調整役,周囲を見てバランスを取る人,少し引っ込み思案で慎重的、対立を徹底的に避ける性格,温厚で現実主義
少内向,慎重,超回避,少仲間,少現実,調整役,周囲を見てバランスを取る人,少し引っ込み思案で慎重的、対立を徹底的に避ける性格,温厚で現実的な側面を考慮する
少内向,慎重,超回避,少仲間,少理想,調整役,周囲を見てバランスを取る人,少し引っ込み思案で慎重的、対立を徹底的に避ける性格,温厚で夢見がち
少内向,慎重,超回避,少仲間,理想,調整役,周囲を見てバランスを取る人,少し引っ込み思案で慎重的、対立を徹底的に避ける性格,温厚で理想的
少内向,慎重,超回避,少仲間,超理想,調整役,周囲を見てバランスを取る人,少し引っ込み思案で慎重的、対立を徹底的に避ける性格,温厚で地に足がついていない
少内向,慎重,超回避,仲間派,超現実,守護者,仲間を守る頼れる存在,少し引っ込み思案で慎重的、対立を徹底的に避ける性格,仲間思いで超現実主義
少内向,慎重,超回避,仲間派,現実,守護者,仲間を守る頼れる存在,少し引っ込み思案で慎重的、対立を徹底的に避ける性格,仲間思いで現実主義
少内向,慎重,超回避,仲間派,少現実,守護者,仲間を守る頼れる存在,少し引っ込み思案で慎重的、対立を徹底的に避ける性格,仲間思いで現実的な側面を考慮する
少内向,慎重,超回避,仲間派,少理想,守護者,仲間を守る頼れる存在,少し引っ込み思案で慎重的、対立を徹底的に避ける性格,仲間思いで夢見がち
少内向,慎重,超回避,仲間派,理想,守護者,仲間を守る頼れる存在,少し引っ込み思案で慎重的、対立を徹底的に避ける性格,仲間思いで理想的
少内向,慎重,超回避,仲間派,超理想,守護者,仲間を守る頼れる存在,少し引っ込み思案で慎重的、対立を徹底的に避ける性格,仲間思いで地に足がついていない
少内向,慎重,超回避,超仲間,超現実,守護者,仲間を守る頼れる存在,少し引っ込み思案で慎重的、対立を徹底的に避ける性格,自己犠牲精神で超現実主義
少内向,慎重,超回避,超仲間,現実,守護者,仲間を守る頼れる存在,少し引っ込み思案で慎重的、対立を徹底的に避ける性格,自己犠牲精神で現実主義
少内向,慎重,超回避,超仲間,少現実,守護者,仲間を守る頼れる存在,少し引っ込み思案で慎重的、対立を徹底的に避ける性格,自己犠牲精神で現実的な側面を考慮する
少内向,慎重,超回避,超仲間,少理想,守護者,仲間を守る頼れる存在,少し引っ込み思案で慎重的、対立を徹底的に避ける性格,自己犠牲精神で夢見がち
少内向,慎重,超回避,超仲間,理想,守護者,仲間を守る頼れる存在,少し引っ込み思案で慎重的、対立を徹底的に避ける性格,自己犠牲精神で理想的
少内向,慎重,超回避,超仲間,超理想,守護者,仲間を守る頼れる存在,少し引っ込み思案で慎重的、対立を徹底的に避ける性格,自己犠牲精神で地に足がついていない
少内向,慎重,回避,孤高,超現実,調整役,周囲を見てバランスを取る人,少し引っ込み思案で慎重的、直接的な対応を好まない性格,孤高の存在で超現実主義
少内向,慎重,回避,孤高,現実,調整役,周囲を見てバランスを取る人,少し引っ込み思案で慎重的、直接的な対応を好まない性格,孤高の存在で現実主義
少内向,慎重,回避,孤高,少現実,調整役,周囲を見てバランスを取る人,少し引っ込み思案で慎重的、直接的な対応を好まない性格,孤高の存在で現実的な側面を考慮する
少内向,慎重,回避,孤高,少理想,調整役,周囲を見てバランスを取る人,少し引っ込み思案で慎重的、直接的な対応を好まない性格,孤高の存在で夢見がち
少内向,慎重,回避,孤高,理想,調整役,周囲を見てバランスを取る人,少し引っ込み思案で慎重的、直接的な対応を好まない性格,孤高の存在で理想的
少内向,慎重,回避,孤高,超理想,調整役,周囲を見てバランスを取る人,少し引っ込み思案で慎重的、直接的な対応を好まない性格,孤高の存在で地に足がついていない
少内向,慎重,回避,一匹狼,超現実,調整役,周囲を見てバランスを取る人,少し引っ込み思案で慎重的、直接的な対応を好まない性格,一匹狼で超現実主義
少内向,慎重,回避,一匹狼,現実,調整役,周囲を見てバランスを取る人,少し引っ込み思案で慎重的、直接的な対応を好まない性格,一匹狼で現実主義
少内向,慎重,回避,一匹狼,少現実,調整役,周囲を見てバランスを取る人,少し引っ込み思案で慎重的、直接的な対応を好まない性格,一匹狼で現実的な側面を考慮する
少内向,慎重,回避,一匹狼,少理想,調整役,周囲を見てバランスを取る人,少し引っ込み思案で慎重的、直接的な対応を好まない性格,一匹狼で夢見がち
少内向,慎重,回避,一匹狼,理想,調整役,周囲を見てバランスを取る人,少し引っ込み思案で慎重的、直接的な対応を好まない性格,一匹狼で理想的
少内向,慎重,回避,一匹狼,超理想,調整役,周囲を見てバランスを取る人,少し引っ込み思案で慎重的、直接的な対応を好まない性格,一匹狼で地に足がついていない
少内向,慎重,回避,少孤独,超現実,調整役,周囲を見てバランスを取る人,少し引っ込み思案で慎重的、直接的な対応を好まない性格,自由主義で超現実主義
少内向,慎重,回避,少孤独,現実,調整役,周囲を見てバランスを取る人,少し引っ込み思案で慎重的、直接的な対応を好まない性格,自由主義で現実主義
少内向,慎重,回避,少孤独,少現実,調整役,周囲を見てバランスを取る人,少し引っ込み思案で慎重的、直接的な対応を好まない性格,自由主義で現実的な側面を考慮する
少内向,慎重,回避,少孤独,少理想,調整役,周囲を見てバランスを取る人,少し引っ込み思案で慎重的、直接的な対応を好まない性格,自由主義で夢見がち
少内向,慎重,回避,少孤独,理想,調整役,周囲を見てバランスを取る人,少し引っ込み思案で慎重的、直接的な対応を好まない性格,自由主義で理想的
少内向,慎重,回避,少孤独,超理想,調整役,周囲を見てバランスを取る人,少し引っ込み思案で慎重的、直接的な対応を好まない性格,自由主義で地に足がついていない
少内向,慎重,回避,少仲間,超現実,調整役,周囲を見てバランスを取る人,少し引っ込み思案で慎重的、直接的な対応を好まない性格,温厚で超現実主義
少内向,慎重,回避,少仲間,現実,調整役,周囲を見てバランスを取る人,少し引っ込み思案で慎重的、直接的な対応を好まない性格,温厚で現実主義
少内向,慎重,回避,少仲間,少現実,調整役,周囲を見てバランスを取る人,少し引っ込み思案で慎重的、直接的な対応を好まない性格,温厚で現実的な側面を考慮する
少内向,慎重,回避,少仲間,少理想,調整役,周囲を見てバランスを取る人,少し引っ込み思案で慎重的、直接的な対応を好まない性格,温厚で夢見がち
少内向,慎重,回避,少仲間,理想,調整役,周囲を見てバランスを取る人,少し引っ込み思案で慎重的、直接的な対応を好まない性格,温厚で理想的
少内向,慎重,回避,少仲間,超理想,調整役,周囲を見てバランスを取る人,少し引っ込み思案で慎重的、直接的な対応を好まない性格,温厚で地に足がついていない
少内向,慎重,回避,仲間派,超現実,守護者,仲間を守る頼れる存在,少し引っ込み思案で慎重的、直接的な対応を好まない性格,仲間思いで超現実主義
少内向,慎重,回避,仲間派,現実,守護者,仲間を守る頼れる存在,少し引っ込み思案で慎重的、直接的な対応を好まない性格,仲間思いで現実主義
少内向,慎重,回避,仲間派,少現実,守護者,仲間を守る頼れる存在,少し引っ込み思案で慎重的、直接的な対応を好まない性格,仲間思いで現実的な側面を考慮する
少内向,慎重,回避,仲間派,少理想,守護者,仲間を守る頼れる存在,少し引っ込み思案で慎重的、直接的な対応を好まない性格,仲間思いで夢見がち
少内向,慎重,回避,仲間派,理想,守護者,仲間を守る頼れる存在,少し引っ込み思案で慎重的、直接的な対応を好まない性格,仲間思いで理想的
少内向,慎重,回避,仲間派,超理想,守護者,仲間を守る頼れる存在,少し引っ込み思案で慎重的、直接的な対応を好まない性格,仲間思いで地に足がついていない
少内向,慎重,回避,超仲間,超現実,守護者,仲間を守る頼れる存在,少し引っ込み思案で慎重的、直接的な対応を好まない性格,自己犠牲精神で超現実主義
少内向,慎重,回避,超仲間,現実,守護者,仲間を守る頼れる存在,少し引っ込み思案で慎重的、直接的な対応を好まない性格,自己犠牲精神で現実主義
少内向,慎重,回避,超仲間,少現実,守護者,仲間を守る頼れる存在,少し引っ込み思案で慎重的、直接的な対応を好まない性格,自己犠牲精神で現実的な側面を考慮する
少内向,慎重,回避,超仲間,少理想,守護者,仲間を守る頼れる存在,少し引っ込み思案で慎重的、直接的な対応を好まない性格,自己犠牲精神で夢見がち
少内向,慎重,回避,超仲間,理想,守護者,仲間を守る頼れる存在,少し引っ込み思案で慎重的、直接的な対応を好まない性格,自己犠牲精神で理想的
少内向,慎重,回避,超仲間,超理想,守護者,仲間を守る頼れる存在,少し引っ込み思案で慎重的、直接的な対応を好まない性格,自己犠牲精神で地に足がついていない
少内向,慎重,少回避,孤高,超現実,調整役,周囲を見てバランスを取る人,少し引っ込み思案で慎重的、争いごとを好まない性格,孤高の存在で超現実主義
少内向,慎重,少回避,孤高,現実,調整役,周囲を見てバランスを取る人,少し引っ込み思案で慎重的、争いごとを好まない性格,孤高の存在で現実主義
少内向,慎重,少回避,孤高,少現実,調整役,周囲を見てバランスを取る人,少し引っ込み思案で慎重的、争いごとを好まない性格,孤高の存在で現実的な側面を考慮する
少内向,慎重,少回避,孤高,少理想,調整役,周囲を見てバランスを取る人,少し引っ込み思案で慎重的、争いごとを好まない性格,孤高の存在で夢見がち
少内向,慎重,少回避,孤高,理想,調整役,周囲を見てバランスを取る人,少し引っ込み思案で慎重的、争いごとを好まない性格,孤高の存在で理想的
少内向,慎重,少回避,孤高,超理想,調整役,周囲を見てバランスを取る人,少し引っ込み思案で慎重的、争いごとを好まない性格,孤高の存在で地に足がついていない
少内向,慎重,少回避,一匹狼,超現実,調整役,周囲を見てバランスを取る人,少し引っ込み思案で慎重的、争いごとを好まない性格,一匹狼で超現実主義
少内向,慎重,少回避,一匹狼,現実,調整役,周囲を見てバランスを取る人,少し引っ込み思案で慎重的、争いごとを好まない性格,一匹狼で現実主義
少内向,慎重,少回避,一匹狼,少現実,調整役,周囲を見てバランスを取る人,少し引っ込み思案で慎重的、争いごとを好まない性格,一匹狼で現実的な側面を考慮する
少内向,慎重,少回避,一匹狼,少理想,調整役,周囲を見てバランスを取る人,少し引っ込み思案で慎重的、争いごとを好まない性格,一匹狼で夢見がち
少内向,慎重,少回避,一匹狼,理想,調整役,周囲を見てバランスを取る人,少し引っ込み思案で慎重的、争いごとを好まない性格,一匹狼で理想的
少内向,慎重,少回避,一匹狼,超理想,調整役,周囲を見てバランスを取る人,少し引っ込み思案で慎重的、争いごとを好まない性格,一匹狼で地に足がついていない
少内向,慎重,少回避,少孤独,超現実,調整役,周囲を見てバランスを取る人,少し引っ込み思案で慎重的、争いごとを好まない性格,自由主義で超現実主義
少内向,慎重,少回避,少孤独,現実,調整役,周囲を見てバランスを取る人,少し引っ込み思案で慎重的、争いごとを好まない性格,自由主義で現実主義
少内向,慎重,少回避,少孤独,少現実,調整役,周囲を見てバランスを取る人,少し引っ込み思案で慎重的、争いごとを好まない性格,自由主義で現実的な側面を考慮する
少内向,慎重,少回避,少孤独,少理想,調整役,周囲を見てバランスを取る人,少し引っ込み思案で慎重的、争いごとを好まない性格,自由主義で夢見がち
少内向,慎重,少回避,少孤独,理想,調整役,周囲を見てバランスを取る人,少し引っ込み思案で慎重的、争いごとを好まない性格,自由主義で理想的
少内向,慎重,少回避,少孤独,超理想,調整役,周囲を見てバランスを取る人,少し引っ込み思案で慎重的、争いごとを好まない性格,自由主義で地に足がついていない
少内向,慎重,少回避,少仲間,超現実,調整役,周囲を見てバランスを取る人,少し引っ込み思案で慎重的、争いごとを好まない性格,温厚で超現実主義
少内向,慎重,少回避,少仲間,現実,調整役,周囲を見てバランスを取る人,少し引っ込み思案で慎重的、争いごとを好まない性格,温厚で現実主義
少内向,慎重,少回避,少仲間,少現実,調整役,周囲を見てバランスを取る人,少し引っ込み思案で慎重的、争いごとを好まない性格,温厚で現実的な側面を考慮する
少内向,慎重,少回避,少仲間,少理想,調整役,周囲を見てバランスを取る人,少し引っ込み思案で慎重的、争いごとを好まない性格,温厚で夢見がち
少内向,慎重,少回避,少仲間,理想,調整役,周囲を見てバランスを取る人,少し引っ込み思案で慎重的、争いごとを好まない性格,温厚で理想的
少内向,慎重,少回避,少仲間,超理想,調整役,周囲を見てバランスを取る人,少し引っ込み思案で慎重的、争いごとを好まない性格,温厚で地に足がついていない
少内向,慎重,少回避,仲間派,超現実,守護者,仲間を守る頼れる存在,少し引っ込み思案で慎重的、争いごとを好まない性格,仲間思いで超現実主義
少内向,慎重,少回避,仲間派,現実,守護者,仲間を守る頼れる存在,少し引っ込み思案で慎重的、争いごとを好まない性格,仲間思いで現実主義
少内向,慎重,少回避,仲間派,少現実,守護者,仲間を守る頼れる存在,少し引っ込み思案で慎重的、争いごとを好まない性格,仲間思いで現実的な側面を考慮する
少内向,慎重,少回避,仲間派,少理想,守護者,仲間を守る頼れる存在,少し引っ込み思案で慎重的、争いごとを好まない性格,仲間思いで夢見がち
少内向,慎重,少回避,仲間派,理想,守護者,仲間を守る頼れる存在,少し引っ込み思案で慎重的、争いごとを好まない性格,仲間思いで理想的
少内向,慎重,少回避,仲間派,超理想,守護者,仲間を守る頼れる存在,少し引っ込み思案で慎重的、争いごとを好まない性格,仲間思いで地に足がついていない
少内向,慎重,少回避,超仲間,超現実,守護者,仲間を守る頼れる存在,少し引っ込み思案で慎重的、争いごとを好まない性格,自己犠牲精神で超現実主義
少内向,慎重,少回避,超仲間,現実,守護者,仲間を守る頼れる存在,少し引っ込み思案で慎重的、争いごとを好まない性格,自己犠牲精神で現実主義
少内向,慎重,少回避,超仲間,少現実,守護者,仲間を守る頼れる存在,少し引っ込み思案で慎重的、争いごとを好まない性格,自己犠牲精神で現実的な側面を考慮する
少内向,慎重,少回避,超仲間,少理想,守護者,仲間を守る頼れる存在,少し引っ込み思案で慎重的、争いごとを好まない性格,自己犠牲精神で夢見がち
少内向,慎重,少回避,超仲間,理想,守護者,仲間を守る頼れる存在,少し引っ込み思案で慎重的、争いごとを好まない性格,自己犠牲精神で理想的
少内向,慎重,少回避,超仲間,超理想,守護者,仲間を守る頼れる存在,少し引っ込み思案で慎重的、争いごとを好まない性格,自己犠牲精神で地に足がついていない
少内向,慎重,少挑戦,孤高,超現実,調整役,周囲を見てバランスを取る人,少し引っ込み思案で慎重的、探求心がある性格,孤高の存在で超現実主義
少内向,慎重,少挑戦,孤高,現実,調整役,周囲を見てバランスを取る人,少し引っ込み思案で慎重的、探求心がある性格,孤高の存在で現実主義
少内向,慎重,少挑戦,孤高,少現実,調整役,周囲を見てバランスを取る人,少し引っ込み思案で慎重的、探求心がある性格,孤高の存在で現実的な側面を考慮する
少内向,慎重,少挑戦,孤高,少理想,調整役,周囲を見てバランスを取る人,少し引っ込み思案で慎重的、探求心がある性格,孤高の存在で夢見がち
少内向,慎重,少挑戦,孤高,理想,調整役,周囲を見てバランスを取る人,少し引っ込み思案で慎重的、探求心がある性格,孤高の存在で理想的
少内向,慎重,少挑戦,孤高,超理想,調整役,周囲を見てバランスを取る人,少し引っ込み思案で慎重的、探求心がある性格,孤高の存在で地に足がついていない
少内向,慎重,少挑戦,一匹狼,超現実,調整役,周囲を見てバランスを取る人,少し引っ込み思案で慎重的、探求心がある性格,一匹狼で超現実主義
少内向,慎重,少挑戦,一匹狼,現実,調整役,周囲を見てバランスを取る人,少し引っ込み思案で慎重的、探求心がある性格,一匹狼で現実主義
少内向,慎重,少挑戦,一匹狼,少現実,調整役,周囲を見てバランスを取る人,少し引っ込み思案で慎重的、探求心がある性格,一匹狼で現実的な側面を考慮する
少内向,慎重,少挑戦,一匹狼,少理想,調整役,周囲を見てバランスを取る人,少し引っ込み思案で慎重的、探求心がある性格,一匹狼で夢見がち
少内向,慎重,少挑戦,一匹狼,理想,調整役,周囲を見てバランスを取る人,少し引っ込み思案で慎重的、探求心がある性格,一匹狼で理想的
少内向,慎重,少挑戦,一匹狼,超理想,調整役,周囲を見てバランスを取る人,少し引っ込み思案で慎重的、探求心がある性格,一匹狼で地に足がついていない
少内向,慎重,少挑戦,少孤独,超現実,調整役,周囲を見てバランスを取る人,少し引っ込み思案で慎重的、探求心がある性格,自由主義で超現実主義
少内向,慎重,少挑戦,少孤独,現実,調整役,周囲を見てバランスを取る人,少し引っ込み思案で慎重的、探求心がある性格,自由主義で現実主義
少内向,慎重,少挑戦,少孤独,少現実,調整役,周囲を見てバランスを取る人,少し引っ込み思案で慎重的、探求心がある性格,自由主義で現実的な側面を考慮する
少内向,慎重,少挑戦,少孤独,少理想,調整役,周囲を見てバランスを取る人,少し引っ込み思案で慎重的、探求心がある性格,自由主義で夢見がち
少内向,慎重,少挑戦,少孤独,理想,調整役,周囲を見てバランスを取る人,少し引っ込み思案で慎重的、探求心がある性格,自由主義で理想的
少内向,慎重,少挑戦,少孤独,超理想,調整役,周囲を見てバランスを取る人,少し引っ込み思案で慎重的、探求心がある性格,自由主義で地に足がついていない
少内向,慎重,少挑戦,少仲間,超現実,調整役,周囲を見てバランスを取る人,少し引っ込み思案で慎重的、探求心がある性格,温厚で超現実主義
少内向,慎重,少挑戦,少仲間,現実,調整役,周囲を見てバランスを取る人,少し引っ込み思案で慎重的、探求心がある性格,温厚で現実主義
少内向,慎重,少挑戦,少仲間,少現実,調整役,周囲を見てバランスを取る人,少し引っ込み思案で慎重的、探求心がある性格,温厚で現実的な側面を考慮する
少内向,慎重,少挑戦,少仲間,少理想,調整役,周囲を見てバランスを取る人,少し引っ込み思案で慎重的、探求心がある性格,温厚で夢見がち
少内向,慎重,少挑戦,少仲間,理想,調整役,周囲を見てバランスを取る人,少し引っ込み思案で慎重的、探求心がある性格,温厚で理想的
少内向,慎重,少挑戦,少仲間,超理想,調整役,周囲を見てバランスを取る人,少し引っ込み思案で慎重的、探求心がある性格,温厚で地に足がついていない
少内向,慎重,少挑戦,仲間派,超現実,調整役,周囲を見てバランスを取る人,少し引っ込み思案で慎重的、探求心がある性格,仲間思いで超現実主義
少内向,慎重,少挑戦,仲間派,現実,調整役,周囲を見てバランスを取る人,少し引っ込み思案で慎重的、探求心がある性格,仲間思いで現実主義
少内向,慎重,少挑戦,仲間派,少現実,調整役,周囲を見てバランスを取る人,少し引っ込み思案で慎重的、探求心がある性格,仲間思いで現実的な側面を考慮する
少内向,慎重,少挑戦,仲間派,少理想,調整役,周囲を見てバランスを取る人,少し引っ込み思案で慎重的、探求心がある性格,仲間思いで夢見がち
少内向,慎重,少挑戦,仲間派,理想,調整役,周囲を見てバランスを取る人,少し引っ込み思案で慎重的、探求心がある性格,仲間思いで理想的
少内向,慎重,少挑戦,仲間派,超理想,調整役,周囲を見てバランスを取る人,少し引っ込み思案で慎重的、探求心がある性格,仲間思いで地に足がついていない
少内向,慎重,少挑戦,超仲間,超現実,調整役,周囲を見てバランスを取る人,少し引っ込み思案で慎重的、探求心がある性格,自己犠牲精神で超現実主義
少内向,慎重,少挑戦,超仲間,現実,調整役,周囲を見てバランスを取る人,少し引っ込み思案で慎重的、探求心がある性格,自己犠牲精神で現実主義
少内向,慎重,少挑戦,超仲間,少現実,調整役,周囲を見てバランスを取る人,少し引っ込み思案で慎重的、探求心がある性格,自己犠牲精神で現実的な側面を考慮する
少内向,慎重,少挑戦,超仲間,少理想,調整役,周囲を見てバランスを取る人,少し引っ込み思案で慎重的、探求心がある性格,自己犠牲精神で夢見がち
少内向,慎重,少挑戦,超仲間,理想,調整役,周囲を見てバランスを取る人,少し引っ込み思案で慎重的、探求心がある性格,自己犠牲精神で理想的
少内向,慎重,少挑戦,超仲間,超理想,調整役,周囲を見てバランスを取る人,少し引っ込み思案で慎重的、探求心がある性格,自己犠牲精神で地に足がついていない
少内向,慎重,挑戦,孤高,超現実,孤高の戦士,誰にも頼らず突き進む,少し引っ込み思案で慎重的、挑戦的な性格,孤高の存在で超現実主義
少内向,慎重,挑戦,孤高,現実,孤高の戦士,誰にも頼らず突き進む,少し引っ込み思案で慎重的、挑戦的な性格,孤高の存在で現実主義
少内向,慎重,挑戦,孤高,少現実,策略家,冷静に挑む策士,少し引っ込み思案で慎重的、挑戦的な性格,孤高の存在で現実的な側面を考慮する
少内向,慎重,挑戦,孤高,少理想,策略家,冷静に挑む策士,少し引っ込み思案で慎重的、挑戦的な性格,孤高の存在で夢見がち
少内向,慎重,挑戦,孤高,理想,策略家,冷静に挑む策士,少し引っ込み思案で慎重的、挑戦的な性格,孤高の存在で理想的
少内向,慎重,挑戦,孤高,超理想,策略家,冷静に挑む策士,少し引っ込み思案で慎重的、挑戦的な性格,孤高の存在で地に足がついていない
少内向,慎重,挑戦,一匹狼,超現実,孤高の戦士,誰にも頼らず突き進む,少し引っ込み思案で慎重的、挑戦的な性格,一匹狼で超現実主義
少内向,慎重,挑戦,一匹狼,現実,孤高の戦士,誰にも頼らず突き進む,少し引っ込み思案で慎重的、挑戦的な性格,一匹狼で現実主義
少内向,慎重,挑戦,一匹狼,少現実,策略家,冷静に挑む策士,少し引っ込み思案で慎重的、挑戦的な性格,一匹狼で現実的な側面を考慮する
少内向,慎重,挑戦,一匹狼,少理想,策略家,冷静に挑む策士,少し引っ込み思案で慎重的、挑戦的な性格,一匹狼で夢見がち
少内向,慎重,挑戦,一匹狼,理想,策略家,冷静に挑む策士,少し引っ込み思案で慎重的、挑戦的な性格,一匹狼で理想的
少内向,慎重,挑戦,一匹狼,超理想,策略家,冷静に挑む策士,少し引っ込み思案で慎重的、挑戦的な性格,一匹狼で地に足がついていない
少内向,慎重,挑戦,少孤独,超現実,策略家,冷静に挑む策士,少し引っ込み思案で慎重的、挑戦的な性格,自由主義で超現実主義
少内向,慎重,挑戦,少孤独,現実,策略家,冷静に挑む策士,少し引っ込み思案で慎重的、挑戦的な性格,自由主義で現実主義
少内向,慎重,挑戦,少孤独,少現実,策略家,冷静に挑む策士,少し引っ込み思案で慎重的、挑戦的な性格,自由主義で現実的な側面を考慮する
少内向,慎重,挑戦,少孤独,少理想,策略家,冷静に挑む策士,少し引っ込み思案で慎重的、挑戦的な性格,自由主義で夢見がち
少内向,慎重,挑戦,少孤独,理想,策略家,冷静に挑む策士,少し引っ込み思案で慎重的、挑戦的な性格,自由主義で理想的
少内向,慎重,挑戦,少孤独,超理想,策略家,冷静に挑む策士,少し引っ込み思案で慎重的、挑戦的な性格,自由主義で地に足がついていない
少内向,慎重,挑戦,少仲間,超現実,策略家,冷静に挑む策士,少し引っ込み思案で慎重的、挑戦的な性格,温厚で超現実主義
少内向,慎重,挑戦,少仲間,現実,策略家,冷静に挑む策士,少し引っ込み思案で慎重的、挑戦的な性格,温厚で現実主義
少内向,慎重,挑戦,少仲間,少現実,策略家,冷静に挑む策士,少し引っ込み思案で慎重的、挑戦的な性格,温厚で現実的な側面を考慮する
少内向,慎重,挑戦,少仲間,少理想,策略家,冷静に挑む策士,少し引っ込み思案で慎重的、挑戦的な性格,温厚で夢見がち
少内向,慎重,挑戦,少仲間,理想,策略家,冷静に挑む策士,少し引っ込み思案で慎重的、挑戦的な性格,温厚で理想的
少内向,慎重,挑戦,少仲間,超理想,策略家,冷静に挑む策士,少し引っ込み思案で慎重的、挑戦的な性格,温厚で地に足がついていない
少内向,慎重,挑戦,仲間派,超現実,策略家,冷静に挑む策士,少し引っ込み思案で慎重的、挑戦的な性格,仲間思いで超現実主義
少内向,慎重,挑戦,仲間派,現実,策略家,冷静に挑む策士,少し引っ込み思案で慎重的、挑戦的な性格,仲間思いで現実主義
少内向,慎重,挑戦,仲間派,少現実,策略家,冷静に挑む策士,少し引っ込み思案で慎重的、挑戦的な性格,仲間思いで現実的な側面を考慮する
少内向,慎重,挑戦,仲間派,少理想,策略家,冷静に挑む策士,少し引っ込み思案で慎重的、挑戦的な性格,仲間思いで夢見がち
少内向,慎重,挑戦,仲間派,理想,挑戦家,理想を掲げ挑戦を恐れない,少し引っ込み思案で慎重的、挑戦的な性格,仲間思いで理想的
少内向,慎重,挑戦,仲間派,超理想,挑戦家,理想を掲げ挑戦を恐れない,少し引っ込み思案で慎重的、挑戦的な性格,仲間思いで地に足がついていない
少内向,慎重,挑戦,超仲間,超現実,策略家,冷静に挑む策士,少し引っ込み思案で慎重的、挑戦的な性格,自己犠牲精神で超現実主義
少内向,慎重,挑戦,超仲間,現実,策略家,冷静に挑む策士,少し引っ込み思案で慎重的、挑戦的な性格,自己犠牲精神で現実主義
少内向,慎重,挑戦,超仲間,少現実,策略家,冷静に挑む策士,少し引っ込み思案で慎重的、挑戦的な性格,自己犠牲精神で現実的な側面を考慮する
少内向,慎重,挑戦,超仲間,少理想,策略家,冷静に挑む策士,少し引っ込み思案で慎重的、挑戦的な性格,自己犠牲精神で夢見がち
少内向,慎重,挑戦,超仲間,理想,挑戦家,理想を掲げ挑戦を恐れない,少し引っ込み思案で慎重的、挑戦的な性格,自己犠牲精神で理想的
少内向,慎重,挑戦,超仲間,超理想,挑戦家,理想を掲げ挑戦を恐れない,少し引っ込み思案で慎重的、挑戦的な性格,自己犠牲精神で地に足がついていない
少内向,慎重,超挑戦,孤高,超現実,孤高の戦士,誰にも頼らず突き進む,少し引っ込み思案で慎重的、果敢な性格,孤高の存在で超現実主義
少内向,慎重,超挑戦,孤高,現実,孤高の戦士,誰にも頼らず突き進む,少し引っ込み思案で慎重的、果敢な性格,孤高の存在で現実主義
少内向,慎重,超挑戦,孤高,少現実,策略家,冷静に挑む策士,少し引っ込み思案で慎重的、果敢な性格,孤高の存在で現実的な側面を考慮する
少内向,慎重,超挑戦,孤高,少理想,策略家,冷静に挑む策士,少し引っ込み思案で慎重的、果敢な性格,孤高の存在で夢見がち
少内向,慎重,超挑戦,孤高,理想,策略家,冷静に挑む策士,少し引っ込み思案で慎重的、果敢な性格,孤高の存在で理想的
少内向,慎重,超挑戦,孤高,超理想,策略家,冷静に挑む策士,少し引っ込み思案で慎重的、果敢な性格,孤高の存在で地に足がついていない
少内向,慎重,超挑戦,一匹狼,超現実,孤高の戦士,誰にも頼らず突き進む,少し引っ込み思案で慎重的、果敢な性格,一匹狼で超現実主義
少内向,慎重,超挑戦,一匹狼,現実,孤高の戦士,誰にも頼らず突き進む,少し引っ込み思案で慎重的、果敢な性格,一匹狼で現実主義
少内向,慎重,超挑戦,一匹狼,少現実,策略家,冷静に挑む策士,少し引っ込み思案で慎重的、果敢な性格,一匹狼で現実的な側面を考慮する
少内向,慎重,超挑戦,一匹狼,少理想,策略家,冷静に挑む策士,少し引っ込み思案で慎重的、果敢な性格,一匹狼で夢見がち
少内向,慎重,超挑戦,一匹狼,理想,策略家,冷静に挑む策士,少し引っ込み思案で慎重的、果敢な性格,一匹狼で理想的
少内向,慎重,超挑戦,一匹狼,超理想,策略家,冷静に挑む策士,少し引っ込み思案で慎重的、果敢な性格,一匹狼で地に足がついていない
少内向,慎重,超挑戦,少孤独,超現実,策略家,冷静に挑む策士,少し引っ込み思案で慎重的、果敢な性格,自由主義で超現実主義
少内向,慎重,超挑戦,少孤独,現実,策略家,冷静に挑む策士,少し引っ込み思案で慎重的、果敢な性格,自由主義で現実主義
少内向,慎重,超挑戦,少孤独,少現実,策略家,冷静に挑む策士,少し引っ込み思案で慎重的、果敢な性格,自由主義で現実的な側面を考慮する
少内向,慎重,超挑戦,少孤独,少理想,策略家,冷静に挑む策士,少し引っ込み思案で慎重的、果敢な性格,自由主義で夢見がち
少内向,慎重,超挑戦,少孤独,理想,策略家,冷静に挑む策士,少し引っ込み思案で慎重的、果敢な性格,自由主義で理想的
少内向,慎重,超挑戦,少孤独,超理想,策略家,冷静に挑む策士,少し引っ込み思案で慎重的、果敢な性格,自由主義で地に足がついていない
少内向,慎重,超挑戦,少仲間,超現実,策略家,冷静に挑む策士,少し引っ込み思案で慎重的、果敢な性格,温厚で超現実主義
少内向,慎重,超挑戦,少仲間,現実,策略家,冷静に挑む策士,少し引っ込み思案で慎重的、果敢な性格,温厚で現実主義
少内向,慎重,超挑戦,少仲間,少現実,策略家,冷静に挑む策士,少し引っ込み思案で慎重的、果敢な性格,温厚で現実的な側面を考慮する
少内向,慎重,超挑戦,少仲間,少理想,策略家,冷静に挑む策士,少し引っ込み思案で慎重的、果敢な性格,温厚で夢見がち
少内向,慎重,超挑戦,少仲間,理想,策略家,冷静に挑む策士,少し引っ込み思案で慎重的、果敢な性格,温厚で理想的
少内向,慎重,超挑戦,少仲間,超理想,策略家,冷静に挑む策士,少し引っ込み思案で慎重的、果敢な性格,温厚で地に足がついていない
少内向,慎重,超挑戦,仲間派,超現実,策略家,冷静に挑む策士,少し引っ込み思案で慎重的、果敢な性格,仲間思いで超現実主義
少内向,慎重,超挑戦,仲間派,現実,策略家,冷静に挑む策士,少し引っ込み思案で慎重的、果敢な性格,仲間思いで現実主義
少内向,慎重,超挑戦,仲間派,少現実,策略家,冷静に挑む策士,少し引っ込み思案で慎重的、果敢な性格,仲間思いで現実的な側面を考慮する
少内向,慎重,超挑戦,仲間派,少理想,策略家,冷静に挑む策士,少し引っ込み思案で慎重的、果敢な性格,仲間思いで夢見がち
少内向,慎重,超挑戦,仲間派,理想,挑戦家,理想を掲げ挑戦を恐れない,少し引っ込み思案で慎重的、果敢な性格,仲間思いで理想的
少内向,慎重,超挑戦,仲間派,超理想,挑戦家,理想を掲げ挑戦を恐れない,少し引っ込み思案で慎重的、果敢な性格,仲間思いで地に足がついていない
少内向,慎重,超挑戦,超仲間,超現実,策略家,冷静に挑む策士,少し引っ込み思案で慎重的、果敢な性格,自己犠牲精神で超現実主義
少内向,慎重,超挑戦,超仲間,現実,策略家,冷静に挑む策士,少し引っ込み思案で慎重的、果敢な性格,自己犠牲精神で現実主義
少内向,慎重,超挑戦,超仲間,少現実,策略家,冷静に挑む策士,少し引っ込み思案で慎重的、果敢な性格,自己犠牲精神で現実的な側面を考慮する
少内向,慎重,超挑戦,超仲間,少理想,策略家,冷静に挑む策士,少し引っ込み思案で慎重的、果敢な性格,自己犠牲精神で夢見がち
少内向,慎重,超挑戦,超仲間,理想,挑戦家,理想を掲げ挑戦を恐れない,少し引っ込み思案で慎重的、果敢な性格,自己犠牲精神で理想的
少内向,慎重,超挑戦,超仲間,超理想,挑戦家,理想を掲げ挑戦を恐れない,少し引っ込み思案で慎重的、果敢な性格,自己犠牲精神で地に足がついていない
少内向,少慎重,超回避,孤高,超現実,調整役,周囲を見てバランスを取る人,少し引っ込み思案で少し用心深く、対立を徹底的に避ける性格,孤高の存在で超現実主義
少内向,少慎重,超回避,孤高,現実,調整役,周囲を見てバランスを取る人,少し引っ込み思案で少し用心深く、対立を徹底的に避ける性格,孤高の存在で現実主義
少内向,少慎重,超回避,孤高,少現実,調整役,周囲を見てバランスを取る人,少し引っ込み思案で少し用心深く、対立を徹底的に避ける性格,孤高の存在で現実的な側面を考慮する
少内向,少慎重,超回避,孤高,少理想,調整役,周囲を見てバランスを取る人,少し引っ込み思案で少し用心深く、対立を徹底的に避ける性格,孤高の存在で夢見がち
少内向,少慎重,超回避,孤高,理想,調整役,周囲を見てバランスを取る人,少し引っ込み思案で少し用心深く、対立を徹底的に避ける性格,孤高の存在で理想的
少内向,少慎重,超回避,孤高,超理想,調整役,周囲を見てバランスを取る人,少し引っ込み思案で少し用心深く、対立を徹底的に避ける性格,孤高の存在で地に足がついていない
少内向,少慎重,超回避,一匹狼,超現実,調整役,周囲を見てバランスを取る人,少し引っ込み思案で少し用心深く、対立を徹底的に避ける性格,一匹狼で超現実主義
少内向,少慎重,超回避,一匹狼,現実,調整役,周囲を見てバランスを取る人,少し引っ込み思案で少し用心深く、対立を徹底的に避ける性格,一匹狼で現実主義
少内向,少慎重,超回避,一匹狼,少現実,調整役,周囲を見てバランスを取る人,少し引っ込み思案で少し用心深く、対立を徹底的に避ける性格,一匹狼で現実的な側面を考慮する
少内向,少慎重,超回避,一匹狼,少理想,調整役,周囲を見てバランスを取る人,少し引っ込み思案で少し用心深く、対立を徹底的に避ける性格,一匹狼で夢見がち
少内向,少慎重,超回避,一匹狼,理想,調整役,周囲を見てバランスを取る人,少し引っ込み思案で少し用心深く、対立を徹底的に避ける性格,一匹狼で理想的
少内向,少慎重,超回避,一匹狼,超理想,調整役,周囲を見てバランスを取る人,少し引っ込み思案で少し用心深く、対立を徹底的に避ける性格,一匹狼で地に足がついていない
少内向,少慎重,超回避,少孤独,超現実,調整役,周囲を見てバランスを取る人,少し引っ込み思案で少し用心深く、対立を徹底的に避ける性格,自由主義で超現実主義
少内向,少慎重,超回避,少孤独,現実,調整役,周囲を見てバランスを取る人,少し引っ込み思案で少し用心深く、対立を徹底的に避ける性格,自由主義で現実主義
少内向,少慎重,超回避,少孤独,少現実,調整役,周囲を見てバランスを取る人,少し引っ込み思案で少し用心深く、対立を徹底的に避ける性格,自由主義で現実的な側面を考慮する
少内向,少慎重,超回避,少孤独,少理想,調整役,周囲を見てバランスを取る人,少し引っ込み思案で少し用心深く、対立を徹底的に避ける性格,自由主義で夢見がち
少内向,少慎重,超回避,少孤独,理想,調整役,周囲を見てバランスを取る人,少し引っ込み思案で少し用心深く、対立を徹底的に避ける性格,自由主義で理想的
少内向,少慎重,超回避,少孤独,超理想,調整役,周囲を見てバランスを取る人,少し引っ込み思案で少し用心深く、対立を徹底的に避ける性格,自由主義で地に足がついていない
少内向,少慎重,超回避,少仲間,超現実,調整役,周囲を見てバランスを取る人,少し引っ込み思案で少し用心深く、対立を徹底的に避ける性格,温厚で超現実主義
少内向,少慎重,超回避,少仲間,現実,調整役,周囲を見てバランスを取る人,少し引っ込み思案で少し用心深く、対立を徹底的に避ける性格,温厚で現実主義
少内向,少慎重,超回避,少仲間,少現実,調整役,周囲を見てバランスを取る人,少し引っ込み思案で少し用心深く、対立を徹底的に避ける性格,温厚で現実的な側面を考慮する
少内向,少慎重,超回避,少仲間,少理想,調整役,周囲を見てバランスを取る人,少し引っ込み思案で少し用心深く、対立を徹底的に避ける性格,温厚で夢見がち
少内向,少慎重,超回避,少仲間,理想,調整役,周囲を見てバランスを取る人,少し引っ込み思案で少し用心深く、対立を徹底的に避ける性格,温厚で理想的
少内向,少慎重,超回避,少仲間,超理想,調整役,周囲を見てバランスを取る人,少し引っ込み思案で少し用心深く、対立を徹底的に避ける性格,温厚で地に足がついていない
少内向,少慎重,超回避,仲間派,超現実,守護者,仲間を守る頼れる存在,少し引っ込み思案で少し用心深く、対立を徹底的に避ける性格,仲間思いで超現実主義
少内向,少慎重,超回避,仲間派,現実,守護者,仲間を守る頼れる存在,少し引っ込み思案で少し用心深く、対立を徹底的に避ける性格,仲間思いで現実主義
少内向,少慎重,超回避,仲間派,少現実,守護者,仲間を守る頼れる存在,少し引っ込み思案で少し用心深く、対立を徹底的に避ける性格,仲間思いで現実的な側面を考慮する
少内向,少慎重,超回避,仲間派,少理想,守護者,仲間を守る頼れる存在,少し引っ込み思案で少し用心深く、対立を徹底的に避ける性格,仲間思いで夢見がち
少内向,少慎重,超回避,仲間派,理想,守護者,仲間を守る頼れる存在,少し引っ込み思案で少し用心深く、対立を徹底的に避ける性格,仲間思いで理想的
少内向,少慎重,超回避,仲間派,超理想,守護者,仲間を守る頼れる存在,少し引っ込み思案で少し用心深く、対立を徹底的に避ける性格,仲間思いで地に足がついていない
少内向,少慎重,超回避,超仲間,超現実,守護者,仲間を守る頼れる存在,少し引っ込み思案で少し用心深く、対立を徹底的に避ける性格,自己犠牲精神で超現実主義
少内向,少慎重,超回避,超仲間,現実,守護者,仲間を守る頼れる存在,少し引っ込み思案で少し用心深く、対立を徹底的に避ける性格,自己犠牲精神で現実主義
少内向,少慎重,超回避,超仲間,少現実,守護者,仲間を守る頼れる存在,少し引っ込み思案で少し用心深く、対立を徹底的に避ける性格,自己犠牲精神で現実的な側面を考慮する
少内向,少慎重,超回避,超仲間,少理想,守護者,仲間を守る頼れる存在,少し引っ込み思案で少し用心深く、対立を徹底的に避ける性格,自己犠牲精神で夢見がち
少内向,少慎重,超回避,超仲間,理想,守護者,仲間を守る頼れる存在,少し引っ込み思案で少し用心深く、対立を徹底的に避ける性格,自己犠牲精神で理想的
少内向,少慎重,超回避,超仲間,超理想,守護者,仲間を守る頼れる存在,少し引っ込み思案で少し用心深く、対立を徹底的に避ける性格,自己犠牲精神で地に足がついていない
少内向,少慎重,回避,孤高,超現実,調整役,周囲を見てバランスを取る人,少し引っ込み思案で少し用心深く、直接的な対応を好まない性格,孤高の存在で超現実主義
少内向,少慎重,回避,孤高,現実,調整役,周囲を見てバランスを取る人,少し引っ込み思案で少し用心深く、直接的な対応を好まない性格,孤高の存在で現実主義
少内向,少慎重,回避,孤高,少現実,調整役,周囲を見てバランスを取る人,少し引っ込み思案で少し用心深く、直接的な対応を好まない性格,孤高の存在で現実的な側面を考慮する
少内向,少慎重,回避,孤高,少理想,調整役,周囲を見てバランスを取る人,少し引っ込み思案で少し用心深く、直接的な対応を好まない性格,孤高の存在で夢見がち
少内向,少慎重,回避,孤高,理想,調整役,周囲を見てバランスを取る人,少し引っ込み思案で少し用心深く、直接的な対応を好まない性格,孤高の存在で理想的
少内向,少慎重,回避,孤高,超理想,調整役,周囲を見てバランスを取る人,少し引っ込み思案で少し用心深く、直接的な対応を好まない性格,孤高の存在で地に足がついていない
少内向,少慎重,回避,一匹狼,超現実,調整役,周囲を見てバランスを取る人,少し引っ込み思案で少し用心深く、直接的な対応を好まない性格,一匹狼で超現実主義
少内向,少慎重,回避,一匹狼,現実,調整役,周囲を見てバランスを取る人,少し引っ込み思案で少し用心深く、直接的な対応を好まない性格,一匹狼で現実主義
少内向,少慎重,回避,一匹狼,少現実,調整役,周囲を見てバランスを取る人,少し引っ込み思案で少し用心深く、直接的な対応を好まない性格,一匹狼で現実的な側面を考慮する
少内向,少慎重,回避,一匹狼,少理想,調整役,周囲を見てバランスを取る人,少し引っ込み思案で少し用心深く、直接的な対応を好まない性格,一匹狼で夢見がち
少内向,少慎重,回避,一匹狼,理想,調整役,周囲を見てバランスを取る人,少し引っ込み思案で少し用心深く、直接的な対応を好まない性格,一匹狼で理想的
少内向,少慎重,回避,一匹狼,超理想,調整役,周囲を見てバランスを取る人,少し引っ込み思案で少し用心深く、直接的な対応を好まない性格,一匹狼で地に足がついていない
少内向,少慎重,回避,少孤独,超現実,調整役,周囲を見てバランスを取る人,少し引っ込み思案で少し用心深く、直接的な対応を好まない性格,自由主義で超現実主義
少内向,少慎重,回避,少孤独,現実,調整役,周囲を見てバランスを取る人,少し引っ込み思案で少し用心深く、直接的な対応を好まない性格,自由主義で現実主義
少内向,少慎重,回避,少孤独,少現実,調整役,周囲を見てバランスを取る人,少し引っ込み思案で少し用心深く、直接的な対応を好まない性格,自由主義で現実的な側面を考慮する
少内向,少慎重,回避,少孤独,少理想,調整役,周囲を見てバランスを取る人,少し引っ込み思案で少し用心深く、直接的な対応を好まない性格,自由主義で夢見がち
少内向,少慎重,回避,少孤独,理想,調整役,周囲を見てバランスを取る人,少し引っ込み思案で少し用心深く、直接的な対応を好まない性格,自由主義で理想的
少内向,少慎重,回避,少孤独,超理想,調整役,周囲を見てバランスを取る人,少し引っ込み思案で少し用心深く、直接的な対応を好まない性格,自由主義で地に足がついていない
少内向,少慎重,回避,少仲間,超現実,調整役,周囲を見てバランスを取る人,少し引っ込み思案で少し用心深く、直接的な対応を好まない性格,温厚で超現実主義
少内向,少慎重,回避,少仲間,現実,調整役,周囲を見てバランスを取る人,少し引っ込み思案で少し用心深く、直接的な対応を好まない性格,温厚で現実主義
少内向,少慎重,回避,少仲間,少現実,調整役,周囲を見てバランスを取る人,少し引っ込み思案で少し用心深く、直接的な対応を好まない性格,温厚で現実的な側面を考慮する
少内向,少慎重,回避,少仲間,少理想,調整役,周囲を見てバランスを取る人,少し引っ込み思案で少し用心深く、直接的な対応を好まない性格,温厚で夢見がち
少内向,少慎重,回避,少仲間,理想,調整役,周囲を見てバランスを取る人,少し引っ込み思案で少し用心深く、直接的な対応を好まない性格,温厚で理想的
少内向,少慎重,回避,少仲間,超理想,調整役,周囲を見てバランスを取る人,少し引っ込み思案で少し用心深く、直接的な対応を好まない性格,温厚で地に足がついていない
少内向,少慎重,回避,仲間派,超現実,守護者,仲間を守る頼れる存在,少し引っ込み思案で少し用心深く、直接的な対応を好まない性格,仲間思いで超現実主義
少内向,少慎重,回避,仲間派,現実,守護者,仲間を守る頼れる存在,少し引っ込み思案で少し用心深く、直接的な対応を好まない性格,仲間思いで現実主義
少内向,少慎重,回避,仲間派,少現実,守護者,仲間を守る頼れる存在,少し引っ込み思案で少し用心深く、直接的な対応を好まない性格,仲間思いで現実的な側面を考慮する
少内向,少慎重,回避,仲間派,少理想,守護者,仲間を守る頼れる存在,少し引っ込み思案で少し用心深く、直接的な対応を好まない性格,仲間思いで夢見がち
少内向,少慎重,回避,仲間派,理想,守護者,仲間を守る頼れる存在,少し引っ込み思案で少し用心深く、直接的な対応を好まない性格,仲間思いで理想的
少内向,少慎重,回避,仲間派,超理想,守護者,仲間を守る頼れる存在,少し引っ込み思案で少し用心深く、直接的な対応を好まない性格,仲間思いで地に足がついていない
少内向,少慎重,回避,超仲間,超現実,守護者,仲間を守る頼れる存在,少し引っ込み思案で少し用心深く、直接的な対応を好まない性格,自己犠牲精神で超現実主義
少内向,少慎重,回避,超仲間,現実,守護者,仲間を守る頼れる存在,少し引っ込み思案で少し用心深く、直接的な対応を好まない性格,自己犠牲精神で現実主義
少内向,少慎重,回避,超仲間,少現実,守護者,仲間を守る頼れる存在,少し引っ込み思案で少し用心深く、直接的な対応を好まない性格,自己犠牲精神で現実的な側面を考慮する
少内向,少慎重,回避,超仲間,少理想,守護者,仲間を守る頼れる存在,少し引っ込み思案で少し用心深く、直接的な対応を好まない性格,自己犠牲精神で夢見がち
少内向,少慎重,回避,超仲間,理想,守護者,仲間を守る頼れる存在,少し引っ込み思案で少し用心深く、直接的な対応を好まない性格,自己犠牲精神で理想的
少内向,少慎重,回避,超仲間,超理想,守護者,仲間を守る頼れる存在,少し引っ込み思案で少し用心深く、直接的な対応を好まない性格,自己犠牲精神で地に足がついていない
少内向,少慎重,少回避,孤高,超現実,調整役,周囲を見てバランスを取る人,少し引っ込み思案で少し用心深く、争いごとを好まない性格,孤高の存在で超現実主義
少内向,少慎重,少回避,孤高,現実,調整役,周囲を見てバランスを取る人,少し引っ込み思案で少し用心深く、争いごとを好まない性格,孤高の存在で現実主義
少内向,少慎重,少回避,孤高,少現実,調整役,周囲を見てバランスを取る人,少し引っ込み思案で少し用心深く、争いごとを好まない性格,孤高の存在で現実的な側面を考慮する
少内向,少慎重,少回避,孤高,少理想,調整役,周囲を見てバランスを取る人,少し引っ込み思案で少し用心深く、争いごとを好まない性格,孤高の存在で夢見がち
少内向,少慎重,少回避,孤高,理想,調整役,周囲を見てバランスを取る人,少し引っ込み思案で少し用心深く、争いごとを好まない性格,孤高の存在で理想的
少内向,少慎重,少回避,孤高,超理想,調整役,周囲を見てバランスを取る人,少し引っ込み思案で少し用心深く、争いごとを好まない性格,孤高の存在で地に足がついていない
少内向,少慎重,少回避,一匹狼,超現実,調整役,周囲を見てバランスを取る人,少し引っ込み思案で少し用心深く、争いごとを好まない性格,一匹狼で超現実主義
少内向,少慎重,少回避,一匹狼,現実,調整役,周囲を見てバランスを取る人,少し引っ込み思案で少し用心深く、争いごとを好まない性格,一匹狼で現実主義
少内向,少慎重,少回避,一匹狼,少現実,調整役,周囲を見てバランスを取る人,少し引っ込み思案で少し用心深く、争いごとを好まない性格,一匹狼で現実的な側面を考慮する
少内向,少慎重,少回避,一匹狼,少理想,調整役,周囲を見てバランスを取る人,少し引っ込み思案で少し用心深く、争いごとを好まない性格,一匹狼で夢見がち
少内向,少慎重,少回避,一匹狼,理想,調整役,周囲を見てバランスを取る人,少し引っ込み思案で少し用心深く、争いごとを好まない性格,一匹狼で理想的
少内向,少慎重,少回避,一匹狼,超理想,調整役,周囲を見てバランスを取る人,少し引っ込み思案で少し用心深く、争いごとを好まない性格,一匹狼で地に足がついていない
少内向,少慎重,少回避,少孤独,超現実,調整役,周囲を見てバランスを取る人,少し引っ込み思案で少し用心深く、争いごとを好まない性格,自由主義で超現実主義
少内向,少慎重,少回避,少孤独,現実,調整役,周囲を見てバランスを取る人,少し引っ込み思案で少し用心深く、争いごとを好まない性格,自由主義で現実主義
少内向,少慎重,少回避,少孤独,少現実,調整役,周囲を見てバランスを取る人,少し引っ込み思案で少し用心深く、争いごとを好まない性格,自由主義で現実的な側面を考慮する
少内向,少慎重,少回避,少孤独,少理想,調整役,周囲を見てバランスを取る人,少し引っ込み思案で少し用心深く、争いごとを好まない性格,自由主義で夢見がち
少内向,少慎重,少回避,少孤独,理想,調整役,周囲を見てバランスを取る人,少し引っ込み思案で少し用心深く、争いごとを好まない性格,自由主義で理想的
少内向,少慎重,少回避,少孤独,超理想,調整役,周囲を見てバランスを取る人,少し引っ込み思案で少し用心深く、争いごとを好まない性格,自由主義で地に足がついていない
少内向,少慎重,少回避,少仲間,超現実,調整役,周囲を見てバランスを取る人,少し引っ込み思案で少し用心深く、争いごとを好まない性格,温厚で超現実主義
少内向,少慎重,少回避,少仲間,現実,調整役,周囲を見てバランスを取る人,少し引っ込み思案で少し用心深く、争いごとを好まない性格,温厚で現実主義
少内向,少慎重,少回避,少仲間,少現実,調整役,周囲を見てバランスを取る人,少し引っ込み思案で少し用心深く、争いごとを好まない性格,温厚で現実的な側面を考慮する
少内向,少慎重,少回避,少仲間,少理想,調整役,周囲を見てバランスを取る人,少し引っ込み思案で少し用心深く、争いごとを好まない性格,温厚で夢見がち
少内向,少慎重,少回避,少仲間,理想,調整役,周囲を見てバランスを取る人,少し引っ込み思案で少し用心深く、争いごとを好まない性格,温厚で理想的
少内向,少慎重,少回避,少仲間,超理想,調整役,周囲を見てバランスを取る人,少し引っ込み思案で少し用心深く、争いごとを好まない性格,温厚で地に足がついていない
少内向,少慎重,少回避,仲間派,超現実,守護者,仲間を守る頼れる存在,少し引っ込み思案で少し用心深く、争いごとを好まない性格,仲間思いで超現実主義
少内向,少慎重,少回避,仲間派,現実,守護者,仲間を守る頼れる存在,少し引っ込み思案で少し用心深く、争いごとを好まない性格,仲間思いで現実主義
少内向,少慎重,少回避,仲間派,少現実,守護者,仲間を守る頼れる存在,少し引っ込み思案で少し用心深く、争いごとを好まない性格,仲間思いで現実的な側面を考慮する
少内向,少慎重,少回避,仲間派,少理想,守護者,仲間を守る頼れる存在,少し引っ込み思案で少し用心深く、争いごとを好まない性格,仲間思いで夢見がち
少内向,少慎重,少回避,仲間派,理想,守護者,仲間を守る頼れる存在,少し引っ込み思案で少し用心深く、争いごとを好まない性格,仲間思いで理想的
少内向,少慎重,少回避,仲間派,超理想,守護者,仲間を守る頼れる存在,少し引っ込み思案で少し用心深く、争いごとを好まない性格,仲間思いで地に足がついていない
少内向,少慎重,少回避,超仲間,超現実,守護者,仲間を守る頼れる存在,少し引っ込み思案で少し用心深く、争いごとを好まない性格,自己犠牲精神で超現実主義
少内向,少慎重,少回避,超仲間,現実,守護者,仲間を守る頼れる存在,少し引っ込み思案で少し用心深く、争いごとを好まない性格,自己犠牲精神で現実主義
少内向,少慎重,少回避,超仲間,少現実,守護者,仲間を守る頼れる存在,少し引っ込み思案で少し用心深く、争いごとを好まない性格,自己犠牲精神で現実的な側面を考慮する
少内向,少慎重,少回避,超仲間,少理想,守護者,仲間を守る頼れる存在,少し引っ込み思案で少し用心深く、争いごとを好まない性格,自己犠牲精神で夢見がち
少内向,少慎重,少回避,超仲間,理想,守護者,仲間を守る頼れる存在,少し引っ込み思案で少し用心深く、争いごとを好まない性格,自己犠牲精神で理想的
少内向,少慎重,少回避,超仲間,超理想,守護者,仲間を守る頼れる存在,少し引っ込み思案で少し用心深く、争いごとを好まない性格,自己犠牲精神で地に足がついていない
少内向,少慎重,少挑戦,孤高,超現実,調整役,周囲を見てバランスを取る人,少し引っ込み思案で少し用心深く、探求心がある性格,孤高の存在で超現実主義
少内向,少慎重,少挑戦,孤高,現実,調整役,周囲を見てバランスを取る人,少し引っ込み思案で少し用心深く、探求心がある性格,孤高の存在で現実主義
少内向,少慎重,少挑戦,孤高,少現実,調整役,周囲を見てバランスを取る人,少し引っ込み思案で少し用心深く、探求心がある性格,孤高の存在で現実的な側面を考慮する
少内向,少慎重,少挑戦,孤高,少理想,調整役,周囲を見てバランスを取る人,少し引っ込み思案で少し用心深く、探求心がある性格,孤高の存在で夢見がち
少内向,少慎重,少挑戦,孤高,理想,調整役,周囲を見てバランスを取る人,少し引っ込み思案で少し用心深く、探求心がある性格,孤高の存在で理想的
少内向,少慎重,少挑戦,孤高,超理想,調整役,周囲を見てバランスを取る人,少し引っ込み思案で少し用心深く、探求心がある性格,孤高の存在で地に足がついていない
少内向,少慎重,少挑戦,一匹狼,超現実,調整役,周囲を見てバランスを取る人,少し引っ込み思案で少し用心深く、探求心がある性格,一匹狼で超現実主義
少内向,少慎重,少挑戦,一匹狼,現実,調整役,周囲を見てバランスを取る人,少し引っ込み思案で少し用心深く、探求心がある性格,一匹狼で現実主義
少内向,少慎重,少挑戦,一匹狼,少現実,調整役,周囲を見てバランスを取る人,少し引っ込み思案で少し用心深く、探求心がある性格,一匹狼で現実的な側面を考慮する
少内向,少慎重,少挑戦,一匹狼,少理想,調整役,周囲を見てバランスを取る人,少し引っ込み思案で少し用心深く、探求心がある性格,一匹狼で夢見がち
少内向,少慎重,少挑戦,一匹狼,理想,調整役,周囲を見てバランスを取る人,少し引っ込み思案で少し用心深く、探求心がある性格,一匹狼で理想的
少内向,少慎重,少挑戦,一匹狼,超理想,調整役,周囲を見てバランスを取る人,少し引っ込み思案で少し用心深く、探求心がある性格,一匹狼で地に足がついていない
少内向,少慎重,少挑戦,少孤独,超現実,調整役,周囲を見てバランスを取る人,少し引っ込み思案で少し用心深く、探求心がある性格,自由主義で超現実主義
少内向,少慎重,少挑戦,少孤独,現実,調整役,周囲を見てバランスを取る人,少し引っ込み思案で少し用心深く、探求心がある性格,自由主義で現実主義
少内向,少慎重,少挑戦,少孤独,少現実,調整役,周囲を見てバランスを取る人,少し引っ込み思案で少し用心深く、探求心がある性格,自由主義で現実的な側面を考慮する
少内向,少慎重,少挑戦,少孤独,少理想,調整役,周囲を見てバランスを取る人,少し引っ込み思案で少し用心深く、探求心がある性格,自由主義で夢見がち
少内向,少慎重,少挑戦,少孤独,理想,調整役,周囲を見てバランスを取る人,少し引っ込み思案で少し用心深く、探求心がある性格,自由主義で理想的
少内向,少慎重,少挑戦,少孤独,超理想,調整役,周囲を見てバランスを取る人,少し引っ込み思案で少し用心深く、探求心がある性格,自由主義で地に足がついていない
少内向,少慎重,少挑戦,少仲間,超現実,調整役,周囲を見てバランスを取る人,少し引っ込み思案で少し用心深く、探求心がある性格,温厚で超現実主義
少内向,少慎重,少挑戦,少仲間,現実,調整役,周囲を見てバランスを取る人,少し引っ込み思案で少し用心深く、探求心がある性格,温厚で現実主義
少内向,少慎重,少挑戦,少仲間,少現実,調整役,周囲を見てバランスを取る人,少し引っ込み思案で少し用心深く、探求心がある性格,温厚で現実的な側面を考慮する
少内向,少慎重,少挑戦,少仲間,少理想,調整役,周囲を見てバランスを取る人,少し引っ込み思案で少し用心深く、探求心がある性格,温厚で夢見がち
少内向,少慎重,少挑戦,少仲間,理想,調整役,周囲を見てバランスを取る人,少し引っ込み思案で少し用心深く、探求心がある性格,温厚で理想的
少内向,少慎重,少挑戦,少仲間,超理想,調整役,周囲を見てバランスを取る人,少し引っ込み思案で少し用心深く、探求心がある性格,温厚で地に足がついていない
少内向,少慎重,少挑戦,仲間派,超現実,調整役,周囲を見てバランスを取る人,少し引っ込み思案で少し用心深く、探求心がある性格,仲間思いで超現実主義
少内向,少慎重,少挑戦,仲間派,現実,調整役,周囲を見てバランスを取る人,少し引っ込み思案で少し用心深く、探求心がある性格,仲間思いで現実主義
少内向,少慎重,少挑戦,仲間派,少現実,調整役,周囲を見てバランスを取る人,少し引っ込み思案で少し用心深く、探求心がある性格,仲間思いで現実的な側面を考慮する
少内向,少慎重,少挑戦,仲間派,少理想,調整役,周囲を見てバランスを取る人,少し引っ込み思案で少し用心深く、探求心がある性格,仲間思いで夢見がち
少内向,少慎重,少挑戦,仲間派,理想,調整役,周囲を見てバランスを取る人,少し引っ込み思案で少し用心深く、探求心がある性格,仲間思いで理想的
少内向,少慎重,少挑戦,仲間派,超理想,調整役,周囲を見てバランスを取る人,少し引っ込み思案で少し用心深く、探求心がある性格,仲間思いで地に足がついていない
少内向,少慎重,少挑戦,超仲間,超現実,調整役,周囲を見てバランスを取る人,少し引っ込み思案で少し用心深く、探求心がある性格,自己犠牲精神で超現実主義
少内向,少慎重,少挑戦,超仲間,現実,調整役,周囲を見てバランスを取る人,少し引っ込み思案で少し用心深く、探求心がある性格,自己犠牲精神で現実主義
少内向,少慎重,少挑戦,超仲間,少現実,調整役,周囲を見てバランスを取る人,少し引っ込み思案で少し用心深く、探求心がある性格,自己犠牲精神で現実的な側面を考慮する
少内向,少慎重,少挑戦,超仲間,少理想,調整役,周囲を見てバランスを取る人,少し引っ込み思案で少し用心深く、探求心がある性格,自己犠牲精神で夢見がち
少内向,少慎重,少挑戦,超仲間,理想,調整役,周囲を見てバランスを取る人,少し引っ込み思案で少し用心深く、探求心がある性格,自己犠牲精神で理想的
少内向,少慎重,少挑戦,超仲間,超理想,調整役,周囲を見てバランスを取る人,少し引っ込み思案で少し用心深く、探求心がある性格,自己犠牲精神で地に足がついていない
少内向,少慎重,挑戦,孤高,超現実,孤高の戦士,誰にも頼らず突き進む,少し引っ込み思案で少し用心深く、挑戦的な性格,孤高の存在で超現実主義
少内向,少慎重,挑戦,孤高,現実,孤高の戦士,誰にも頼らず突き進む,少し引っ込み思案で少し用心深く、挑戦的な性格,孤高の存在で現実主義
少内向,少慎重,挑戦,孤高,少現実,調整役,周囲を見てバランスを取る人,少し引っ込み思案で少し用心深く、挑戦的な性格,孤高の存在で現実的な側面を考慮する
少内向,少慎重,挑戦,孤高,少理想,調整役,周囲を見てバランスを取る人,少し引っ込み思案で少し用心深く、挑戦的な性格,孤高の存在で夢見がち
少内向,少慎重,挑戦,孤高,理想,調整役,周囲を見てバランスを取る人,少し引っ込み思案で少し用心深く、挑戦的な性格,孤高の存在で理想的
少内向,少慎重,挑戦,孤高,超理想,調整役,周囲を見てバランスを取る人,少し引っ込み思案で少し用心深く、挑戦的な性格,孤高の存在で地に足がついていない
少内向,少慎重,挑戦,一匹狼,超現実,孤高の戦士,誰にも頼らず突き進む,少し引っ込み思案で少し用心深く、挑戦的な性格,一匹狼で超現実主義
少内向,少慎重,挑戦,一匹狼,現実,孤高の戦士,誰にも頼らず突き進む,少し引っ込み思案で少し用心深く、挑戦的な性格,一匹狼で現実主義
少内向,少慎重,挑戦,一匹狼,少現実,調整役,周囲を見てバランスを取る人,少し引っ込み思案で少し用心深く、挑戦的な性格,一匹狼で現実的な側面を考慮する
少内向,少慎重,挑戦,一匹狼,少理想,調整役,周囲を見てバランスを取る人,少し引っ込み思案で少し用心深く、挑戦的な性格,一匹狼で夢見がち
少内向,少慎重,挑戦,一匹狼,理想,調整役,周囲を見てバランスを取る人,少し引っ込み思案で少し用心深く、挑戦的な性格,一匹狼で理想的
少内向,少慎重,挑戦,一匹狼,超理想,調整役,周囲を見てバランスを取る人,少し引っ込み思案で少し用心深く、挑戦的な性格,一匹狼で地に足がついていない
少内向,少慎重,挑戦,少孤独,超現実,調整役,周囲を見てバランスを取る人,少し引っ込み思案で少し用心深く、挑戦的な性格,自由主義で超現実主義
少内向,少慎重,挑戦,少孤独,現実,調整役,周囲を見てバランスを取る人,少し引っ込み思案で少し用心深く、挑戦的な性格,自由主義で現実主義
少内向,少慎重,挑戦,少孤独,少現実,調整役,周囲を見てバランスを取る人,少し引っ込み思案で少し用心深く、挑戦的な性格,自由主義で現実的な側面を考慮する
少内向,少慎重,挑戦,少孤独,少理想,調整役,周囲を見てバランスを取る人,少し引っ込み思案で少し用心深く、挑戦的な性格,自由主義で夢見がち
少内向,少慎重,挑戦,少孤独,理想,調整役,周囲を見てバランスを取る人,少し引っ込み思案で少し用心深く、挑戦的な性格,自由主義で理想的
少内向,少慎重,挑戦,少孤独,超理想,調整役,周囲を見てバランスを取る人,少し引っ込み思案で少し用心深く、挑戦的な性格,自由主義で地に足がついていない
少内向,少慎重,挑戦,少仲間,超現実,調整役,周囲を見てバランスを取る人,少し引っ込み思案で少し用心深く、挑戦的な性格,温厚で超現実主義
少内向,少慎重,挑戦,少仲間,現実,調整役,周囲を見てバランスを取る人,少し引っ込み思案で少し用心深く、挑戦的な性格,温厚で現実主義
少内向,少慎重,挑戦,少仲間,少現実,調整役,周囲を見てバランスを取る人,少し引っ込み思案で少し用心深く、挑戦的な性格,温厚で現実的な側面を考慮する
少内向,少慎重,挑戦,少仲間,少理想,調整役,周囲を見てバランスを取る人,少し引っ込み思案で少し用心深く、挑戦的な性格,温厚で夢見がち
少内向,少慎重,挑戦,少仲間,理想,調整役,周囲を見てバランスを取る人,少し引っ込み思案で少し用心深く、挑戦的な性格,温厚で理想的
少内向,少慎重,挑戦,少仲間,超理想,調整役,周囲を見てバランスを取る人,少し引っ込み思案で少し用心深く、挑戦的な性格,温厚で地に足がついていない
少内向,少慎重,挑戦,仲間派,超現実,調整役,周囲を見てバランスを取る人,少し引っ込み思案で少し用心深く、挑戦的な性格,仲間思いで超現実主義
少内向,少慎重,挑戦,仲間派,現実,調整役,周囲を見てバランスを取る人,少し引っ込み思案で少し用心深く、挑戦的な性格,仲間思いで現実主義
少内向,少慎重,挑戦,仲間派,少現実,調整役,周囲を見てバランスを取る人,少し引っ込み思案で少し用心深く、挑戦的な性格,仲間思いで現実的な側面を考慮する
少内向,少慎重,挑戦,仲間派,少理想,調整役,周囲を見てバランスを取る人,少し引っ込み思案で少し用心深く、挑戦的な性格,仲間思いで夢見がち
少内向,少慎重,挑戦,仲間派,理想,挑戦家,理想を掲げ挑戦を恐れない,少し引っ込み思案で少し用心深く、挑戦的な性格,仲間思いで理想的
少内向,少慎重,挑戦,仲間派,超理想,挑戦家,理想を掲げ挑戦を恐れない,少し引っ込み思案で少し用心深く、挑戦的な性格,仲間思いで地に足がついていない
少内向,少慎重,挑戦,超仲間,超現実,調整役,周囲を見てバランスを取る人,少し引っ込み思案で少し用心深く、挑戦的な性格,自己犠牲精神で超現実主義
少内向,少慎重,挑戦,超仲間,現実,調整役,周囲を見てバランスを取る人,少し引っ込み思案で少し用心深く、挑戦的な性格,自己犠牲精神で現実主義
少内向,少慎重,挑戦,超仲間,少現実,調整役,周囲を見てバランスを取る人,少し引っ込み思案で少し用心深く、挑戦的な性格,自己犠牲精神で現実的な側面を考慮する
少内向,少慎重,挑戦,超仲間,少理想,調整役,周囲を見てバランスを取る人,少し引っ込み思案で少し用心深く、挑戦的な性格,自己犠牲精神で夢見がち
少内向,少慎重,挑戦,超仲間,理想,挑戦家,理想を掲げ挑戦を恐れない,少し引っ込み思案で少し用心深く、挑戦的な性格,自己犠牲精神で理想的
少内向,少慎重,挑戦,超仲間,超理想,挑戦家,理想を掲げ挑戦を恐れない,少し引っ込み思案で少し用心深く、挑戦的な性格,自己犠牲精神で地に足がついていない
少内向,少慎重,超挑戦,孤高,超現実,孤高の戦士,誰にも頼らず突き進む,少し引っ込み思案で少し用心深く、果敢な性格,孤高の存在で超現実主義
少内向,少慎重,超挑戦,孤高,現実,孤高の戦士,誰にも頼らず突き進む,少し引っ込み思案で少し用心深く、果敢な性格,孤高の存在で現実主義
少内向,少慎重,超挑戦,孤高,少現実,調整役,周囲を見てバランスを取る人,少し引っ込み思案で少し用心深く、果敢な性格,孤高の存在で現実的な側面を考慮する
少内向,少慎重,超挑戦,孤高,少理想,調整役,周囲を見てバランスを取る人,少し引っ込み思案で少し用心深く、果敢な性格,孤高の存在で夢見がち
少内向,少慎重,超挑戦,孤高,理想,調整役,周囲を見てバランスを取る人,少し引っ込み思案で少し用心深く、果敢な性格,孤高の存在で理想的
少内向,少慎重,超挑戦,孤高,超理想,調整役,周囲を見てバランスを取る人,少し引っ込み思案で少し用心深く、果敢な性格,孤高の存在で地に足がついていない
少内向,少慎重,超挑戦,一匹狼,超現実,孤高の戦士,誰にも頼らず突き進む,少し引っ込み思案で少し用心深く、果敢な性格,一匹狼で超現実主義
少内向,少慎重,超挑戦,一匹狼,現実,孤高の戦士,誰にも頼らず突き進む,少し引っ込み思案で少し用心深く、果敢な性格,一匹狼で現実主義
少内向,少慎重,超挑戦,一匹狼,少現実,調整役,周囲を見てバランスを取る人,少し引っ込み思案で少し用心深く、果敢な性格,一匹狼で現実的な側面を考慮する
少内向,少慎重,超挑戦,一匹狼,少理想,調整役,周囲を見てバランスを取る人,少し引っ込み思案で少し用心深く、果敢な性格,一匹狼で夢見がち
少内向,少慎重,超挑戦,一匹狼,理想,調整役,周囲を見てバランスを取る人,少し引っ込み思案で少し用心深く、果敢な性格,一匹狼で理想的
少内向,少慎重,超挑戦,一匹狼,超理想,調整役,周囲を見てバランスを取る人,少し引っ込み思案で少し用心深く、果敢な性格,一匹狼で地に足がついていない
少内向,少慎重,超挑戦,少孤独,超現実,調整役,周囲を見てバランスを取る人,少し引っ込み思案で少し用心深く、果敢な性格,自由主義で超現実主義
少内向,少慎重,超挑戦,少孤独,現実,調整役,周囲を見てバランスを取る人,少し引っ込み思案で少し用心深く、果敢な性格,自由主義で現実主義
少内向,少慎重,超挑戦,少孤独,少現実,調整役,周囲を見てバランスを取る人,少し引っ込み思案で少し用心深く、果敢な性格,自由主義で現実的な側面を考慮する
少内向,少慎重,超挑戦,少孤独,少理想,調整役,周囲を見てバランスを取る人,少し引っ込み思案で少し用心深く、果敢な性格,自由主義で夢見がち
少内向,少慎重,超挑戦,少孤独,理想,調整役,周囲を見てバランスを取る人,少し引っ込み思案で少し用心深く、果敢な性格,自由主義で理想的
少内向,少慎重,超挑戦,少孤独,超理想,調整役,周囲を見てバランスを取る人,少し引っ込み思案で少し用心深く、果敢な性格,自由主義で地に足がついていない
少内向,少慎重,超挑戦,少仲間,超現実,調整役,周囲を見てバランスを取る人,少し引っ込み思案で少し用心深く、果敢な性格,温厚で超現実主義
少内向,少慎重,超挑戦,少仲間,現実,調整役,周囲を見てバランスを取る人,少し引っ込み思案で少し用心深く、果敢な性格,温厚で現実主義
少内向,少慎重,超挑戦,少仲間,少現実,調整役,周囲を見てバランスを取る人,少し引っ込み思案で少し用心深く、果敢な性格,温厚で現実的な側面を考慮する
少内向,少慎重,超挑戦,少仲間,少理想,調整役,周囲を見てバランスを取る人,少し引っ込み思案で少し用心深く、果敢な性格,温厚で夢見がち
少内向,少慎重,超挑戦,少仲間,理想,調整役,周囲を見てバランスを取る人,少し引っ込み思案で少し用心深く、果敢な性格,温厚で理想的
少内向,少慎重,超挑戦,少仲間,超理想,調整役,周囲を見てバランスを取る人,少し引っ込み思案で少し用心深く、果敢な性格,温厚で地に足がついていない
少内向,少慎重,超挑戦,仲間派,超現実,調整役,周囲を見てバランスを取る人,少し引っ込み思案で少し用心深く、果敢な性格,仲間思いで超現実主義
少内向,少慎重,超挑戦,仲間派,現実,調整役,周囲を見てバランスを取る人,少し引っ込み思案で少し用心深く、果敢な性格,仲間思いで現実主義
少内向,少慎重,超挑戦,仲間派,少現実,調整役,周囲を見てバランスを取る人,少し引っ込み思案で少し用心深く、果敢な性格,仲間思いで現実的な側面を考慮する
少内向,少慎重,超挑戦,仲間派,少理想,調整役,周囲を見てバランスを取る人,少し引っ込み思案で少し用心深く、果敢な性格,仲間思いで夢見がち
少内向,少慎重,超挑戦,仲間派,理想,挑戦家,理想を掲げ挑戦を恐れない,少し引っ込み思案で少し用心深く、果敢な性格,仲間思いで理想的
少内向,少慎重,超挑戦,仲間派,超理想,挑戦家,理想を掲げ挑戦を恐れない,少し引っ込み思案で少し用心深く、果敢な性格,仲間思いで地に足がついていない
少内向,少慎重,超挑戦,超仲間,超現実,調整役,周囲を見てバランスを取る人,少し引っ込み思案で少し用心深く、果敢な性格,自己犠牲精神で超現実主義
少内向,少慎重,超挑戦,超仲間,現実,調整役,周囲を見てバランスを取る人,少し引っ込み思案で少し用心深く、果敢な性格,自己犠牲精神で現実主義
少内向,少慎重,超挑戦,超仲間,少現実,調整役,周囲を見てバランスを取る人,少し引っ込み思案で少し用心深く、果敢な性格,自己犠牲精神で現実的な側面を考慮する
少内向,少慎重,超挑戦,超仲間,少理想,調整役,周囲を見てバランスを取る人,少し引っ込み思案で少し用心深く、果敢な性格,自己犠牲精神で夢見がち
少内向,少慎重,超挑戦,超仲間,理想,挑戦家,理想を掲げ挑戦を恐れない,少し引っ込み思案で少し用心深く、果敢な性格,自己犠牲精神で理想的
少内向,少慎重,超挑戦,超仲間,超理想,挑戦家,理想を掲げ挑戦を恐れない,少し引っ込み思案で少し用心深く、果敢な性格,自己犠牲精神で地に足がついていない
少内向,少即決,超回避,孤高,超現実,調整役,周囲を見てバランスを取る人,少し引っ込み思案で少しせっかちな面があり、対立を徹底的に避ける性格,孤高の存在で超現実主義
少内向,少即決,超回避,孤高,現実,調整役,周囲を見てバランスを取る人,少し引っ込み思案で少しせっかちな面があり、対立を徹底的に避ける性格,孤高の存在で現実主義
少内向,少即決,超回避,孤高,少現実,調整役,周囲を見てバランスを取る人,少し引っ込み思案で少しせっかちな面があり、対立を徹底的に避ける性格,孤高の存在で現実的な側面を考慮する
少内向,少即決,超回避,孤高,少理想,調整役,周囲を見てバランスを取る人,少し引っ込み思案で少しせっかちな面があり、対立を徹底的に避ける性格,孤高の存在で夢見がち
少内向,少即決,超回避,孤高,理想,調整役,周囲を見てバランスを取る人,少し引っ込み思案で少しせっかちな面があり、対立を徹底的に避ける性格,孤高の存在で理想的
少内向,少即決,超回避,孤高,超理想,調整役,周囲を見てバランスを取る人,少し引っ込み思案で少しせっかちな面があり、対立を徹底的に避ける性格,孤高の存在で地に足がついていない
少内向,少即決,超回避,一匹狼,超現実,調整役,周囲を見てバランスを取る人,少し引っ込み思案で少しせっかちな面があり、対立を徹底的に避ける性格,一匹狼で超現実主義
少内向,少即決,超回避,一匹狼,現実,調整役,周囲を見てバランスを取る人,少し引っ込み思案で少しせっかちな面があり、対立を徹底的に避ける性格,一匹狼で現実主義
少内向,少即決,超回避,一匹狼,少現実,調整役,周囲を見てバランスを取る人,少し引っ込み思案で少しせっかちな面があり、対立を徹底的に避ける性格,一匹狼で現実的な側面を考慮する
少内向,少即決,超回避,一匹狼,少理想,調整役,周囲を見てバランスを取る人,少し引っ込み思案で少しせっかちな面があり、対立を徹底的に避ける性格,一匹狼で夢見がち
少内向,少即決,超回避,一匹狼,理想,調整役,周囲を見てバランスを取る人,少し引っ込み思案で少しせっかちな面があり、対立を徹底的に避ける性格,一匹狼で理想的
少内向,少即決,超回避,一匹狼,超理想,調整役,周囲を見てバランスを取る人,少し引っ込み思案で少しせっかちな面があり、対立を徹底的に避ける性格,一匹狼で地に足がついていない
少内向,少即決,超回避,少孤独,超現実,調整役,周囲を見てバランスを取る人,少し引っ込み思案で少しせっかちな面があり、対立を徹底的に避ける性格,自由主義で超現実主義
少内向,少即決,超回避,少孤独,現実,調整役,周囲を見てバランスを取る人,少し引っ込み思案で少しせっかちな面があり、対立を徹底的に避ける性格,自由主義で現実主義
少内向,少即決,超回避,少孤独,少現実,調整役,周囲を見てバランスを取る人,少し引っ込み思案で少しせっかちな面があり、対立を徹底的に避ける性格,自由主義で現実的な側面を考慮する
少内向,少即決,超回避,少孤独,少理想,調整役,周囲を見てバランスを取る人,少し引っ込み思案で少しせっかちな面があり、対立を徹底的に避ける性格,自由主義で夢見がち
少内向,少即決,超回避,少孤独,理想,調整役,周囲を見てバランスを取る人,少し引っ込み思案で少しせっかちな面があり、対立を徹底的に避ける性格,自由主義で理想的
少内向,少即決,超回避,少孤独,超理想,調整役,周囲を見てバランスを取る人,少し引っ込み思案で少しせっかちな面があり、対立を徹底的に避ける性格,自由主義で地に足がついていない
少内向,少即決,超回避,少仲間,超現実,調整役,周囲を見てバランスを取る人,少し引っ込み思案で少しせっかちな面があり、対立を徹底的に避ける性格,温厚で超現実主義
少内向,少即決,超回避,少仲間,現実,調整役,周囲を見てバランスを取る人,少し引っ込み思案で少しせっかちな面があり、対立を徹底的に避ける性格,温厚で現実主義
少内向,少即決,超回避,少仲間,少現実,調整役,周囲を見てバランスを取る人,少し引っ込み思案で少しせっかちな面があり、対立を徹底的に避ける性格,温厚で現実的な側面を考慮する
少内向,少即決,超回避,少仲間,少理想,調整役,周囲を見てバランスを取る人,少し引っ込み思案で少しせっかちな面があり、対立を徹底的に避ける性格,温厚で夢見がち
少内向,少即決,超回避,少仲間,理想,調整役,周囲を見てバランスを取る人,少し引っ込み思案で少しせっかちな面があり、対立を徹底的に避ける性格,温厚で理想的
少内向,少即決,超回避,少仲間,超理想,調整役,周囲を見てバランスを取る人,少し引っ込み思案で少しせっかちな面があり、対立を徹底的に避ける性格,温厚で地に足がついていない
少内向,少即決,超回避,仲間派,超現実,守護者,仲間を守る頼れる存在,少し引っ込み思案で少しせっかちな面があり、対立を徹底的に避ける性格,仲間思いで超現実主義
少内向,少即決,超回避,仲間派,現実,守護者,仲間を守る頼れる存在,少し引っ込み思案で少しせっかちな面があり、対立を徹底的に避ける性格,仲間思いで現実主義
少内向,少即決,超回避,仲間派,少現実,守護者,仲間を守る頼れる存在,少し引っ込み思案で少しせっかちな面があり、対立を徹底的に避ける性格,仲間思いで現実的な側面を考慮する
少内向,少即決,超回避,仲間派,少理想,守護者,仲間を守る頼れる存在,少し引っ込み思案で少しせっかちな面があり、対立を徹底的に避ける性格,仲間思いで夢見がち
少内向,少即決,超回避,仲間派,理想,守護者,仲間を守る頼れる存在,少し引っ込み思案で少しせっかちな面があり、対立を徹底的に避ける性格,仲間思いで理想的
少内向,少即決,超回避,仲間派,超理想,守護者,仲間を守る頼れる存在,少し引っ込み思案で少しせっかちな面があり、対立を徹底的に避ける性格,仲間思いで地に足がついていない
少内向,少即決,超回避,超仲間,超現実,守護者,仲間を守る頼れる存在,少し引っ込み思案で少しせっかちな面があり、対立を徹底的に避ける性格,自己犠牲精神で超現実主義
少内向,少即決,超回避,超仲間,現実,守護者,仲間を守る頼れる存在,少し引っ込み思案で少しせっかちな面があり、対立を徹底的に避ける性格,自己犠牲精神で現実主義
少内向,少即決,超回避,超仲間,少現実,守護者,仲間を守る頼れる存在,少し引っ込み思案で少しせっかちな面があり、対立を徹底的に避ける性格,自己犠牲精神で現実的な側面を考慮する
少内向,少即決,超回避,超仲間,少理想,守護者,仲間を守る頼れる存在,少し引っ込み思案で少しせっかちな面があり、対立を徹底的に避ける性格,自己犠牲精神で夢見がち
少内向,少即決,超回避,超仲間,理想,守護者,仲間を守る頼れる存在,少し引っ込み思案で少しせっかちな面があり、対立を徹底的に避ける性格,自己犠牲精神で理想的
少内向,少即決,超回避,超仲間,超理想,守護者,仲間を守る頼れる存在,少し引っ込み思案で少しせっかちな面があり、対立を徹底的に避ける性格,自己犠牲精神で地に足がついていない
少内向,少即決,回避,孤高,超現実,調整役,周囲を見てバランスを取る人,少し引っ込み思案で少しせっかちな面があり、直接的な対応を好まない性格,孤高の存在で超現実主義
少内向,少即決,回避,孤高,現実,調整役,周囲を見てバランスを取る人,少し引っ込み思案で少しせっかちな面があり、直接的な対応を好まない性格,孤高の存在で現実主義
少内向,少即決,回避,孤高,少現実,調整役,周囲を見てバランスを取る人,少し引っ込み思案で少しせっかちな面があり、直接的な対応を好まない性格,孤高の存在で現実的な側面を考慮する
少内向,少即決,回避,孤高,少理想,調整役,周囲を見てバランスを取る人,少し引っ込み思案で少しせっかちな面があり、直接的な対応を好まない性格,孤高の存在で夢見がち
少内向,少即決,回避,孤高,理想,調整役,周囲を見てバランスを取る人,少し引っ込み思案で少しせっかちな面があり、直接的な対応を好まない性格,孤高の存在で理想的
少内向,少即決,回避,孤高,超理想,調整役,周囲を見てバランスを取る人,少し引っ込み思案で少しせっかちな面があり、直接的な対応を好まない性格,孤高の存在で地に足がついていない
少内向,少即決,回避,一匹狼,超現実,調整役,周囲を見てバランスを取る人,少し引っ込み思案で少しせっかちな面があり、直接的な対応を好まない性格,一匹狼で超現実主義
少内向,少即決,回避,一匹狼,現実,調整役,周囲を見てバランスを取る人,少し引っ込み思案で少しせっかちな面があり、直接的な対応を好まない性格,一匹狼で現実主義
少内向,少即決,回避,一匹狼,少現実,調整役,周囲を見てバランスを取る人,少し引っ込み思案で少しせっかちな面があり、直接的な対応を好まない性格,一匹狼で現実的な側面を考慮する
少内向,少即決,回避,一匹狼,少理想,調整役,周囲を見てバランスを取る人,少し引っ込み思案で少しせっかちな面があり、直接的な対応を好まない性格,一匹狼で夢見がち
少内向,少即決,回避,一匹狼,理想,調整役,周囲を見てバランスを取る人,少し引っ込み思案で少しせっかちな面があり、直接的な対応を好まない性格,一匹狼で理想的
少内向,少即決,回避,一匹狼,超理想,調整役,周囲を見てバランスを取る人,少し引っ込み思案で少しせっかちな面があり、直接的な対応を好まない性格,一匹狼で地に足がついていない
少内向,少即決,回避,少孤独,超現実,調整役,周囲を見てバランスを取る人,少し引っ込み思案で少しせっかちな面があり、直接的な対応を好まない性格,自由主義で超現実主義
少内向,少即決,回避,少孤独,現実,調整役,周囲を見てバランスを取る人,少し引っ込み思案で少しせっかちな面があり、直接的な対応を好まない性格,自由主義で現実主義
少内向,少即決,回避,少孤独,少現実,調整役,周囲を見てバランスを取る人,少し引っ込み思案で少しせっかちな面があり、直接的な対応を好まない性格,自由主義で現実的な側面を考慮する
少内向,少即決,回避,少孤独,少理想,調整役,周囲を見てバランスを取る人,少し引っ込み思案で少しせっかちな面があり、直接的な対応を好まない性格,自由主義で夢見がち
少内向,少即決,回避,少孤独,理想,調整役,周囲を見てバランスを取る人,少し引っ込み思案で少しせっかちな面があり、直接的な対応を好まない性格,自由主義で理想的
少内向,少即決,回避,少孤独,超理想,調整役,周囲を見てバランスを取る人,少し引っ込み思案で少しせっかちな面があり、直接的な対応を好まない性格,自由主義で地に足がついていない
少内向,少即決,回避,少仲間,超現実,調整役,周囲を見てバランスを取る人,少し引っ込み思案で少しせっかちな面があり、直接的な対応を好まない性格,温厚で超現実主義
少内向,少即決,回避,少仲間,現実,調整役,周囲を見てバランスを取る人,少し引っ込み思案で少しせっかちな面があり、直接的な対応を好まない性格,温厚で現実主義
少内向,少即決,回避,少仲間,少現実,調整役,周囲を見てバランスを取る人,少し引っ込み思案で少しせっかちな面があり、直接的な対応を好まない性格,温厚で現実的な側面を考慮する
少内向,少即決,回避,少仲間,少理想,調整役,周囲を見てバランスを取る人,少し引っ込み思案で少しせっかちな面があり、直接的な対応を好まない性格,温厚で夢見がち
少内向,少即決,回避,少仲間,理想,調整役,周囲を見てバランスを取る人,少し引っ込み思案で少しせっかちな面があり、直接的な対応を好まない性格,温厚で理想的
少内向,少即決,回避,少仲間,超理想,調整役,周囲を見てバランスを取る人,少し引っ込み思案で少しせっかちな面があり、直接的な対応を好まない性格,温厚で地に足がついていない
少内向,少即決,回避,仲間派,超現実,守護者,仲間を守る頼れる存在,少し引っ込み思案で少しせっかちな面があり、直接的な対応を好まない性格,仲間思いで超現実主義
少内向,少即決,回避,仲間派,現実,守護者,仲間を守る頼れる存在,少し引っ込み思案で少しせっかちな面があり、直接的な対応を好まない性格,仲間思いで現実主義
少内向,少即決,回避,仲間派,少現実,守護者,仲間を守る頼れる存在,少し引っ込み思案で少しせっかちな面があり、直接的な対応を好まない性格,仲間思いで現実的な側面を考慮する
少内向,少即決,回避,仲間派,少理想,守護者,仲間を守る頼れる存在,少し引っ込み思案で少しせっかちな面があり、直接的な対応を好まない性格,仲間思いで夢見がち
少内向,少即決,回避,仲間派,理想,守護者,仲間を守る頼れる存在,少し引っ込み思案で少しせっかちな面があり、直接的な対応を好まない性格,仲間思いで理想的
少内向,少即決,回避,仲間派,超理想,守護者,仲間を守る頼れる存在,少し引っ込み思案で少しせっかちな面があり、直接的な対応を好まない性格,仲間思いで地に足がついていない
少内向,少即決,回避,超仲間,超現実,守護者,仲間を守る頼れる存在,少し引っ込み思案で少しせっかちな面があり、直接的な対応を好まない性格,自己犠牲精神で超現実主義
少内向,少即決,回避,超仲間,現実,守護者,仲間を守る頼れる存在,少し引っ込み思案で少しせっかちな面があり、直接的な対応を好まない性格,自己犠牲精神で現実主義
少内向,少即決,回避,超仲間,少現実,守護者,仲間を守る頼れる存在,少し引っ込み思案で少しせっかちな面があり、直接的な対応を好まない性格,自己犠牲精神で現実的な側面を考慮する
少内向,少即決,回避,超仲間,少理想,守護者,仲間を守る頼れる存在,少し引っ込み思案で少しせっかちな面があり、直接的な対応を好まない性格,自己犠牲精神で夢見がち
少内向,少即決,回避,超仲間,理想,守護者,仲間を守る頼れる存在,少し引っ込み思案で少しせっかちな面があり、直接的な対応を好まない性格,自己犠牲精神で理想的
少内向,少即決,回避,超仲間,超理想,守護者,仲間を守る頼れる存在,少し引っ込み思案で少しせっかちな面があり、直接的な対応を好まない性格,自己犠牲精神で地に足がついていない
少内向,少即決,少回避,孤高,超現実,調整役,周囲を見てバランスを取る人,少し引っ込み思案で少しせっかちな面があり、争いごとを好まない性格,孤高の存在で超現実主義
少内向,少即決,少回避,孤高,現実,調整役,周囲を見てバランスを取る人,少し引っ込み思案で少しせっかちな面があり、争いごとを好まない性格,孤高の存在で現実主義
少内向,少即決,少回避,孤高,少現実,調整役,周囲を見てバランスを取る人,少し引っ込み思案で少しせっかちな面があり、争いごとを好まない性格,孤高の存在で現実的な側面を考慮する
少内向,少即決,少回避,孤高,少理想,調整役,周囲を見てバランスを取る人,少し引っ込み思案で少しせっかちな面があり、争いごとを好まない性格,孤高の存在で夢見がち
少内向,少即決,少回避,孤高,理想,調整役,周囲を見てバランスを取る人,少し引っ込み思案で少しせっかちな面があり、争いごとを好まない性格,孤高の存在で理想的
少内向,少即決,少回避,孤高,超理想,調整役,周囲を見てバランスを取る人,少し引っ込み思案で少しせっかちな面があり、争いごとを好まない性格,孤高の存在で地に足がついていない
少内向,少即決,少回避,一匹狼,超現実,調整役,周囲を見てバランスを取る人,少し引っ込み思案で少しせっかちな面があり、争いごとを好まない性格,一匹狼で超現実主義
少内向,少即決,少回避,一匹狼,現実,調整役,周囲を見てバランスを取る人,少し引っ込み思案で少しせっかちな面があり、争いごとを好まない性格,一匹狼で現実主義
少内向,少即決,少回避,一匹狼,少現実,調整役,周囲を見てバランスを取る人,少し引っ込み思案で少しせっかちな面があり、争いごとを好まない性格,一匹狼で現実的な側面を考慮する
少内向,少即決,少回避,一匹狼,少理想,調整役,周囲を見てバランスを取る人,少し引っ込み思案で少しせっかちな面があり、争いごとを好まない性格,一匹狼で夢見がち
少内向,少即決,少回避,一匹狼,理想,調整役,周囲を見てバランスを取る人,少し引っ込み思案で少しせっかちな面があり、争いごとを好まない性格,一匹狼で理想的
少内向,少即決,少回避,一匹狼,超理想,調整役,周囲を見てバランスを取る人,少し引っ込み思案で少しせっかちな面があり、争いごとを好まない性格,一匹狼で地に足がついていない
少内向,少即決,少回避,少孤独,超現実,調整役,周囲を見てバランスを取る人,少し引っ込み思案で少しせっかちな面があり、争いごとを好まない性格,自由主義で超現実主義
少内向,少即決,少回避,少孤独,現実,調整役,周囲を見てバランスを取る人,少し引っ込み思案で少しせっかちな面があり、争いごとを好まない性格,自由主義で現実主義
少内向,少即決,少回避,少孤独,少現実,調整役,周囲を見てバランスを取る人,少し引っ込み思案で少しせっかちな面があり、争いごとを好まない性格,自由主義で現実的な側面を考慮する
少内向,少即決,少回避,少孤独,少理想,調整役,周囲を見てバランスを取る人,少し引っ込み思案で少しせっかちな面があり、争いごとを好まない性格,自由主義で夢見がち
少内向,少即決,少回避,少孤独,理想,調整役,周囲を見てバランスを取る人,少し引っ込み思案で少しせっかちな面があり、争いごとを好まない性格,自由主義で理想的
少内向,少即決,少回避,少孤独,超理想,調整役,周囲を見てバランスを取る人,少し引っ込み思案で少しせっかちな面があり、争いごとを好まない性格,自由主義で地に足がついていない
少内向,少即決,少回避,少仲間,超現実,調整役,周囲を見てバランスを取る人,少し引っ込み思案で少しせっかちな面があり、争いごとを好まない性格,温厚で超現実主義
少内向,少即決,少回避,少仲間,現実,調整役,周囲を見てバランスを取る人,少し引っ込み思案で少しせっかちな面があり、争いごとを好まない性格,温厚で現実主義
少内向,少即決,少回避,少仲間,少現実,調整役,周囲を見てバランスを取る人,少し引っ込み思案で少しせっかちな面があり、争いごとを好まない性格,温厚で現実的な側面を考慮する
少内向,少即決,少回避,少仲間,少理想,調整役,周囲を見てバランスを取る人,少し引っ込み思案で少しせっかちな面があり、争いごとを好まない性格,温厚で夢見がち
少内向,少即決,少回避,少仲間,理想,調整役,周囲を見てバランスを取る人,少し引っ込み思案で少しせっかちな面があり、争いごとを好まない性格,温厚で理想的
少内向,少即決,少回避,少仲間,超理想,調整役,周囲を見てバランスを取る人,少し引っ込み思案で少しせっかちな面があり、争いごとを好まない性格,温厚で地に足がついていない
少内向,少即決,少回避,仲間派,超現実,守護者,仲間を守る頼れる存在,少し引っ込み思案で少しせっかちな面があり、争いごとを好まない性格,仲間思いで超現実主義
少内向,少即決,少回避,仲間派,現実,守護者,仲間を守る頼れる存在,少し引っ込み思案で少しせっかちな面があり、争いごとを好まない性格,仲間思いで現実主義
少内向,少即決,少回避,仲間派,少現実,守護者,仲間を守る頼れる存在,少し引っ込み思案で少しせっかちな面があり、争いごとを好まない性格,仲間思いで現実的な側面を考慮する
少内向,少即決,少回避,仲間派,少理想,守護者,仲間を守る頼れる存在,少し引っ込み思案で少しせっかちな面があり、争いごとを好まない性格,仲間思いで夢見がち
少内向,少即決,少回避,仲間派,理想,守護者,仲間を守る頼れる存在,少し引っ込み思案で少しせっかちな面があり、争いごとを好まない性格,仲間思いで理想的
少内向,少即決,少回避,仲間派,超理想,守護者,仲間を守る頼れる存在,少し引っ込み思案で少しせっかちな面があり、争いごとを好まない性格,仲間思いで地に足がついていない
少内向,少即決,少回避,超仲間,超現実,守護者,仲間を守る頼れる存在,少し引っ込み思案で少しせっかちな面があり、争いごとを好まない性格,自己犠牲精神で超現実主義
少内向,少即決,少回避,超仲間,現実,守護者,仲間を守る頼れる存在,少し引っ込み思案で少しせっかちな面があり、争いごとを好まない性格,自己犠牲精神で現実主義
少内向,少即決,少回避,超仲間,少現実,守護者,仲間を守る頼れる存在,少し引っ込み思案で少しせっかちな面があり、争いごとを好まない性格,自己犠牲精神で現実的な側面を考慮する
少内向,少即決,少回避,超仲間,少理想,守護者,仲間を守る頼れる存在,少し引っ込み思案で少しせっかちな面があり、争いごとを好まない性格,自己犠牲精神で夢見がち
少内向,少即決,少回避,超仲間,理想,守護者,仲間を守る頼れる存在,少し引っ込み思案で少しせっかちな面があり、争いごとを好まない性格,自己犠牲精神で理想的
少内向,少即決,少回避,超仲間,超理想,守護者,仲間を守る頼れる存在,少し引っ込み思案で少しせっかちな面があり、争いごとを好まない性格,自己犠牲精神で地に足がついていない
少内向,少即決,少挑戦,孤高,超現実,調整役,周囲を見てバランスを取る人,少し引っ込み思案で少しせっかちな面があり、探求心がある性格,孤高の存在で超現実主義
少内向,少即決,少挑戦,孤高,現実,調整役,周囲を見てバランスを取る人,少し引っ込み思案で少しせっかちな面があり、探求心がある性格,孤高の存在で現実主義
少内向,少即決,少挑戦,孤高,少現実,調整役,周囲を見てバランスを取る人,少し引っ込み思案で少しせっかちな面があり、探求心がある性格,孤高の存在で現実的な側面を考慮する
少内向,少即決,少挑戦,孤高,少理想,調整役,周囲を見てバランスを取る人,少し引っ込み思案で少しせっかちな面があり、探求心がある性格,孤高の存在で夢見がち
少内向,少即決,少挑戦,孤高,理想,調整役,周囲を見てバランスを取る人,少し引っ込み思案で少しせっかちな面があり、探求心がある性格,孤高の存在で理想的
少内向,少即決,少挑戦,孤高,超理想,調整役,周囲を見てバランスを取る人,少し引っ込み思案で少しせっかちな面があり、探求心がある性格,孤高の存在で地に足がついていない
少内向,少即決,少挑戦,一匹狼,超現実,調整役,周囲を見てバランスを取る人,少し引っ込み思案で少しせっかちな面があり、探求心がある性格,一匹狼で超現実主義
少内向,少即決,少挑戦,一匹狼,現実,調整役,周囲を見てバランスを取る人,少し引っ込み思案で少しせっかちな面があり、探求心がある性格,一匹狼で現実主義
少内向,少即決,少挑戦,一匹狼,少現実,調整役,周囲を見てバランスを取る人,少し引っ込み思案で少しせっかちな面があり、探求心がある性格,一匹狼で現実的な側面を考慮する
少内向,少即決,少挑戦,一匹狼,少理想,調整役,周囲を見てバランスを取る人,少し引っ込み思案で少しせっかちな面があり、探求心がある性格,一匹狼で夢見がち
少内向,少即決,少挑戦,一匹狼,理想,調整役,周囲を見てバランスを取る人,少し引っ込み思案で少しせっかちな面があり、探求心がある性格,一匹狼で理想的
少内向,少即決,少挑戦,一匹狼,超理想,調整役,周囲を見てバランスを取る人,少し引っ込み思案で少しせっかちな面があり、探求心がある性格,一匹狼で地に足がついていない
少内向,少即決,少挑戦,少孤独,超現実,調整役,周囲を見てバランスを取る人,少し引っ込み思案で少しせっかちな面があり、探求心がある性格,自由主義で超現実主義
少内向,少即決,少挑戦,少孤独,現実,調整役,周囲を見てバランスを取る人,少し引っ込み思案で少しせっかちな面があり、探求心がある性格,自由主義で現実主義
少内向,少即決,少挑戦,少孤独,少現実,調整役,周囲を見てバランスを取る人,少し引っ込み思案で少しせっかちな面があり、探求心がある性格,自由主義で現実的な側面を考慮する
少内向,少即決,少挑戦,少孤独,少理想,調整役,周囲を見てバランスを取る人,少し引っ込み思案で少しせっかちな面があり、探求心がある性格,自由主義で夢見がち
少内向,少即決,少挑戦,少孤独,理想,調整役,周囲を見てバランスを取る人,少し引っ込み思案で少しせっかちな面があり、探求心がある性格,自由主義で理想的
少内向,少即決,少挑戦,少孤独,超理想,調整役,周囲を見てバランスを取る人,少し引っ込み思案で少しせっかちな面があり、探求心がある性格,自由主義で地に足がついていない
少内向,少即決,少挑戦,少仲間,超現実,調整役,周囲を見てバランスを取る人,少し引っ込み思案で少しせっかちな面があり、探求心がある性格,温厚で超現実主義
少内向,少即決,少挑戦,少仲間,現実,調整役,周囲を見てバランスを取る人,少し引っ込み思案で少しせっかちな面があり、探求心がある性格,温厚で現実主義
少内向,少即決,少挑戦,少仲間,少現実,調整役,周囲を見てバランスを取る人,少し引っ込み思案で少しせっかちな面があり、探求心がある性格,温厚で現実的な側面を考慮する
少内向,少即決,少挑戦,少仲間,少理想,調整役,周囲を見てバランスを取る人,少し引っ込み思案で少しせっかちな面があり、探求心がある性格,温厚で夢見がち
少内向,少即決,少挑戦,少仲間,理想,調整役,周囲を見てバランスを取る人,少し引っ込み思案で少しせっかちな面があり、探求心がある性格,温厚で理想的
少内向,少即決,少挑戦,少仲間,超理想,調整役,周囲を見てバランスを取る人,少し引っ込み思案で少しせっかちな面があり、探求心がある性格,温厚で地に足がついていない
少内向,少即決,少挑戦,仲間派,超現実,調整役,周囲を見てバランスを取る人,少し引っ込み思案で少しせっかちな面があり、探求心がある性格,仲間思いで超現実主義
少内向,少即決,少挑戦,仲間派,現実,調整役,周囲を見てバランスを取る人,少し引っ込み思案で少しせっかちな面があり、探求心がある性格,仲間思いで現実主義
少内向,少即決,少挑戦,仲間派,少現実,調整役,周囲を見てバランスを取る人,少し引っ込み思案で少しせっかちな面があり、探求心がある性格,仲間思いで現実的な側面を考慮する
少内向,少即決,少挑戦,仲間派,少理想,調整役,周囲を見てバランスを取る人,少し引っ込み思案で少しせっかちな面があり、探求心がある性格,仲間思いで夢見がち
少内向,少即決,少挑戦,仲間派,理想,調整役,周囲を見てバランスを取る人,少し引っ込み思案で少しせっかちな面があり、探求心がある性格,仲間思いで理想的
少内向,少即決,少挑戦,仲間派,超理想,調整役,周囲を見てバランスを取る人,少し引っ込み思案で少しせっかちな面があり、探求心がある性格,仲間思いで地に足がついていない
少内向,少即決,少挑戦,超仲間,超現実,調整役,周囲を見てバランスを取る人,少し引っ込み思案で少しせっかちな面があり、探求心がある性格,自己犠牲精神で超現実主義
少内向,少即決,少挑戦,超仲間,現実,調整役,周囲を見てバランスを取る人,少し引っ込み思案で少しせっかちな面があり、探求心がある性格,自己犠牲精神で現実主義
少内向,少即決,少挑戦,超仲間,少現実,調整役,周囲を見てバランスを取る人,少し引っ込み思案で少しせっかちな面があり、探求心がある性格,自己犠牲精神で現実的な側面を考慮する
少内向,少即決,少挑戦,超仲間,少理想,調整役,周囲を見てバランスを取る人,少し引っ込み思案で少しせっかちな面があり、探求心がある性格,自己犠牲精神で夢見がち
少内向,少即決,少挑戦,超仲間,理想,調整役,周囲を見てバランスを取る人,少し引っ込み思案で少しせっかちな面があり、探求心がある性格,自己犠牲精神で理想的
少内向,少即決,少挑戦,超仲間,超理想,調整役,周囲を見てバランスを取る人,少し引っ込み思案で少しせっかちな面があり、探求心がある性格,自己犠牲精神で地に足がついていない
少内向,少即決,挑戦,孤高,超現実,孤高の戦士,誰にも頼らず突き進む,少し引っ込み思案で少しせっかちな面があり、挑戦的な性格,孤高の存在で超現実主義
少内向,少即決,挑戦,孤高,現実,孤高の戦士,誰にも頼らず突き進む,少し引っ込み思案で少しせっかちな面があり、挑戦的な性格,孤高の存在で現実主義
少内向,少即決,挑戦,孤高,少現実,調整役,周囲を見てバランスを取る人,少し引っ込み思案で少しせっかちな面があり、挑戦的な性格,孤高の存在で現実的な側面を考慮する
少内向,少即決,挑戦,孤高,少理想,調整役,周囲を見てバランスを取る人,少し引っ込み思案で少しせっかちな面があり、挑戦的な性格,孤高の存在で夢見がち
少内向,少即決,挑戦,孤高,理想,調整役,周囲を見てバランスを取る人,少し引っ込み思案で少しせっかちな面があり、挑戦的な性格,孤高の存在で理想的
少内向,少即決,挑戦,孤高,超理想,調整役,周囲を見てバランスを取る人,少し引っ込み思案で少しせっかちな面があり、挑戦的な性格,孤高の存在で地に足がついていない
少内向,少即決,挑戦,一匹狼,超現実,孤高の戦士,誰にも頼らず突き進む,少し引っ込み思案で少しせっかちな面があり、挑戦的な性格,一匹狼で超現実主義
少内向,少即決,挑戦,一匹狼,現実,孤高の戦士,誰にも頼らず突き進む,少し引っ込み思案で少しせっかちな面があり、挑戦的な性格,一匹狼で現実主義
少内向,少即決,挑戦,一匹狼,少現実,調整役,周囲を見てバランスを取る人,少し引っ込み思案で少しせっかちな面があり、挑戦的な性格,一匹狼で現実的な側面を考慮する
少内向,少即決,挑戦,一匹狼,少理想,調整役,周囲を見てバランスを取る人,少し引っ込み思案で少しせっかちな面があり、挑戦的な性格,一匹狼で夢見がち
少内向,少即決,挑戦,一匹狼,理想,調整役,周囲を見てバランスを取る人,少し引っ込み思案で少しせっかちな面があり、挑戦的な性格,一匹狼で理想的
少内向,少即決,挑戦,一匹狼,超理想,調整役,周囲を見てバランスを取る人,少し引っ込み思案で少しせっかちな面があり、挑戦的な性格,一匹狼で地に足がついていない
少内向,少即決,挑戦,少孤独,超現実,調整役,周囲を見てバランスを取る人,少し引っ込み思案で少しせっかちな面があり、挑戦的な性格,自由主義で超現実主義
少内向,少即決,挑戦,少孤独,現実,調整役,周囲を見てバランスを取る人,少し引っ込み思案で少しせっかちな面があり、挑戦的な性格,自由主義で現実主義
少内向,少即決,挑戦,少孤独,少現実,調整役,周囲を見てバランスを取る人,少し引っ込み思案で少しせっかちな面があり、挑戦的な性格,自由主義で現実的な側面を考慮する
少内向,少即決,挑戦,少孤独,少理想,調整役,周囲を見てバランスを取る人,少し引っ込み思案で少しせっかちな面があり、挑戦的な性格,自由主義で夢見がち
少内向,少即決,挑戦,少孤独,理想,調整役,周囲を見てバランスを取る人,少し引っ込み思案で少しせっかちな面があり、挑戦的な性格,自由主義で理想的
少内向,少即決,挑戦,少孤独,超理想,調整役,周囲を見てバランスを取る人,少し引っ込み思案で少しせっかちな面があり、挑戦的な性格,自由主義で地に足がついていない
少内向,少即決,挑戦,少仲間,超現実,調整役,周囲を見てバランスを取る人,少し引っ込み思案で少しせっかちな面があり、挑戦的な性格,温厚で超現実主義
少内向,少即決,挑戦,少仲間,現実,調整役,周囲を見てバランスを取る人,少し引っ込み思案で少しせっかちな面があり、挑戦的な性格,温厚で現実主義
少内向,少即決,挑戦,少仲間,少現実,調整役,周囲を見てバランスを取る人,少し引っ込み思案で少しせっかちな面があり、挑戦的な性格,温厚で現実的な側面を考慮する
少内向,少即決,挑戦,少仲間,少理想,調整役,周囲を見てバランスを取る人,少し引っ込み思案で少しせっかちな面があり、挑戦的な性格,温厚で夢見がち
少内向,少即決,挑戦,少仲間,理想,調整役,周囲を見てバランスを取る人,少し引っ込み思案で少しせっかちな面があり、挑戦的な性格,温厚で理想的
少内向,少即決,挑戦,少仲間,超理想,調整役,周囲を見てバランスを取る人,少し引っ込み思案で少しせっかちな面があり、挑戦的な性格,温厚で地に足がついていない
少内向,少即決,挑戦,仲間派,超現実,調整役,周囲を見てバランスを取る人,少し引っ込み思案で少しせっかちな面があり、挑戦的な性格,仲間思いで超現実主義
少内向,少即決,挑戦,仲間派,現実,調整役,周囲を見てバランスを取る人,少し引っ込み思案で少しせっかちな面があり、挑戦的な性格,仲間思いで現実主義
少内向,少即決,挑戦,仲間派,少現実,調整役,周囲を見てバランスを取る人,少し引っ込み思案で少しせっかちな面があり、挑戦的な性格,仲間思いで現実的な側面を考慮する
少内向,少即決,挑戦,仲間派,少理想,調整役,周囲を見てバランスを取る人,少し引っ込み思案で少しせっかちな面があり、挑戦的な性格,仲間思いで夢見がち
少内向,少即決,挑戦,仲間派,理想,挑戦家,理想を掲げ挑戦を恐れない,少し引っ込み思案で少しせっかちな面があり、挑戦的な性格,仲間思いで理想的
少内向,少即決,挑戦,仲間派,超理想,挑戦家,理想を掲げ挑戦を恐れない,少し引っ込み思案で少しせっかちな面があり、挑戦的な性格,仲間思いで地に足がついていない
少内向,少即決,挑戦,超仲間,超現実,調整役,周囲を見てバランスを取る人,少し引っ込み思案で少しせっかちな面があり、挑戦的な性格,自己犠牲精神で超現実主義
少内向,少即決,挑戦,超仲間,現実,調整役,周囲を見てバランスを取る人,少し引っ込み思案で少しせっかちな面があり、挑戦的な性格,自己犠牲精神で現実主義
少内向,少即決,挑戦,超仲間,少現実,調整役,周囲を見てバランスを取る人,少し引っ込み思案で少しせっかちな面があり、挑戦的な性格,自己犠牲精神で現実的な側面を考慮する
少内向,少即決,挑戦,超仲間,少理想,調整役,周囲を見てバランスを取る人,少し引っ込み思案で少しせっかちな面があり、挑戦的な性格,自己犠牲精神で夢見がち
少内向,少即決,挑戦,超仲間,理想,挑戦家,理想を掲げ挑戦を恐れない,少し引っ込み思案で少しせっかちな面があり、挑戦的な性格,自己犠牲精神で理想的
少内向,少即決,挑戦,超仲間,超理想,挑戦家,理想を掲げ挑戦を恐れない,少し引っ込み思案で少しせっかちな面があり、挑戦的な性格,自己犠牲精神で地に足がついていない
少内向,少即決,超挑戦,孤高,超現実,孤高の戦士,誰にも頼らず突き進む,少し引っ込み思案で少しせっかちな面があり、果敢な性格,孤高の存在で超現実主義
少内向,少即決,超挑戦,孤高,現実,孤高の戦士,誰にも頼らず突き進む,少し引っ込み思案で少しせっかちな面があり、果敢な性格,孤高の存在で現実主義
少内向,少即決,超挑戦,孤高,少現実,調整役,周囲を見てバランスを取る人,少し引っ込み思案で少しせっかちな面があり、果敢な性格,孤高の存在で現実的な側面を考慮する
少内向,少即決,超挑戦,孤高,少理想,調整役,周囲を見てバランスを取る人,少し引っ込み思案で少しせっかちな面があり、果敢な性格,孤高の存在で夢見がち
少内向,少即決,超挑戦,孤高,理想,調整役,周囲を見てバランスを取る人,少し引っ込み思案で少しせっかちな面があり、果敢な性格,孤高の存在で理想的
少内向,少即決,超挑戦,孤高,超理想,調整役,周囲を見てバランスを取る人,少し引っ込み思案で少しせっかちな面があり、果敢な性格,孤高の存在で地に足がついていない
少内向,少即決,超挑戦,一匹狼,超現実,孤高の戦士,誰にも頼らず突き進む,少し引っ込み思案で少しせっかちな面があり、果敢な性格,一匹狼で超現実主義
少内向,少即決,超挑戦,一匹狼,現実,孤高の戦士,誰にも頼らず突き進む,少し引っ込み思案で少しせっかちな面があり、果敢な性格,一匹狼で現実主義
少内向,少即決,超挑戦,一匹狼,少現実,調整役,周囲を見てバランスを取る人,少し引っ込み思案で少しせっかちな面があり、果敢な性格,一匹狼で現実的な側面を考慮する
少内向,少即決,超挑戦,一匹狼,少理想,調整役,周囲を見てバランスを取る人,少し引っ込み思案で少しせっかちな面があり、果敢な性格,一匹狼で夢見がち
少内向,少即決,超挑戦,一匹狼,理想,調整役,周囲を見てバランスを取る人,少し引っ込み思案で少しせっかちな面があり、果敢な性格,一匹狼で理想的
少内向,少即決,超挑戦,一匹狼,超理想,調整役,周囲を見てバランスを取る人,少し引っ込み思案で少しせっかちな面があり、果敢な性格,一匹狼で地に足がついていない
少内向,少即決,超挑戦,少孤独,超現実,調整役,周囲を見てバランスを取る人,少し引っ込み思案で少しせっかちな面があり、果敢な性格,自由主義で超現実主義
少内向,少即決,超挑戦,少孤独,現実,調整役,周囲を見てバランスを取る人,少し引っ込み思案で少しせっかちな面があり、果敢な性格,自由主義で現実主義
少内向,少即決,超挑戦,少孤独,少現実,調整役,周囲を見てバランスを取る人,少し引っ込み思案で少しせっかちな面があり、果敢な性格,自由主義で現実的な側面を考慮する
少内向,少即決,超挑戦,少孤独,少理想,調整役,周囲を見てバランスを取る人,少し引っ込み思案で少しせっかちな面があり、果敢な性格,自由主義で夢見がち
少内向,少即決,超挑戦,少孤独,理想,調整役,周囲を見てバランスを取る人,少し引っ込み思案で少しせっかちな面があり、果敢な性格,自由主義で理想的
少内向,少即決,超挑戦,少孤独,超理想,調整役,周囲を見てバランスを取る人,少し引っ込み思案で少しせっかちな面があり、果敢な性格,自由主義で地に足がついていない
少内向,少即決,超挑戦,少仲間,超現実,調整役,周囲を見てバランスを取る人,少し引っ込み思案で少しせっかちな面があり、果敢な性格,温厚で超現実主義
少内向,少即決,超挑戦,少仲間,現実,調整役,周囲を見てバランスを取る人,少し引っ込み思案で少しせっかちな面があり、果敢な性格,温厚で現実主義
少内向,少即決,超挑戦,少仲間,少現実,調整役,周囲を見てバランスを取る人,少し引っ込み思案で少しせっかちな面があり、果敢な性格,温厚で現実的な側面を考慮する
少内向,少即決,超挑戦,少仲間,少理想,調整役,周囲を見てバランスを取る人,少し引っ込み思案で少しせっかちな面があり、果敢な性格,温厚で夢見がち
少内向,少即決,超挑戦,少仲間,理想,調整役,周囲を見てバランスを取る人,少し引っ込み思案で少しせっかちな面があり、果敢な性格,温厚で理想的
少内向,少即決,超挑戦,少仲間,超理想,調整役,周囲を見てバランスを取る人,少し引っ込み思案で少しせっかちな面があり、果敢な性格,温厚で地に足がついていない
少内向,少即決,超挑戦,仲間派,超現実,調整役,周囲を見てバランスを取る人,少し引っ込み思案で少しせっかちな面があり、果敢な性格,仲間思いで超現実主義
少内向,少即決,超挑戦,仲間派,現実,調整役,周囲を見てバランスを取る人,少し引っ込み思案で少しせっかちな面があり、果敢な性格,仲間思いで現実主義
少内向,少即決,超挑戦,仲間派,少現実,調整役,周囲を見てバランスを取る人,少し引っ込み思案で少しせっかちな面があり、果敢な性格,仲間思いで現実的な側面を考慮する
少内向,少即決,超挑戦,仲間派,少理想,調整役,周囲を見てバランスを取る人,少し引っ込み思案で少しせっかちな面があり、果敢な性格,仲間思いで夢見がち
少内向,少即決,超挑戦,仲間派,理想,挑戦家,理想を掲げ挑戦を恐れない,少し引っ込み思案で少しせっかちな面があり、果敢な性格,仲間思いで理想的
少内向,少即決,超挑戦,仲間派,超理想,挑戦家,理想を掲げ挑戦を恐れない,少し引っ込み思案で少しせっかちな面があり、果敢な性格,仲間思いで地に足がついていない
少内向,少即決,超挑戦,超仲間,超現実,調整役,周囲を見てバランスを取る人,少し引っ込み思案で少しせっかちな面があり、果敢な性格,自己犠牲精神で超現実主義
少内向,少即決,超挑戦,超仲間,現実,調整役,周囲を見てバランスを取る人,少し引っ込み思案で少しせっかちな面があり、果敢な性格,自己犠牲精神で現実主義
少内向,少即決,超挑戦,超仲間,少現実,調整役,周囲を見てバランスを取る人,少し引っ込み思案で少しせっかちな面があり、果敢な性格,自己犠牲精神で現実的な側面を考慮する
少内向,少即決,超挑戦,超仲間,少理想,調整役,周囲を見てバランスを取る人,少し引っ込み思案で少しせっかちな面があり、果敢な性格,自己犠牲精神で夢見がち
少内向,少即決,超挑戦,超仲間,理想,挑戦家,理想を掲げ挑戦を恐れない,少し引っ込み思案で少しせっかちな面があり、果敢な性格,自己犠牲精神で理想的
少内向,少即決,超挑戦,超仲間,超理想,挑戦家,理想を掲げ挑戦を恐れない,少し引っ込み思案で少しせっかちな面があり、果敢な性格,自己犠牲精神で地に足がついていない
少内向,即決,超回避,孤高,超現実,暴走隊長,突っ走る孤高タイプ,少し引っ込み思案で直感に従う、対立を徹底的に避ける性格,孤高の存在で超現実主義
少内向,即決,超回避,孤高,現実,暴走隊長,突っ走る孤高タイプ,少し引っ込み思案で直感に従う、対立を徹底的に避ける性格,孤高の存在で現実主義
少内向,即決,超回避,孤高,少現実,暴走隊長,突っ走る孤高タイプ,少し引っ込み思案で直感に従う、対立を徹底的に避ける性格,孤高の存在で現実的な側面を考慮する
少内向,即決,超回避,孤高,少理想,暴走隊長,突っ走る孤高タイプ,少し引っ込み思案で直感に従う、対立を徹底的に避ける性格,孤高の存在で夢見がち
少内向,即決,超回避,孤高,理想,暴走隊長,突っ走る孤高タイプ,少し引っ込み思案で直感に従う、対立を徹底的に避ける性格,孤高の存在で理想的
少内向,即決,超回避,孤高,超理想,暴走隊長,突っ走る孤高タイプ,少し引っ込み思案で直感に従う、対立を徹底的に避ける性格,孤高の存在で地に足がついていない
少内向,即決,超回避,一匹狼,超現実,暴走隊長,突っ走る孤高タイプ,少し引っ込み思案で直感に従う、対立を徹底的に避ける性格,一匹狼で超現実主義
少内向,即決,超回避,一匹狼,現実,暴走隊長,突っ走る孤高タイプ,少し引っ込み思案で直感に従う、対立を徹底的に避ける性格,一匹狼で現実主義
少内向,即決,超回避,一匹狼,少現実,暴走隊長,突っ走る孤高タイプ,少し引っ込み思案で直感に従う、対立を徹底的に避ける性格,一匹狼で現実的な側面を考慮する
少内向,即決,超回避,一匹狼,少理想,暴走隊長,突っ走る孤高タイプ,少し引っ込み思案で直感に従う、対立を徹底的に避ける性格,一匹狼で夢見がち
少内向,即決,超回避,一匹狼,理想,暴走隊長,突っ走る孤高タイプ,少し引っ込み思案で直感に従う、対立を徹底的に避ける性格,一匹狼で理想的
少内向,即決,超回避,一匹狼,超理想,暴走隊長,突っ走る孤高タイプ,少し引っ込み思案で直感に従う、対立を徹底的に避ける性格,一匹狼で地に足がついていない
少内向,即決,超回避,少孤独,超現実,調整役,周囲を見てバランスを取る人,少し引っ込み思案で直感に従う、対立を徹底的に避ける性格,自由主義で超現実主義
少内向,即決,超回避,少孤独,現実,調整役,周囲を見てバランスを取る人,少し引っ込み思案で直感に従う、対立を徹底的に避ける性格,自由主義で現実主義
少内向,即決,超回避,少孤独,少現実,調整役,周囲を見てバランスを取る人,少し引っ込み思案で直感に従う、対立を徹底的に避ける性格,自由主義で現実的な側面を考慮する
少内向,即決,超回避,少孤独,少理想,調整役,周囲を見てバランスを取る人,少し引っ込み思案で直感に従う、対立を徹底的に避ける性格,自由主義で夢見がち
少内向,即決,超回避,少孤独,理想,調整役,周囲を見てバランスを取る人,少し引っ込み思案で直感に従う、対立を徹底的に避ける性格,自由主義で理想的
少内向,即決,超回避,少孤独,超理想,調整役,周囲を見てバランスを取る人,少し引っ込み思案で直感に従う、対立を徹底的に避ける性格,自由主義で地に足がついていない
少内向,即決,超回避,少仲間,超現実,調整役,周囲を見てバランスを取る人,少し引っ込み思案で直感に従う、対立を徹底的に避ける性格,温厚で超現実主義
少内向,即決,超回避,少仲間,現実,調整役,周囲を見てバランスを取る人,少し引っ込み思案で直感に従う、対立を徹底的に避ける性格,温厚で現実主義
少内向,即決,超回避,少仲間,少現実,調整役,周囲を見てバランスを取る人,少し引っ込み思案で直感に従う、対立を徹底的に避ける性格,温厚で現実的な側面を考慮する
少内向,即決,超回避,少仲間,少理想,調整役,周囲を見てバランスを取る人,少し引っ込み思案で直感に従う、対立を徹底的に避ける性格,温厚で夢見がち
少内向,即決,超回避,少仲間,理想,調整役,周囲を見てバランスを取る人,少し引っ込み思案で直感に従う、対立を徹底的に避ける性格,温厚で理想的
少内向,即決,超回避,少仲間,超理想,調整役,周囲を見てバランスを取る人,少し引っ込み思案で直感に従う、対立を徹底的に避ける性格,温厚で地に足がついていない
少内向,即決,超回避,仲間派,超現実,守護者,仲間を守る頼れる存在,少し引っ込み思案で直感に従う、対立を徹底的に避ける性格,仲間思いで超現実主義
少内向,即決,超回避,仲間派,現実,守護者,仲間を守る頼れる存在,少し引っ込み思案で直感に従う、対立を徹底的に避ける性格,仲間思いで現実主義
少内向,即決,超回避,仲間派,少現実,守護者,仲間を守る頼れる存在,少し引っ込み思案で直感に従う、対立を徹底的に避ける性格,仲間思いで現実的な側面を考慮する
少内向,即決,超回避,仲間派,少理想,守護者,仲間を守る頼れる存在,少し引っ込み思案で直感に従う、対立を徹底的に避ける性格,仲間思いで夢見がち
少内向,即決,超回避,仲間派,理想,守護者,仲間を守る頼れる存在,少し引っ込み思案で直感に従う、対立を徹底的に避ける性格,仲間思いで理想的
少内向,即決,超回避,仲間派,超理想,守護者,仲間を守る頼れる存在,少し引っ込み思案で直感に従う、対立を徹底的に避ける性格,仲間思いで地に足がついていない
少内向,即決,超回避,超仲間,超現実,守護者,仲間を守る頼れる存在,少し引っ込み思案で直感に従う、対立を徹底的に避ける性格,自己犠牲精神で超現実主義
少内向,即決,超回避,超仲間,現実,守護者,仲間を守る頼れる存在,少し引っ込み思案で直感に従う、対立を徹底的に避ける性格,自己犠牲精神で現実主義
少内向,即決,超回避,超仲間,少現実,守護者,仲間を守る頼れる存在,少し引っ込み思案で直感に従う、対立を徹底的に避ける性格,自己犠牲精神で現実的な側面を考慮する
少内向,即決,超回避,超仲間,少理想,守護者,仲間を守る頼れる存在,少し引っ込み思案で直感に従う、対立を徹底的に避ける性格,自己犠牲精神で夢見がち
少内向,即決,超回避,超仲間,理想,守護者,仲間を守る頼れる存在,少し引っ込み思案で直感に従う、対立を徹底的に避ける性格,自己犠牲精神で理想的
少内向,即決,超回避,超仲間,超理想,守護者,仲間を守る頼れる存在,少し引っ込み思案で直感に従う、対立を徹底的に避ける性格,自己犠牲精神で地に足がついていない
少内向,即決,回避,孤高,超現実,暴走隊長,突っ走る孤高タイプ,少し引っ込み思案で直感に従う、直接的な対応を好まない性格,孤高の存在で超現実主義
少内向,即決,回避,孤高,現実,暴走隊長,突っ走る孤高タイプ,少し引っ込み思案で直感に従う、直接的な対応を好まない性格,孤高の存在で現実主義
少内向,即決,回避,孤高,少現実,暴走隊長,突っ走る孤高タイプ,少し引っ込み思案で直感に従う、直接的な対応を好まない性格,孤高の存在で現実的な側面を考慮する
少内向,即決,回避,孤高,少理想,暴走隊長,突っ走る孤高タイプ,少し引っ込み思案で直感に従う、直接的な対応を好まない性格,孤高の存在で夢見がち
少内向,即決,回避,孤高,理想,暴走隊長,突っ走る孤高タイプ,少し引っ込み思案で直感に従う、直接的な対応を好まない性格,孤高の存在で理想的
少内向,即決,回避,孤高,超理想,暴走隊長,突っ走る孤高タイプ,少し引っ込み思案で直感に従う、直接的な対応を好まない性格,孤高の存在で地に足がついていない
少内向,即決,回避,一匹狼,超現実,暴走隊長,突っ走る孤高タイプ,少し引っ込み思案で直感に従う、直接的な対応を好まない性格,一匹狼で超現実主義
少内向,即決,回避,一匹狼,現実,暴走隊長,突っ走る孤高タイプ,少し引っ込み思案で直感に従う、直接的な対応を好まない性格,一匹狼で現実主義
少内向,即決,回避,一匹狼,少現実,暴走隊長,突っ走る孤高タイプ,少し引っ込み思案で直感に従う、直接的な対応を好まない性格,一匹狼で現実的な側面を考慮する
少内向,即決,回避,一匹狼,少理想,暴走隊長,突っ走る孤高タイプ,少し引っ込み思案で直感に従う、直接的な対応を好まない性格,一匹狼で夢見がち
少内向,即決,回避,一匹狼,理想,暴走隊長,突っ走る孤高タイプ,少し引っ込み思案で直感に従う、直接的な対応を好まない性格,一匹狼で理想的
少内向,即決,回避,一匹狼,超理想,暴走隊長,突っ走る孤高タイプ,少し引っ込み思案で直感に従う、直接的な対応を好まない性格,一匹狼で地に足がついていない
少内向,即決,回避,少孤独,超現実,調整役,周囲を見てバランスを取る人,少し引っ込み思案で直感に従う、直接的な対応を好まない性格,自由主義で超現実主義
少内向,即決,回避,少孤独,現実,調整役,周囲を見てバランスを取る人,少し引っ込み思案で直感に従う、直接的な対応を好まない性格,自由主義で現実主義
少内向,即決,回避,少孤独,少現実,調整役,周囲を見てバランスを取る人,少し引っ込み思案で直感に従う、直接的な対応を好まない性格,自由主義で現実的な側面を考慮する
少内向,即決,回避,少孤独,少理想,調整役,周囲を見てバランスを取る人,少し引っ込み思案で直感に従う、直接的な対応を好まない性格,自由主義で夢見がち
少内向,即決,回避,少孤独,理想,調整役,周囲を見てバランスを取る人,少し引っ込み思案で直感に従う、直接的な対応を好まない性格,自由主義で理想的
少内向,即決,回避,少孤独,超理想,調整役,周囲を見てバランスを取る人,少し引っ込み思案で直感に従う、直接的な対応を好まない性格,自由主義で地に足がついていない
少内向,即決,回避,少仲間,超現実,調整役,周囲を見てバランスを取る人,少し引っ込み思案で直感に従う、直接的な対応を好まない性格,温厚で超現実主義
少内向,即決,回避,少仲間,現実,調整役,周囲を見てバランスを取る人,少し引っ込み思案で直感に従う、直接的な対応を好まない性格,温厚で現実主義
少内向,即決,回避,少仲間,少現実,調整役,周囲を見てバランスを取る人,少し引っ込み思案で直感に従う、直接的な対応を好まない性格,温厚で現実的な側面を考慮する
少内向,即決,回避,少仲間,少理想,調整役,周囲を見てバランスを取る人,少し引っ込み思案で直感に従う、直接的な対応を好まない性格,温厚で夢見がち
少内向,即決,回避,少仲間,理想,調整役,周囲を見てバランスを取る人,少し引っ込み思案で直感に従う、直接的な対応を好まない性格,温厚で理想的
少内向,即決,回避,少仲間,超理想,調整役,周囲を見てバランスを取る人,少し引っ込み思案で直感に従う、直接的な対応を好まない性格,温厚で地に足がついていない
少内向,即決,回避,仲間派,超現実,守護者,仲間を守る頼れる存在,少し引っ込み思案で直感に従う、直接的な対応を好まない性格,仲間思いで超現実主義
少内向,即決,回避,仲間派,現実,守護者,仲間を守る頼れる存在,少し引っ込み思案で直感に従う、直接的な対応を好まない性格,仲間思いで現実主義
少内向,即決,回避,仲間派,少現実,守護者,仲間を守る頼れる存在,少し引っ込み思案で直感に従う、直接的な対応を好まない性格,仲間思いで現実的な側面を考慮する
少内向,即決,回避,仲間派,少理想,守護者,仲間を守る頼れる存在,少し引っ込み思案で直感に従う、直接的な対応を好まない性格,仲間思いで夢見がち
少内向,即決,回避,仲間派,理想,守護者,仲間を守る頼れる存在,少し引っ込み思案で直感に従う、直接的な対応を好まない性格,仲間思いで理想的
少内向,即決,回避,仲間派,超理想,守護者,仲間を守る頼れる存在,少し引っ込み思案で直感に従う、直接的な対応を好まない性格,仲間思いで地に足がついていない
少内向,即決,回避,超仲間,超現実,守護者,仲間を守る頼れる存在,少し引っ込み思案で直感に従う、直接的な対応を好まない性格,自己犠牲精神で超現実主義
少内向,即決,回避,超仲間,現実,守護者,仲間を守る頼れる存在,少し引っ込み思案で直感に従う、直接的な対応を好まない性格,自己犠牲精神で現実主義
少内向,即決,回避,超仲間,少現実,守護者,仲間を守る頼れる存在,少し引っ込み思案で直感に従う、直接的な対応を好まない性格,自己犠牲精神で現実的な側面を考慮する
少内向,即決,回避,超仲間,少理想,守護者,仲間を守る頼れる存在,少し引っ込み思案で直感に従う、直接的な対応を好まない性格,自己犠牲精神で夢見がち
少内向,即決,回避,超仲間,理想,守護者,仲間を守る頼れる存在,少し引っ込み思案で直感に従う、直接的な対応を好まない性格,自己犠牲精神で理想的
少内向,即決,回避,超仲間,超理想,守護者,仲間を守る頼れる存在,少し引っ込み思案で直感に従う、直接的な対応を好まない性格,自己犠牲精神で地に足がついていない
少内向,即決,少回避,孤高,超現実,暴走隊長,突っ走る孤高タイプ,少し引っ込み思案で直感に従う、争いごとを好まない性格,孤高の存在で超現実主義
少内向,即決,少回避,孤高,現実,暴走隊長,突っ走る孤高タイプ,少し引っ込み思案で直感に従う、争いごとを好まない性格,孤高の存在で現実主義
少内向,即決,少回避,孤高,少現実,暴走隊長,突っ走る孤高タイプ,少し引っ込み思案で直感に従う、争いごとを好まない性格,孤高の存在で現実的な側面を考慮する
少内向,即決,少回避,孤高,少理想,暴走隊長,突っ走る孤高タイプ,少し引っ込み思案で直感に従う、争いごとを好まない性格,孤高の存在で夢見がち
少内向,即決,少回避,孤高,理想,暴走隊長,突っ走る孤高タイプ,少し引っ込み思案で直感に従う、争いごとを好まない性格,孤高の存在で理想的
少内向,即決,少回避,孤高,超理想,暴走隊長,突っ走る孤高タイプ,少し引っ込み思案で直感に従う、争いごとを好まない性格,孤高の存在で地に足がついていない
少内向,即決,少回避,一匹狼,超現実,暴走隊長,突っ走る孤高タイプ,少し引っ込み思案で直感に従う、争いごとを好まない性格,一匹狼で超現実主義
少内向,即決,少回避,一匹狼,現実,暴走隊長,突っ走る孤高タイプ,少し引っ込み思案で直感に従う、争いごとを好まない性格,一匹狼で現実主義
少内向,即決,少回避,一匹狼,少現実,暴走隊長,突っ走る孤高タイプ,少し引っ込み思案で直感に従う、争いごとを好まない性格,一匹狼で現実的な側面を考慮する
少内向,即決,少回避,一匹狼,少理想,暴走隊長,突っ走る孤高タイプ,少し引っ込み思案で直感に従う、争いごとを好まない性格,一匹狼で夢見がち
少内向,即決,少回避,一匹狼,理想,暴走隊長,突っ走る孤高タイプ,少し引っ込み思案で直感に従う、争いごとを好まない性格,一匹狼で理想的
少内向,即決,少回避,一匹狼,超理想,暴走隊長,突っ走る孤高タイプ,少し引っ込み思案で直感に従う、争いごとを好まない性格,一匹狼で地に足がついていない
少内向,即決,少回避,少孤独,超現実,調整役,周囲を見てバランスを取る人,少し引っ込み思案で直感に従う、争いごとを好まない性格,自由主義で超現実主義
少内向,即決,少回避,少孤独,現実,調整役,周囲を見てバランスを取る人,少し引っ込み思案で直感に従う、争いごとを好まない性格,自由主義で現実主義
少内向,即決,少回避,少孤独,少現実,調整役,周囲を見てバランスを取る人,少し引っ込み思案で直感に従う、争いごとを好まない性格,自由主義で現実的な側面を考慮する
少内向,即決,少回避,少孤独,少理想,調整役,周囲を見てバランスを取る人,少し引っ込み思案で直感に従う、争いごとを好まない性格,自由主義で夢見がち
少内向,即決,少回避,少孤独,理想,調整役,周囲を見てバランスを取る人,少し引っ込み思案で直感に従う、争いごとを好まない性格,自由主義で理想的
少内向,即決,少回避,少孤独,超理想,調整役,周囲を見てバランスを取る人,少し引っ込み思案で直感に従う、争いごとを好まない性格,自由主義で地に足がついていない
少内向,即決,少回避,少仲間,超現実,調整役,周囲を見てバランスを取る人,少し引っ込み思案で直感に従う、争いごとを好まない性格,温厚で超現実主義
少内向,即決,少回避,少仲間,現実,調整役,周囲を見てバランスを取る人,少し引っ込み思案で直感に従う、争いごとを好まない性格,温厚で現実主義
少内向,即決,少回避,少仲間,少現実,調整役,周囲を見てバランスを取る人,少し引っ込み思案で直感に従う、争いごとを好まない性格,温厚で現実的な側面を考慮する
少内向,即決,少回避,少仲間,少理想,調整役,周囲を見てバランスを取る人,少し引っ込み思案で直感に従う、争いごとを好まない性格,温厚で夢見がち
少内向,即決,少回避,少仲間,理想,調整役,周囲を見てバランスを取る人,少し引っ込み思案で直感に従う、争いごとを好まない性格,温厚で理想的
少内向,即決,少回避,少仲間,超理想,調整役,周囲を見てバランスを取る人,少し引っ込み思案で直感に従う、争いごとを好まない性格,温厚で地に足がついていない
少内向,即決,少回避,仲間派,超現実,守護者,仲間を守る頼れる存在,少し引っ込み思案で直感に従う、争いごとを好まない性格,仲間思いで超現実主義
少内向,即決,少回避,仲間派,現実,守護者,仲間を守る頼れる存在,少し引っ込み思案で直感に従う、争いごとを好まない性格,仲間思いで現実主義
少内向,即決,少回避,仲間派,少現実,守護者,仲間を守る頼れる存在,少し引っ込み思案で直感に従う、争いごとを好まない性格,仲間思いで現実的な側面を考慮する
少内向,即決,少回避,仲間派,少理想,守護者,仲間を守る頼れる存在,少し引っ込み思案で直感に従う、争いごとを好まない性格,仲間思いで夢見がち
少内向,即決,少回避,仲間派,理想,守護者,仲間を守る頼れる存在,少し引っ込み思案で直感に従う、争いごとを好まない性格,仲間思いで理想的
少内向,即決,少回避,仲間派,超理想,守護者,仲間を守る頼れる存在,少し引っ込み思案で直感に従う、争いごとを好まない性格,仲間思いで地に足がついていない
少内向,即決,少回避,超仲間,超現実,守護者,仲間を守る頼れる存在,少し引っ込み思案で直感に従う、争いごとを好まない性格,自己犠牲精神で超現実主義
少内向,即決,少回避,超仲間,現実,守護者,仲間を守る頼れる存在,少し引っ込み思案で直感に従う、争いごとを好まない性格,自己犠牲精神で現実主義
少内向,即決,少回避,超仲間,少現実,守護者,仲間を守る頼れる存在,少し引っ込み思案で直感に従う、争いごとを好まない性格,自己犠牲精神で現実的な側面を考慮する
少内向,即決,少回避,超仲間,少理想,守護者,仲間を守る頼れる存在,少し引っ込み思案で直感に従う、争いごとを好まない性格,自己犠牲精神で夢見がち
少内向,即決,少回避,超仲間,理想,守護者,仲間を守る頼れる存在,少し引っ込み思案で直感に従う、争いごとを好まない性格,自己犠牲精神で理想的
少内向,即決,少回避,超仲間,超理想,守護者,仲間を守る頼れる存在,少し引っ込み思案で直感に従う、争いごとを好まない性格,自己犠牲精神で地に足がついていない
少内向,即決,少挑戦,孤高,超現実,暴走隊長,突っ走る孤高タイプ,少し引っ込み思案で直感に従う、探求心がある性格,孤高の存在で超現実主義
少内向,即決,少挑戦,孤高,現実,暴走隊長,突っ走る孤高タイプ,少し引っ込み思案で直感に従う、探求心がある性格,孤高の存在で現実主義
少内向,即決,少挑戦,孤高,少現実,暴走隊長,突っ走る孤高タイプ,少し引っ込み思案で直感に従う、探求心がある性格,孤高の存在で現実的な側面を考慮する
少内向,即決,少挑戦,孤高,少理想,暴走隊長,突っ走る孤高タイプ,少し引っ込み思案で直感に従う、探求心がある性格,孤高の存在で夢見がち
少内向,即決,少挑戦,孤高,理想,暴走隊長,突っ走る孤高タイプ,少し引っ込み思案で直感に従う、探求心がある性格,孤高の存在で理想的
少内向,即決,少挑戦,孤高,超理想,暴走隊長,突っ走る孤高タイプ,少し引っ込み思案で直感に従う、探求心がある性格,孤高の存在で地に足がついていない
少内向,即決,少挑戦,一匹狼,超現実,暴走隊長,突っ走る孤高タイプ,少し引っ込み思案で直感に従う、探求心がある性格,一匹狼で超現実主義
少内向,即決,少挑戦,一匹狼,現実,暴走隊長,突っ走る孤高タイプ,少し引っ込み思案で直感に従う、探求心がある性格,一匹狼で現実主義
少内向,即決,少挑戦,一匹狼,少現実,暴走隊長,突っ走る孤高タイプ,少し引っ込み思案で直感に従う、探求心がある性格,一匹狼で現実的な側面を考慮する
少内向,即決,少挑戦,一匹狼,少理想,暴走隊長,突っ走る孤高タイプ,少し引っ込み思案で直感に従う、探求心がある性格,一匹狼で夢見がち
少内向,即決,少挑戦,一匹狼,理想,暴走隊長,突っ走る孤高タイプ,少し引っ込み思案で直感に従う、探求心がある性格,一匹狼で理想的
少内向,即決,少挑戦,一匹狼,超理想,暴走隊長,突っ走る孤高タイプ,少し引っ込み思案で直感に従う、探求心がある性格,一匹狼で地に足がついていない
少内向,即決,少挑戦,少孤独,超現実,調整役,周囲を見てバランスを取る人,少し引っ込み思案で直感に従う、探求心がある性格,自由主義で超現実主義
少内向,即決,少挑戦,少孤独,現実,調整役,周囲を見てバランスを取る人,少し引っ込み思案で直感に従う、探求心がある性格,自由主義で現実主義
少内向,即決,少挑戦,少孤独,少現実,調整役,周囲を見てバランスを取る人,少し引っ込み思案で直感に従う、探求心がある性格,自由主義で現実的な側面を考慮する
少内向,即決,少挑戦,少孤独,少理想,調整役,周囲を見てバランスを取る人,少し引っ込み思案で直感に従う、探求心がある性格,自由主義で夢見がち
少内向,即決,少挑戦,少孤独,理想,調整役,周囲を見てバランスを取る人,少し引っ込み思案で直感に従う、探求心がある性格,自由主義で理想的
少内向,即決,少挑戦,少孤独,超理想,調整役,周囲を見てバランスを取る人,少し引っ込み思案で直感に従う、探求心がある性格,自由主義で地に足がついていない
少内向,即決,少挑戦,少仲間,超現実,調整役,周囲を見てバランスを取る人,少し引っ込み思案で直感に従う、探求心がある性格,温厚で超現実主義
少内向,即決,少挑戦,少仲間,現実,調整役,周囲を見てバランスを取る人,少し引っ込み思案で直感に従う、探求心がある性格,温厚で現実主義
少内向,即決,少挑戦,少仲間,少現実,調整役,周囲を見てバランスを取る人,少し引っ込み思案で直感に従う、探求心がある性格,温厚で現実的な側面を考慮する
少内向,即決,少挑戦,少仲間,少理想,調整役,周囲を見てバランスを取る人,少し引っ込み思案で直感に従う、探求心がある性格,温厚で夢見がち
少内向,即決,少挑戦,少仲間,理想,調整役,周囲を見てバランスを取る人,少し引っ込み思案で直感に従う、探求心がある性格,温厚で理想的
少内向,即決,少挑戦,少仲間,超理想,調整役,周囲を見てバランスを取る人,少し引っ込み思案で直感に従う、探求心がある性格,温厚で地に足がついていない
少内向,即決,少挑戦,仲間派,超現実,調整役,周囲を見てバランスを取る人,少し引っ込み思案で直感に従う、探求心がある性格,仲間思いで超現実主義
少内向,即決,少挑戦,仲間派,現実,調整役,周囲を見てバランスを取る人,少し引っ込み思案で直感に従う、探求心がある性格,仲間思いで現実主義
少内向,即決,少挑戦,仲間派,少現実,調整役,周囲を見てバランスを取る人,少し引っ込み思案で直感に従う、探求心がある性格,仲間思いで現実的な側面を考慮する
少内向,即決,少挑戦,仲間派,少理想,調整役,周囲を見てバランスを取る人,少し引っ込み思案で直感に従う、探求心がある性格,仲間思いで夢見がち
少内向,即決,少挑戦,仲間派,理想,調整役,周囲を見てバランスを取る人,少し引っ込み思案で直感に従う、探求心がある性格,仲間思いで理想的
少内向,即決,少挑戦,仲間派,超理想,調整役,周囲を見てバランスを取る人,少し引っ込み思案で直感に従う、探求心がある性格,仲間思いで地に足がついていない
少内向,即決,少挑戦,超仲間,超現実,調整役,周囲を見てバランスを取る人,少し引っ込み思案で直感に従う、探求心がある性格,自己犠牲精神で超現実主義
少内向,即決,少挑戦,超仲間,現実,調整役,周囲を見てバランスを取る人,少し引っ込み思案で直感に従う、探求心がある性格,自己犠牲精神で現実主義
少内向,即決,少挑戦,超仲間,少現実,調整役,周囲を見てバランスを取る人,少し引っ込み思案で直感に従う、探求心がある性格,自己犠牲精神で現実的な側面を考慮する
少内向,即決,少挑戦,超仲間,少理想,調整役,周囲を見てバランスを取る人,少し引っ込み思案で直感に従う、探求心がある性格,自己犠牲精神で夢見がち
少内向,即決,少挑戦,超仲間,理想,調整役,周囲を見てバランスを取る人,少し引っ込み思案で直感に従う、探求心がある性格,自己犠牲精神で理想的
少内向,即決,少挑戦,超仲間,超理想,調整役,周囲を見てバランスを取る人,少し引っ込み思案で直感に従う、探求心がある性格,自己犠牲精神で地に足がついていない
少内向,即決,挑戦,孤高,超現実,孤高の戦士,誰にも頼らず突き進む,少し引っ込み思案で直感に従う、挑戦的な性格,孤高の存在で超現実主義
少内向,即決,挑戦,孤高,現実,孤高の戦士,誰にも頼らず突き進む,少し引っ込み思案で直感に従う、挑戦的な性格,孤高の存在で現実主義
少内向,即決,挑戦,孤高,少現実,暴走隊長,突っ走る孤高タイプ,少し引っ込み思案で直感に従う、挑戦的な性格,孤高の存在で現実的な側面を考慮する
少内向,即決,挑戦,孤高,少理想,暴走隊長,突っ走る孤高タイプ,少し引っ込み思案で直感に従う、挑戦的な性格,孤高の存在で夢見がち
少内向,即決,挑戦,孤高,理想,暴走隊長,突っ走る孤高タイプ,少し引っ込み思案で直感に従う、挑戦的な性格,孤高の存在で理想的
少内向,即決,挑戦,孤高,超理想,暴走隊長,突っ走る孤高タイプ,少し引っ込み思案で直感に従う、挑戦的な性格,孤高の存在で地に足がついていない
少内向,即決,挑戦,一匹狼,超現実,孤高の戦士,誰にも頼らず突き進む,少し引っ込み思案で直感に従う、挑戦的な性格,一匹狼で超現実主義
少内向,即決,挑戦,一匹狼,現実,孤高の戦士,誰にも頼らず突き進む,少し引っ込み思案で直感に従う、挑戦的な性格,一匹狼で現実主義
少内向,即決,挑戦,一匹狼,少現実,暴走隊長,突っ走る孤高タイプ,少し引っ込み思案で直感に従う、挑戦的な性格,一匹狼で現実的な側面を考慮する
少内向,即決,挑戦,一匹狼,少理想,暴走隊長,突っ走る孤高タイプ,少し引っ込み思案で直感に従う、挑戦的な性格,一匹狼で夢見がち
少内向,即決,挑戦,一匹狼,理想,暴走隊長,突っ走る孤高タイプ,少し引っ込み思案で直感に従う、挑戦的な性格,一匹狼で理想的
少内向,即決,挑戦,一匹狼,超理想,暴走隊長,突っ走る孤高タイプ,少し引っ込み思案で直感に従う、挑戦的な性格,一匹狼で地に足がついていない
少内向,即決,挑戦,少孤独,超現実,調整役,周囲を見てバランスを取る人,少し引っ込み思案で直感に従う、挑戦的な性格,自由主義で超現実主義
少内向,即決,挑戦,少孤独,現実,調整役,周囲を見てバランスを取る人,少し引っ込み思案で直感に従う、挑戦的な性格,自由主義で現実主義
少内向,即決,挑戦,少孤独,少現実,調整役,周囲を見てバランスを取る人,少し引っ込み思案で直感に従う、挑戦的な性格,自由主義で現実的な側面を考慮する
少内向,即決,挑戦,少孤独,少理想,調整役,周囲を見てバランスを取る人,少し引っ込み思案で直感に従う、挑戦的な性格,自由主義で夢見がち
少内向,即決,挑戦,少孤独,理想,調整役,周囲を見てバランスを取る人,少し引っ込み思案で直感に従う、挑戦的な性格,自由主義で理想的
少内向,即決,挑戦,少孤独,超理想,調整役,周囲を見てバランスを取る人,少し引っ込み思案で直感に従う、挑戦的な性格,自由主義で地に足がついていない
少内向,即決,挑戦,少仲間,超現実,調整役,周囲を見てバランスを取る人,少し引っ込み思案で直感に従う、挑戦的な性格,温厚で超現実主義
少内向,即決,挑戦,少仲間,現実,調整役,周囲を見てバランスを取る人,少し引っ込み思案で直感に従う、挑戦的な性格,温厚で現実主義
少内向,即決,挑戦,少仲間,少現実,調整役,周囲を見てバランスを取る人,少し引っ込み思案で直感に従う、挑戦的な性格,温厚で現実的な側面を考慮する
少内向,即決,挑戦,少仲間,少理想,調整役,周囲を見てバランスを取る人,少し引っ込み思案で直感に従う、挑戦的な性格,温厚で夢見がち
少内向,即決,挑戦,少仲間,理想,調整役,周囲を見てバランスを取る人,少し引っ込み思案で直感に従う、挑戦的な性格,温厚で理想的
少内向,即決,挑戦,少仲間,超理想,調整役,周囲を見てバランスを取る人,少し引っ込み思案で直感に従う、挑戦的な性格,温厚で地に足がついていない
少内向,即決,挑戦,仲間派,超現実,調整役,周囲を見てバランスを取る人,少し引っ込み思案で直感に従う、挑戦的な性格,仲間思いで超現実主義
少内向,即決,挑戦,仲間派,現実,調整役,周囲を見てバランスを取る人,少し引っ込み思案で直感に従う、挑戦的な性格,仲間思いで現実主義
少内向,即決,挑戦,仲間派,少現実,調整役,周囲を見てバランスを取る人,少し引っ込み思案で直感に従う、挑戦的な性格,仲間思いで現実的な側面を考慮する
少内向,即決,挑戦,仲間派,少理想,調整役,周囲を見てバランスを取る人,少し引っ込み思案で直感に従う、挑戦的な性格,仲間思いで夢見がち
少内向,即決,挑戦,仲間派,理想,挑戦家,理想を掲げ挑戦を恐れない,少し引っ込み思案で直感に従う、挑戦的な性格,仲間思いで理想的
少内向,即決,挑戦,仲間派,超理想,挑戦家,理想を掲げ挑戦を恐れない,少し引っ込み思案で直感に従う、挑戦的な性格,仲間思いで地に足がついていない
少内向,即決,挑戦,超仲間,超現実,調整役,周囲を見てバランスを取る人,少し引っ込み思案で直感に従う、挑戦的な性格,自己犠牲精神で超現実主義
少内向,即決,挑戦,超仲間,現実,調整役,周囲を見てバランスを取る人,少し引っ込み思案で直感に従う、挑戦的な性格,自己犠牲精神で現実主義
少内向,即決,挑戦,超仲間,少現実,調整役,周囲を見てバランスを取る人,少し引っ込み思案で直感に従う、挑戦的な性格,自己犠牲精神で現実的な側面を考慮する
少内向,即決,挑戦,超仲間,少理想,調整役,周囲を見てバランスを取る人,少し引っ込み思案で直感に従う、挑戦的な性格,自己犠牲精神で夢見がち
少内向,即決,挑戦,超仲間,理想,挑戦家,理想を掲げ挑戦を恐れない,少し引っ込み思案で直感に従う、挑戦的な性格,自己犠牲精神で理想的
少内向,即決,挑戦,超仲間,超理想,挑戦家,理想を掲げ挑戦を恐れない,少し引っ込み思案で直感に従う、挑戦的な性格,自己犠牲精神で地に足がついていない
少内向,即決,超挑戦,孤高,超現実,孤高の戦士,誰にも頼らず突き進む,少し引っ込み思案で直感に従う、果敢な性格,孤高の存在で超現実主義
少内向,即決,超挑戦,孤高,現実,孤高の戦士,誰にも頼らず突き進む,少し引っ込み思案で直感に従う、果敢な性格,孤高の存在で現実主義
少内向,即決,超挑戦,孤高,少現実,暴走隊長,突っ走る孤高タイプ,少し引っ込み思案で直感に従う、果敢な性格,孤高の存在で現実的な側面を考慮する
少内向,即決,超挑戦,孤高,少理想,暴走隊長,突っ走る孤高タイプ,少し引っ込み思案で直感に従う、果敢な性格,孤高の存在で夢見がち
少内向,即決,超挑戦,孤高,理想,暴走隊長,突っ走る孤高タイプ,少し引っ込み思案で直感に従う、果敢な性格,孤高の存在で理想的
少内向,即決,超挑戦,孤高,超理想,暴走隊長,突っ走る孤高タイプ,少し引っ込み思案で直感に従う、果敢な性格,孤高の存在で地に足がついていない
少内向,即決,超挑戦,一匹狼,超現実,孤高の戦士,誰にも頼らず突き進む,少し引っ込み思案で直感に従う、果敢な性格,一匹狼で超現実主義
少内向,即決,超挑戦,一匹狼,現実,孤高の戦士,誰にも頼らず突き進む,少し引っ込み思案で直感に従う、果敢な性格,一匹狼で現実主義
少内向,即決,超挑戦,一匹狼,少現実,暴走隊長,突っ走る孤高タイプ,少し引っ込み思案で直感に従う、果敢な性格,一匹狼で現実的な側面を考慮する
少内向,即決,超挑戦,一匹狼,少理想,暴走隊長,突っ走る孤高タイプ,少し引っ込み思案で直感に従う、果敢な性格,一匹狼で夢見がち
少内向,即決,超挑戦,一匹狼,理想,暴走隊長,突っ走る孤高タイプ,少し引っ込み思案で直感に従う、果敢な性格,一匹狼で理想的
少内向,即決,超挑戦,一匹狼,超理想,暴走隊長,突っ走る孤高タイプ,少し引っ込み思案で直感に従う、果敢な性格,一匹狼で地に足がついていない
少内向,即決,超挑戦,少孤独,超現実,調整役,周囲を見てバランスを取る人,少し引っ込み思案で直感に従う、果敢な性格,自由主義で超現実主義
少内向,即決,超挑戦,少孤独,現実,調整役,周囲を見てバランスを取る人,少し引っ込み思案で直感に従う、果敢な性格,自由主義で現実主義
少内向,即決,超挑戦,少孤独,少現実,調整役,周囲を見てバランスを取る人,少し引っ込み思案で直感に従う、果敢な性格,自由主義で現実的な側面を考慮する
少内向,即決,超挑戦,少孤独,少理想,調整役,周囲を見てバランスを取る人,少し引っ込み思案で直感に従う、果敢な性格,自由主義で夢見がち
少内向,即決,超挑戦,少孤独,理想,調整役,周囲を見てバランスを取る人,少し引っ込み思案で直感に従う、果敢な性格,自由主義で理想的
少内向,即決,超挑戦,少孤独,超理想,調整役,周囲を見てバランスを取る人,少し引っ込み思案で直感に従う、果敢な性格,自由主義で地に足がついていない
少内向,即決,超挑戦,少仲間,超現実,調整役,周囲を見てバランスを取る人,少し引っ込み思案で直感に従う、果敢な性格,温厚で超現実主義
少内向,即決,超挑戦,少仲間,現実,調整役,周囲を見てバランスを取る人,少し引っ込み思案で直感に従う、果敢な性格,温厚で現実主義
少内向,即決,超挑戦,少仲間,少現実,調整役,周囲を見てバランスを取る人,少し引っ込み思案で直感に従う、果敢な性格,温厚で現実的な側面を考慮する
少内向,即決,超挑戦,少仲間,少理想,調整役,周囲を見てバランスを取る人,少し引っ込み思案で直感に従う、果敢な性格,温厚で夢見がち
少内向,即決,超挑戦,少仲間,理想,調整役,周囲を見てバランスを取る人,少し引っ込み思案で直感に従う、果敢な性格,温厚で理想的
少内向,即決,超挑戦,少仲間,超理想,調整役,周囲を見てバランスを取る人,少し引っ込み思案で直感に従う、果敢な性格,温厚で地に足がついていない
少内向,即決,超挑戦,仲間派,超現実,調整役,周囲を見てバランスを取る人,少し引っ込み思案で直感に従う、果敢な性格,仲間思いで超現実主義
少内向,即決,超挑戦,仲間派,現実,調整役,周囲を見てバランスを取る人,少し引っ込み思案で直感に従う、果敢な性格,仲間思いで現実主義
少内向,即決,超挑戦,仲間派,少現実,調整役,周囲を見てバランスを取る人,少し引っ込み思案で直感に従う、果敢な性格,仲間思いで現実的な側面を考慮する
少内向,即決,超挑戦,仲間派,少理想,調整役,周囲を見てバランスを取る人,少し引っ込み思案で直感に従う、果敢な性格,仲間思いで夢見がち
少内向,即決,超挑戦,仲間派,理想,挑戦家,理想を掲げ挑戦を恐れない,少し引っ込み思案で直感に従う、果敢な性格,仲間思いで理想的
少内向,即決,超挑戦,仲間派,超理想,挑戦家,理想を掲げ挑戦を恐れない,少し引っ込み思案で直感に従う、果敢な性格,仲間思いで地に足がついていない
少内向,即決,超挑戦,超仲間,超現実,調整役,周囲を見てバランスを取る人,少し引っ込み思案で直感に従う、果敢な性格,自己犠牲精神で超現実主義
少内向,即決,超挑戦,超仲間,現実,調整役,周囲を見てバランスを取る人,少し引っ込み思案で直感に従う、果敢な性格,自己犠牲精神で現実主義
少内向,即決,超挑戦,超仲間,少現実,調整役,周囲を見てバランスを取る人,少し引っ込み思案で直感に従う、果敢な性格,自己犠牲精神で現実的な側面を考慮する
少内向,即決,超挑戦,超仲間,少理想,調整役,周囲を見てバランスを取る人,少し引っ込み思案で直感に従う、果敢な性格,自己犠牲精神で夢見がち
少内向,即決,超挑戦,超仲間,理想,挑戦家,理想を掲げ挑戦を恐れない,少し引っ込み思案で直感に従う、果敢な性格,自己犠牲精神で理想的
少内向,即決,超挑戦,超仲間,超理想,挑戦家,理想を掲げ挑戦を恐れない,少し引っ込み思案で直感に従う、果敢な性格,自己犠牲精神で地に足がついていない
少内向,超即決,超回避,孤高,超現実,暴走隊長,突っ走る孤高タイプ,少し引っ込み思案で後先考えず、対立を徹底的に避ける性格,孤高の存在で超現実主義
少内向,超即決,超回避,孤高,現実,暴走隊長,突っ走る孤高タイプ,少し引っ込み思案で後先考えず、対立を徹底的に避ける性格,孤高の存在で現実主義
少内向,超即決,超回避,孤高,少現実,暴走隊長,突っ走る孤高タイプ,少し引っ込み思案で後先考えず、対立を徹底的に避ける性格,孤高の存在で現実的な側面を考慮する
少内向,超即決,超回避,孤高,少理想,暴走隊長,突っ走る孤高タイプ,少し引っ込み思案で後先考えず、対立を徹底的に避ける性格,孤高の存在で夢見がち
少内向,超即決,超回避,孤高,理想,暴走隊長,突っ走る孤高タイプ,少し引っ込み思案で後先考えず、対立を徹底的に避ける性格,孤高の存在で理想的
少内向,超即決,超回避,孤高,超理想,暴走隊長,突っ走る孤高タイプ,少し引っ込み思案で後先考えず、対立を徹底的に避ける性格,孤高の存在で地に足がついていない
少内向,超即決,超回避,一匹狼,超現実,暴走隊長,突っ走る孤高タイプ,少し引っ込み思案で後先考えず、対立を徹底的に避ける性格,一匹狼で超現実主義
少内向,超即決,超回避,一匹狼,現実,暴走隊長,突っ走る孤高タイプ,少し引っ込み思案で後先考えず、対立を徹底的に避ける性格,一匹狼で現実主義
少内向,超即決,超回避,一匹狼,少現実,暴走隊長,突っ走る孤高タイプ,少し引っ込み思案で後先考えず、対立を徹底的に避ける性格,一匹狼で現実的な側面を考慮する
少内向,超即決,超回避,一匹狼,少理想,暴走隊長,突っ走る孤高タイプ,少し引っ込み思案で後先考えず、対立を徹底的に避ける性格,一匹狼で夢見がち
少内向,超即決,超回避,一匹狼,理想,暴走隊長,突っ走る孤高タイプ,少し引っ込み思案で後先考えず、対立を徹底的に避ける性格,一匹狼で理想的
少内向,超即決,超回避,一匹狼,超理想,暴走隊長,突っ走る孤高タイプ,少し引っ込み思案で後先考えず、対立を徹底的に避ける性格,一匹狼で地に足がついていない
少内向,超即決,超回避,少孤独,超現実,調整役,周囲を見てバランスを取る人,少し引っ込み思案で後先考えず、対立を徹底的に避ける性格,自由主義で超現実主義
少内向,超即決,超回避,少孤独,現実,調整役,周囲を見てバランスを取る人,少し引っ込み思案で後先考えず、対立を徹底的に避ける性格,自由主義で現実主義
少内向,超即決,超回避,少孤独,少現実,調整役,周囲を見てバランスを取る人,少し引っ込み思案で後先考えず、対立を徹底的に避ける性格,自由主義で現実的な側面を考慮する
少内向,超即決,超回避,少孤独,少理想,調整役,周囲を見てバランスを取る人,少し引っ込み思案で後先考えず、対立を徹底的に避ける性格,自由主義で夢見がち
少内向,超即決,超回避,少孤独,理想,調整役,周囲を見てバランスを取る人,少し引っ込み思案で後先考えず、対立を徹底的に避ける性格,自由主義で理想的
少内向,超即決,超回避,少孤独,超理想,調整役,周囲を見てバランスを取る人,少し引っ込み思案で後先考えず、対立を徹底的に避ける性格,自由主義で地に足がついていない
少内向,超即決,超回避,少仲間,超現実,調整役,周囲を見てバランスを取る人,少し引っ込み思案で後先考えず、対立を徹底的に避ける性格,温厚で超現実主義
少内向,超即決,超回避,少仲間,現実,調整役,周囲を見てバランスを取る人,少し引っ込み思案で後先考えず、対立を徹底的に避ける性格,温厚で現実主義
少内向,超即決,超回避,少仲間,少現実,調整役,周囲を見てバランスを取る人,少し引っ込み思案で後先考えず、対立を徹底的に避ける性格,温厚で現実的な側面を考慮する
少内向,超即決,超回避,少仲間,少理想,調整役,周囲を見てバランスを取る人,少し引っ込み思案で後先考えず、対立を徹底的に避ける性格,温厚で夢見がち
少内向,超即決,超回避,少仲間,理想,調整役,周囲を見てバランスを取る人,少し引っ込み思案で後先考えず、対立を徹底的に避ける性格,温厚で理想的
少内向,超即決,超回避,少仲間,超理想,調整役,周囲を見てバランスを取る人,少し引っ込み思案で後先考えず、対立を徹底的に避ける性格,温厚で地に足がついていない
少内向,超即決,超回避,仲間派,超現実,守護者,仲間を守る頼れる存在,少し引っ込み思案で後先考えず、対立を徹底的に避ける性格,仲間思いで超現実主義
少内向,超即決,超回避,仲間派,現実,守護者,仲間を守る頼れる存在,少し引っ込み思案で後先考えず、対立を徹底的に避ける性格,仲間思いで現実主義
少内向,超即決,超回避,仲間派,少現実,守護者,仲間を守る頼れる存在,少し引っ込み思案で後先考えず、対立を徹底的に避ける性格,仲間思いで現実的な側面を考慮する
少内向,超即決,超回避,仲間派,少理想,守護者,仲間を守る頼れる存在,少し引っ込み思案で後先考えず、対立を徹底的に避ける性格,仲間思いで夢見がち
少内向,超即決,超回避,仲間派,理想,守護者,仲間を守る頼れる存在,少し引っ込み思案で後先考えず、対立を徹底的に避ける性格,仲間思いで理想的
少内向,超即決,超回避,仲間派,超理想,守護者,仲間を守る頼れる存在,少し引っ込み思案で後先考えず、対立を徹底的に避ける性格,仲間思いで地に足がついていない
少内向,超即決,超回避,超仲間,超現実,守護者,仲間を守る頼れる存在,少し引っ込み思案で後先考えず、対立を徹底的に避ける性格,自己犠牲精神で超現実主義
少内向,超即決,超回避,超仲間,現実,守護者,仲間を守る頼れる存在,少し引っ込み思案で後先考えず、対立を徹底的に避ける性格,自己犠牲精神で現実主義
少内向,超即決,超回避,超仲間,少現実,守護者,仲間を守る頼れる存在,少し引っ込み思案で後先考えず、対立を徹底的に避ける性格,自己犠牲精神で現実的な側面を考慮する
少内向,超即決,超回避,超仲間,少理想,守護者,仲間を守る頼れる存在,少し引っ込み思案で後先考えず、対立を徹底的に避ける性格,自己犠牲精神で夢見がち
少内向,超即決,超回避,超仲間,理想,守護者,仲間を守る頼れる存在,少し引っ込み思案で後先考えず、対立を徹底的に避ける性格,自己犠牲精神で理想的
少内向,超即決,超回避,超仲間,超理想,守護者,仲間を守る頼れる存在,少し引っ込み思案で後先考えず、対立を徹底的に避ける性格,自己犠牲精神で地に足がついていない
少内向,超即決,回避,孤高,超現実,暴走隊長,突っ走る孤高タイプ,少し引っ込み思案で後先考えず、直接的な対応を好まない性格,孤高の存在で超現実主義
少内向,超即決,回避,孤高,現実,暴走隊長,突っ走る孤高タイプ,少し引っ込み思案で後先考えず、直接的な対応を好まない性格,孤高の存在で現実主義
少内向,超即決,回避,孤高,少現実,暴走隊長,突っ走る孤高タイプ,少し引っ込み思案で後先考えず、直接的な対応を好まない性格,孤高の存在で現実的な側面を考慮する
少内向,超即決,回避,孤高,少理想,暴走隊長,突っ走る孤高タイプ,少し引っ込み思案で後先考えず、直接的な対応を好まない性格,孤高の存在で夢見がち
少内向,超即決,回避,孤高,理想,暴走隊長,突っ走る孤高タイプ,少し引っ込み思案で後先考えず、直接的な対応を好まない性格,孤高の存在で理想的
少内向,超即決,回避,孤高,超理想,暴走隊長,突っ走る孤高タイプ,少し引っ込み思案で後先考えず、直接的な対応を好まない性格,孤高の存在で地に足がついていない
少内向,超即決,回避,一匹狼,超現実,暴走隊長,突っ走る孤高タイプ,少し引っ込み思案で後先考えず、直接的な対応を好まない性格,一匹狼で超現実主義
少内向,超即決,回避,一匹狼,現実,暴走隊長,突っ走る孤高タイプ,少し引っ込み思案で後先考えず、直接的な対応を好まない性格,一匹狼で現実主義
少内向,超即決,回避,一匹狼,少現実,暴走隊長,突っ走る孤高タイプ,少し引っ込み思案で後先考えず、直接的な対応を好まない性格,一匹狼で現実的な側面を考慮する
少内向,超即決,回避,一匹狼,少理想,暴走隊長,突っ走る孤高タイプ,少し引っ込み思案で後先考えず、直接的な対応を好まない性格,一匹狼で夢見がち
少内向,超即決,回避,一匹狼,理想,暴走隊長,突っ走る孤高タイプ,少し引っ込み思案で後先考えず、直接的な対応を好まない性格,一匹狼で理想的
少内向,超即決,回避,一匹狼,超理想,暴走隊長,突っ走る孤高タイプ,少し引っ込み思案で後先考えず、直接的な対応を好まない性格,一匹狼で地に足がついていない
少内向,超即決,回避,少孤独,超現実,調整役,周囲を見てバランスを取る人,少し引っ込み思案で後先考えず、直接的な対応を好まない性格,自由主義で超現実主義
少内向,超即決,回避,少孤独,現実,調整役,周囲を見てバランスを取る人,少し引っ込み思案で後先考えず、直接的な対応を好まない性格,自由主義で現実主義
少内向,超即決,回避,少孤独,少現実,調整役,周囲を見てバランスを取る人,少し引っ込み思案で後先考えず、直接的な対応を好まない性格,自由主義で現実的な側面を考慮する
少内向,超即決,回避,少孤独,少理想,調整役,周囲を見てバランスを取る人,少し引っ込み思案で後先考えず、直接的な対応を好まない性格,自由主義で夢見がち
少内向,超即決,回避,少孤独,理想,調整役,周囲を見てバランスを取る人,少し引っ込み思案で後先考えず、直接的な対応を好まない性格,自由主義で理想的
少内向,超即決,回避,少孤独,超理想,調整役,周囲を見てバランスを取る人,少し引っ込み思案で後先考えず、直接的な対応を好まない性格,自由主義で地に足がついていない
少内向,超即決,回避,少仲間,超現実,調整役,周囲を見てバランスを取る人,少し引っ込み思案で後先考えず、直接的な対応を好まない性格,温厚で超現実主義
少内向,超即決,回避,少仲間,現実,調整役,周囲を見てバランスを取る人,少し引っ込み思案で後先考えず、直接的な対応を好まない性格,温厚で現実主義
少内向,超即決,回避,少仲間,少現実,調整役,周囲を見てバランスを取る人,少し引っ込み思案で後先考えず、直接的な対応を好まない性格,温厚で現実的な側面を考慮する
少内向,超即決,回避,少仲間,少理想,調整役,周囲を見てバランスを取る人,少し引っ込み思案で後先考えず、直接的な対応を好まない性格,温厚で夢見がち
少内向,超即決,回避,少仲間,理想,調整役,周囲を見てバランスを取る人,少し引っ込み思案で後先考えず、直接的な対応を好まない性格,温厚で理想的
少内向,超即決,回避,少仲間,超理想,調整役,周囲を見てバランスを取る人,少し引っ込み思案で後先考えず、直接的な対応を好まない性格,温厚で地に足がついていない
少内向,超即決,回避,仲間派,超現実,守護者,仲間を守る頼れる存在,少し引っ込み思案で後先考えず、直接的な対応を好まない性格,仲間思いで超現実主義
少内向,超即決,回避,仲間派,現実,守護者,仲間を守る頼れる存在,少し引っ込み思案で後先考えず、直接的な対応を好まない性格,仲間思いで現実主義
少内向,超即決,回避,仲間派,少現実,守護者,仲間を守る頼れる存在,少し引っ込み思案で後先考えず、直接的な対応を好まない性格,仲間思いで現実的な側面を考慮する
少内向,超即決,回避,仲間派,少理想,守護者,仲間を守る頼れる存在,少し引っ込み思案で後先考えず、直接的な対応を好まない性格,仲間思いで夢見がち
少内向,超即決,回避,仲間派,理想,守護者,仲間を守る頼れる存在,少し引っ込み思案で後先考えず、直接的な対応を好まない性格,仲間思いで理想的
少内向,超即決,回避,仲間派,超理想,守護者,仲間を守る頼れる存在,少し引っ込み思案で後先考えず、直接的な対応を好まない性格,仲間思いで地に足がついていない
少内向,超即決,回避,超仲間,超現実,守護者,仲間を守る頼れる存在,少し引っ込み思案で後先考えず、直接的な対応を好まない性格,自己犠牲精神で超現実主義
少内向,超即決,回避,超仲間,現実,守護者,仲間を守る頼れる存在,少し引っ込み思案で後先考えず、直接的な対応を好まない性格,自己犠牲精神で現実主義
少内向,超即決,回避,超仲間,少現実,守護者,仲間を守る頼れる存在,少し引っ込み思案で後先考えず、直接的な対応を好まない性格,自己犠牲精神で現実的な側面を考慮する
少内向,超即決,回避,超仲間,少理想,守護者,仲間を守る頼れる存在,少し引っ込み思案で後先考えず、直接的な対応を好まない性格,自己犠牲精神で夢見がち
少内向,超即決,回避,超仲間,理想,守護者,仲間を守る頼れる存在,少し引っ込み思案で後先考えず、直接的な対応を好まない性格,自己犠牲精神で理想的
少内向,超即決,回避,超仲間,超理想,守護者,仲間を守る頼れる存在,少し引っ込み思案で後先考えず、直接的な対応を好まない性格,自己犠牲精神で地に足がついていない
少内向,超即決,少回避,孤高,超現実,暴走隊長,突っ走る孤高タイプ,少し引っ込み思案で後先考えず、争いごとを好まない性格,孤高の存在で超現実主義
少内向,超即決,少回避,孤高,現実,暴走隊長,突っ走る孤高タイプ,少し引っ込み思案で後先考えず、争いごとを好まない性格,孤高の存在で現実主義
少内向,超即決,少回避,孤高,少現実,暴走隊長,突っ走る孤高タイプ,少し引っ込み思案で後先考えず、争いごとを好まない性格,孤高の存在で現実的な側面を考慮する
少内向,超即決,少回避,孤高,少理想,暴走隊長,突っ走る孤高タイプ,少し引っ込み思案で後先考えず、争いごとを好まない性格,孤高の存在で夢見がち
少内向,超即決,少回避,孤高,理想,暴走隊長,突っ走る孤高タイプ,少し引っ込み思案で後先考えず、争いごとを好まない性格,孤高の存在で理想的
少内向,超即決,少回避,孤高,超理想,暴走隊長,突っ走る孤高タイプ,少し引っ込み思案で後先考えず、争いごとを好まない性格,孤高の存在で地に足がついていない
少内向,超即決,少回避,一匹狼,超現実,暴走隊長,突っ走る孤高タイプ,少し引っ込み思案で後先考えず、争いごとを好まない性格,一匹狼で超現実主義
少内向,超即決,少回避,一匹狼,現実,暴走隊長,突っ走る孤高タイプ,少し引っ込み思案で後先考えず、争いごとを好まない性格,一匹狼で現実主義
少内向,超即決,少回避,一匹狼,少現実,暴走隊長,突っ走る孤高タイプ,少し引っ込み思案で後先考えず、争いごとを好まない性格,一匹狼で現実的な側面を考慮する
少内向,超即決,少回避,一匹狼,少理想,暴走隊長,突っ走る孤高タイプ,少し引っ込み思案で後先考えず、争いごとを好まない性格,一匹狼で夢見がち
少内向,超即決,少回避,一匹狼,理想,暴走隊長,突っ走る孤高タイプ,少し引っ込み思案で後先考えず、争いごとを好まない性格,一匹狼で理想的
少内向,超即決,少回避,一匹狼,超理想,暴走隊長,突っ走る孤高タイプ,少し引っ込み思案で後先考えず、争いごとを好まない性格,一匹狼で地に足がついていない
少内向,超即決,少回避,少孤独,超現実,調整役,周囲を見てバランスを取る人,少し引っ込み思案で後先考えず、争いごとを好まない性格,自由主義で超現実主義
少内向,超即決,少回避,少孤独,現実,調整役,周囲を見てバランスを取る人,少し引っ込み思案で後先考えず、争いごとを好まない性格,自由主義で現実主義
少内向,超即決,少回避,少孤独,少現実,調整役,周囲を見てバランスを取る人,少し引っ込み思案で後先考えず、争いごとを好まない性格,自由主義で現実的な側面を考慮する
少内向,超即決,少回避,少孤独,少理想,調整役,周囲を見てバランスを取る人,少し引っ込み思案で後先考えず、争いごとを好まない性格,自由主義で夢見がち
少内向,超即決,少回避,少孤独,理想,調整役,周囲を見てバランスを取る人,少し引っ込み思案で後先考えず、争いごとを好まない性格,自由主義で理想的
少内向,超即決,少回避,少孤独,超理想,調整役,周囲を見てバランスを取る人,少し引っ込み思案で後先考えず、争いごとを好まない性格,自由主義で地に足がついていない
少内向,超即決,少回避,少仲間,超現実,調整役,周囲を見てバランスを取る人,少し引っ込み思案で後先考えず、争いごとを好まない性格,温厚で超現実主義
少内向,超即決,少回避,少仲間,現実,調整役,周囲を見てバランスを取る人,少し引っ込み思案で後先考えず、争いごとを好まない性格,温厚で現実主義
少内向,超即決,少回避,少仲間,少現実,調整役,周囲を見てバランスを取る人,少し引っ込み思案で後先考えず、争いごとを好まない性格,温厚で現実的な側面を考慮する
少内向,超即決,少回避,少仲間,少理想,調整役,周囲を見てバランスを取る人,少し引っ込み思案で後先考えず、争いごとを好まない性格,温厚で夢見がち
少内向,超即決,少回避,少仲間,理想,調整役,周囲を見てバランスを取る人,少し引っ込み思案で後先考えず、争いごとを好まない性格,温厚で理想的
少内向,超即決,少回避,少仲間,超理想,調整役,周囲を見てバランスを取る人,少し引っ込み思案で後先考えず、争いごとを好まない性格,温厚で地に足がついていない
少内向,超即決,少回避,仲間派,超現実,守護者,仲間を守る頼れる存在,少し引っ込み思案で後先考えず、争いごとを好まない性格,仲間思いで超現実主義
少内向,超即決,少回避,仲間派,現実,守護者,仲間を守る頼れる存在,少し引っ込み思案で後先考えず、争いごとを好まない性格,仲間思いで現実主義
少内向,超即決,少回避,仲間派,少現実,守護者,仲間を守る頼れる存在,少し引っ込み思案で後先考えず、争いごとを好まない性格,仲間思いで現実的な側面を考慮する
少内向,超即決,少回避,仲間派,少理想,守護者,仲間を守る頼れる存在,少し引っ込み思案で後先考えず、争いごとを好まない性格,仲間思いで夢見がち
少内向,超即決,少回避,仲間派,理想,守護者,仲間を守る頼れる存在,少し引っ込み思案で後先考えず、争いごとを好まない性格,仲間思いで理想的
少内向,超即決,少回避,仲間派,超理想,守護者,仲間を守る頼れる存在,少し引っ込み思案で後先考えず、争いごとを好まない性格,仲間思いで地に足がついていない
少内向,超即決,少回避,超仲間,超現実,守護者,仲間を守る頼れる存在,少し引っ込み思案で後先考えず、争いごとを好まない性格,自己犠牲精神で超現実主義
少内向,超即決,少回避,超仲間,現実,守護者,仲間を守る頼れる存在,少し引っ込み思案で後先考えず、争いごとを好まない性格,自己犠牲精神で現実主義
少内向,超即決,少回避,超仲間,少現実,守護者,仲間を守る頼れる存在,少し引っ込み思案で後先考えず、争いごとを好まない性格,自己犠牲精神で現実的な側面を考慮する
少内向,超即決,少回避,超仲間,少理想,守護者,仲間を守る頼れる存在,少し引っ込み思案で後先考えず、争いごとを好まない性格,自己犠牲精神で夢見がち
少内向,超即決,少回避,超仲間,理想,守護者,仲間を守る頼れる存在,少し引っ込み思案で後先考えず、争いごとを好まない性格,自己犠牲精神で理想的
少内向,超即決,少回避,超仲間,超理想,守護者,仲間を守る頼れる存在,少し引っ込み思案で後先考えず、争いごとを好まない性格,自己犠牲精神で地に足がついていない
少内向,超即決,少挑戦,孤高,超現実,暴走隊長,突っ走る孤高タイプ,少し引っ込み思案で後先考えず、探求心がある性格,孤高の存在で超現実主義
少内向,超即決,少挑戦,孤高,現実,暴走隊長,突っ走る孤高タイプ,少し引っ込み思案で後先考えず、探求心がある性格,孤高の存在で現実主義
少内向,超即決,少挑戦,孤高,少現実,暴走隊長,突っ走る孤高タイプ,少し引っ込み思案で後先考えず、探求心がある性格,孤高の存在で現実的な側面を考慮する
少内向,超即決,少挑戦,孤高,少理想,暴走隊長,突っ走る孤高タイプ,少し引っ込み思案で後先考えず、探求心がある性格,孤高の存在で夢見がち
少内向,超即決,少挑戦,孤高,理想,暴走隊長,突っ走る孤高タイプ,少し引っ込み思案で後先考えず、探求心がある性格,孤高の存在で理想的
少内向,超即決,少挑戦,孤高,超理想,暴走隊長,突っ走る孤高タイプ,少し引っ込み思案で後先考えず、探求心がある性格,孤高の存在で地に足がついていない
少内向,超即決,少挑戦,一匹狼,超現実,暴走隊長,突っ走る孤高タイプ,少し引っ込み思案で後先考えず、探求心がある性格,一匹狼で超現実主義
少内向,超即決,少挑戦,一匹狼,現実,暴走隊長,突っ走る孤高タイプ,少し引っ込み思案で後先考えず、探求心がある性格,一匹狼で現実主義
少内向,超即決,少挑戦,一匹狼,少現実,暴走隊長,突っ走る孤高タイプ,少し引っ込み思案で後先考えず、探求心がある性格,一匹狼で現実的な側面を考慮する
少内向,超即決,少挑戦,一匹狼,少理想,暴走隊長,突っ走る孤高タイプ,少し引っ込み思案で後先考えず、探求心がある性格,一匹狼で夢見がち
少内向,超即決,少挑戦,一匹狼,理想,暴走隊長,突っ走る孤高タイプ,少し引っ込み思案で後先考えず、探求心がある性格,一匹狼で理想的
少内向,超即決,少挑戦,一匹狼,超理想,暴走隊長,突っ走る孤高タイプ,少し引っ込み思案で後先考えず、探求心がある性格,一匹狼で地に足がついていない
少内向,超即決,少挑戦,少孤独,超現実,調整役,周囲を見てバランスを取る人,少し引っ込み思案で後先考えず、探求心がある性格,自由主義で超現実主義
少内向,超即決,少挑戦,少孤独,現実,調整役,周囲を見てバランスを取る人,少し引っ込み思案で後先考えず、探求心がある性格,自由主義で現実主義
少内向,超即決,少挑戦,少孤独,少現実,調整役,周囲を見てバランスを取る人,少し引っ込み思案で後先考えず、探求心がある性格,自由主義で現実的な側面を考慮する
少内向,超即決,少挑戦,少孤独,少理想,調整役,周囲を見てバランスを取る人,少し引っ込み思案で後先考えず、探求心がある性格,自由主義で夢見がち
少内向,超即決,少挑戦,少孤独,理想,調整役,周囲を見てバランスを取る人,少し引っ込み思案で後先考えず、探求心がある性格,自由主義で理想的
少内向,超即決,少挑戦,少孤独,超理想,調整役,周囲を見てバランスを取る人,少し引っ込み思案で後先考えず、探求心がある性格,自由主義で地に足がついていない
少内向,超即決,少挑戦,少仲間,超現実,調整役,周囲を見てバランスを取る人,少し引っ込み思案で後先考えず、探求心がある性格,温厚で超現実主義
少内向,超即決,少挑戦,少仲間,現実,調整役,周囲を見てバランスを取る人,少し引っ込み思案で後先考えず、探求心がある性格,温厚で現実主義
少内向,超即決,少挑戦,少仲間,少現実,調整役,周囲を見てバランスを取る人,少し引っ込み思案で後先考えず、探求心がある性格,温厚で現実的な側面を考慮する
少内向,超即決,少挑戦,少仲間,少理想,調整役,周囲を見てバランスを取る人,少し引っ込み思案で後先考えず、探求心がある性格,温厚で夢見がち
少内向,超即決,少挑戦,少仲間,理想,調整役,周囲を見てバランスを取る人,少し引っ込み思案で後先考えず、探求心がある性格,温厚で理想的
少内向,超即決,少挑戦,少仲間,超理想,調整役,周囲を見てバランスを取る人,少し引っ込み思案で後先考えず、探求心がある性格,温厚で地に足がついていない
少内向,超即決,少挑戦,仲間派,超現実,調整役,周囲を見てバランスを取る人,少し引っ込み思案で後先考えず、探求心がある性格,仲間思いで超現実主義
少内向,超即決,少挑戦,仲間派,現実,調整役,周囲を見てバランスを取る人,少し引っ込み思案で後先考えず、探求心がある性格,仲間思いで現実主義
少内向,超即決,少挑戦,仲間派,少現実,調整役,周囲を見てバランスを取る人,少し引っ込み思案で後先考えず、探求心がある性格,仲間思いで現実的な側面を考慮する
少内向,超即決,少挑戦,仲間派,少理想,調整役,周囲を見てバランスを取る人,少し引っ込み思案で後先考えず、探求心がある性格,仲間思いで夢見がち
少内向,超即決,少挑戦,仲間派,理想,調整役,周囲を見てバランスを取る人,少し引っ込み思案で後先考えず、探求心がある性格,仲間思いで理想的
少内向,超即決,少挑戦,仲間派,超理想,調整役,周囲を見てバランスを取る人,少し引っ込み思案で後先考えず、探求心がある性格,仲間思いで地に足がついていない
少内向,超即決,少挑戦,超仲間,超現実,調整役,周囲を見てバランスを取る人,少し引っ込み思案で後先考えず、探求心がある性格,自己犠牲精神で超現実主義
少内向,超即決,少挑戦,超仲間,現実,調整役,周囲を見てバランスを取る人,少し引っ込み思案で後先考えず、探求心がある性格,自己犠牲精神で現実主義
少内向,超即決,少挑戦,超仲間,少現実,調整役,周囲を見てバランスを取る人,少し引っ込み思案で後先考えず、探求心がある性格,自己犠牲精神で現実的な側面を考慮する
少内向,超即決,少挑戦,超仲間,少理想,調整役,周囲を見てバランスを取る人,少し引っ込み思案で後先考えず、探求心がある性格,自己犠牲精神で夢見がち
少内向,超即決,少挑戦,超仲間,理想,調整役,周囲を見てバランスを取る人,少し引っ込み思案で後先考えず、探求心がある性格,自己犠牲精神で理想的
少内向,超即決,少挑戦,超仲間,超理想,調整役,周囲を見てバランスを取る人,少し引っ込み思案で後先考えず、探求心がある性格,自己犠牲精神で地に足がついていない
少内向,超即決,挑戦,孤高,超現実,孤高の戦士,誰にも頼らず突き進む,少し引っ込み思案で後先考えず、挑戦的な性格,孤高の存在で超現実主義
少内向,超即決,挑戦,孤高,現実,孤高の戦士,誰にも頼らず突き進む,少し引っ込み思案で後先考えず、挑戦的な性格,孤高の存在で現実主義
少内向,超即決,挑戦,孤高,少現実,暴走隊長,突っ走る孤高タイプ,少し引っ込み思案で後先考えず、挑戦的な性格,孤高の存在で現実的な側面を考慮する
少内向,超即決,挑戦,孤高,少理想,暴走隊長,突っ走る孤高タイプ,少し引っ込み思案で後先考えず、挑戦的な性格,孤高の存在で夢見がち
少内向,超即決,挑戦,孤高,理想,暴走隊長,突っ走る孤高タイプ,少し引っ込み思案で後先考えず、挑戦的な性格,孤高の存在で理想的
少内向,超即決,挑戦,孤高,超理想,暴走隊長,突っ走る孤高タイプ,少し引っ込み思案で後先考えず、挑戦的な性格,孤高の存在で地に足がついていない
少内向,超即決,挑戦,一匹狼,超現実,孤高の戦士,誰にも頼らず突き進む,少し引っ込み思案で後先考えず、挑戦的な性格,一匹狼で超現実主義
少内向,超即決,挑戦,一匹狼,現実,孤高の戦士,誰にも頼らず突き進む,少し引っ込み思案で後先考えず、挑戦的な性格,一匹狼で現実主義
少内向,超即決,挑戦,一匹狼,少現実,暴走隊長,突っ走る孤高タイプ,少し引っ込み思案で後先考えず、挑戦的な性格,一匹狼で現実的な側面を考慮する
少内向,超即決,挑戦,一匹狼,少理想,暴走隊長,突っ走る孤高タイプ,少し引っ込み思案で後先考えず、挑戦的な性格,一匹狼で夢見がち
少内向,超即決,挑戦,一匹狼,理想,暴走隊長,突っ走る孤高タイプ,少し引っ込み思案で後先考えず、挑戦的な性格,一匹狼で理想的
少内向,超即決,挑戦,一匹狼,超理想,暴走隊長,突っ走る孤高タイプ,少し引っ込み思案で後先考えず、挑戦的な性格,一匹狼で地に足がついていない
少内向,超即決,挑戦,少孤独,超現実,調整役,周囲を見てバランスを取る人,少し引っ込み思案で後先考えず、挑戦的な性格,自由主義で超現実主義
少内向,超即決,挑戦,少孤独,現実,調整役,周囲を見てバランスを取る人,少し引っ込み思案で後先考えず、挑戦的な性格,自由主義で現実主義
少内向,超即決,挑戦,少孤独,少現実,調整役,周囲を見てバランスを取る人,少し引っ込み思案で後先考えず、挑戦的な性格,自由主義で現実的な側面を考慮する
少内向,超即決,挑戦,少孤独,少理想,調整役,周囲を見てバランスを取る人,少し引っ込み思案で後先考えず、挑戦的な性格,自由主義で夢見がち
少内向,超即決,挑戦,少孤独,理想,調整役,周囲を見てバランスを取る人,少し引っ込み思案で後先考えず、挑戦的な性格,自由主義で理想的
少内向,超即決,挑戦,少孤独,超理想,調整役,周囲を見てバランスを取る人,少し引っ込み思案で後先考えず、挑戦的な性格,自由主義で地に足がついていない
少内向,超即決,挑戦,少仲間,超現実,調整役,周囲を見てバランスを取る人,少し引っ込み思案で後先考えず、挑戦的な性格,温厚で超現実主義
少内向,超即決,挑戦,少仲間,現実,調整役,周囲を見てバランスを取る人,少し引っ込み思案で後先考えず、挑戦的な性格,温厚で現実主義
少内向,超即決,挑戦,少仲間,少現実,調整役,周囲を見てバランスを取る人,少し引っ込み思案で後先考えず、挑戦的な性格,温厚で現実的な側面を考慮する
少内向,超即決,挑戦,少仲間,少理想,調整役,周囲を見てバランスを取る人,少し引っ込み思案で後先考えず、挑戦的な性格,温厚で夢見がち
少内向,超即決,挑戦,少仲間,理想,調整役,周囲を見てバランスを取る人,少し引っ込み思案で後先考えず、挑戦的な性格,温厚で理想的
少内向,超即決,挑戦,少仲間,超理想,調整役,周囲を見てバランスを取る人,少し引っ込み思案で後先考えず、挑戦的な性格,温厚で地に足がついていない
少内向,超即決,挑戦,仲間派,超現実,調整役,周囲を見てバランスを取る人,少し引っ込み思案で後先考えず、挑戦的な性格,仲間思いで超現実主義
少内向,超即決,挑戦,仲間派,現実,調整役,周囲を見てバランスを取る人,少し引っ込み思案で後先考えず、挑戦的な性格,仲間思いで現実主義
少内向,超即決,挑戦,仲間派,少現実,調整役,周囲を見てバランスを取る人,少し引っ込み思案で後先考えず、挑戦的な性格,仲間思いで現実的な側面を考慮する
少内向,超即決,挑戦,仲間派,少理想,調整役,周囲を見てバランスを取る人,少し引っ込み思案で後先考えず、挑戦的な性格,仲間思いで夢見がち
少内向,超即決,挑戦,仲間派,理想,挑戦家,理想を掲げ挑戦を恐れない,少し引っ込み思案で後先考えず、挑戦的な性格,仲間思いで理想的
少内向,超即決,挑戦,仲間派,超理想,挑戦家,理想を掲げ挑戦を恐れない,少し引っ込み思案で後先考えず、挑戦的な性格,仲間思いで地に足がついていない
少内向,超即決,挑戦,超仲間,超現実,調整役,周囲を見てバランスを取る人,少し引っ込み思案で後先考えず、挑戦的な性格,自己犠牲精神で超現実主義
少内向,超即決,挑戦,超仲間,現実,調整役,周囲を見てバランスを取る人,少し引っ込み思案で後先考えず、挑戦的な性格,自己犠牲精神で現実主義
少内向,超即決,挑戦,超仲間,少現実,調整役,周囲を見てバランスを取る人,少し引っ込み思案で後先考えず、挑戦的な性格,自己犠牲精神で現実的な側面を考慮する
少内向,超即決,挑戦,超仲間,少理想,調整役,周囲を見てバランスを取る人,少し引っ込み思案で後先考えず、挑戦的な性格,自己犠牲精神で夢見がち
少内向,超即決,挑戦,超仲間,理想,挑戦家,理想を掲げ挑戦を恐れない,少し引っ込み思案で後先考えず、挑戦的な性格,自己犠牲精神で理想的
少内向,超即決,挑戦,超仲間,超理想,挑戦家,理想を掲げ挑戦を恐れない,少し引っ込み思案で後先考えず、挑戦的な性格,自己犠牲精神で地に足がついていない
少内向,超即決,超挑戦,孤高,超現実,孤高の戦士,誰にも頼らず突き進む,少し引っ込み思案で後先考えず、果敢な性格,孤高の存在で超現実主義
少内向,超即決,超挑戦,孤高,現実,孤高の戦士,誰にも頼らず突き進む,少し引っ込み思案で後先考えず、果敢な性格,孤高の存在で現実主義
少内向,超即決,超挑戦,孤高,少現実,暴走隊長,突っ走る孤高タイプ,少し引っ込み思案で後先考えず、果敢な性格,孤高の存在で現実的な側面を考慮する
少内向,超即決,超挑戦,孤高,少理想,暴走隊長,突っ走る孤高タイプ,少し引っ込み思案で後先考えず、果敢な性格,孤高の存在で夢見がち
少内向,超即決,超挑戦,孤高,理想,暴走隊長,突っ走る孤高タイプ,少し引っ込み思案で後先考えず、果敢な性格,孤高の存在で理想的
少内向,超即決,超挑戦,孤高,超理想,暴走隊長,突っ走る孤高タイプ,少し引っ込み思案で後先考えず、果敢な性格,孤高の存在で地に足がついていない
少内向,超即決,超挑戦,一匹狼,超現実,孤高の戦士,誰にも頼らず突き進む,少し引っ込み思案で後先考えず、果敢な性格,一匹狼で超現実主義
少内向,超即決,超挑戦,一匹狼,現実,孤高の戦士,誰にも頼らず突き進む,少し引っ込み思案で後先考えず、果敢な性格,一匹狼で現実主義
少内向,超即決,超挑戦,一匹狼,少現実,暴走隊長,突っ走る孤高タイプ,少し引っ込み思案で後先考えず、果敢な性格,一匹狼で現実的な側面を考慮する
少内向,超即決,超挑戦,一匹狼,少理想,暴走隊長,突っ走る孤高タイプ,少し引っ込み思案で後先考えず、果敢な性格,一匹狼で夢見がち
少内向,超即決,超挑戦,一匹狼,理想,暴走隊長,突っ走る孤高タイプ,少し引っ込み思案で後先考えず、果敢な性格,一匹狼で理想的
少内向,超即決,超挑戦,一匹狼,超理想,暴走隊長,突っ走る孤高タイプ,少し引っ込み思案で後先考えず、果敢な性格,一匹狼で地に足がついていない
少内向,超即決,超挑戦,少孤独,超現実,調整役,周囲を見てバランスを取る人,少し引っ込み思案で後先考えず、果敢な性格,自由主義で超現実主義
少内向,超即決,超挑戦,少孤独,現実,調整役,周囲を見てバランスを取る人,少し引っ込み思案で後先考えず、果敢な性格,自由主義で現実主義
少内向,超即決,超挑戦,少孤独,少現実,調整役,周囲を見てバランスを取る人,少し引っ込み思案で後先考えず、果敢な性格,自由主義で現実的な側面を考慮する
少内向,超即決,超挑戦,少孤独,少理想,調整役,周囲を見てバランスを取る人,少し引っ込み思案で後先考えず、果敢な性格,自由主義で夢見がち
少内向,超即決,超挑戦,少孤独,理想,調整役,周囲を見てバランスを取る人,少し引っ込み思案で後先考えず、果敢な性格,自由主義で理想的
少内向,超即決,超挑戦,少孤独,超理想,調整役,周囲を見てバランスを取る人,少し引っ込み思案で後先考えず、果敢な性格,自由主義で地に足がついていない
少内向,超即決,超挑戦,少仲間,超現実,調整役,周囲を見てバランスを取る人,少し引っ込み思案で後先考えず、果敢な性格,温厚で超現実主義
少内向,超即決,超挑戦,少仲間,現実,調整役,周囲を見てバランスを取る人,少し引っ込み思案で後先考えず、果敢な性格,温厚で現実主義
少内向,超即決,超挑戦,少仲間,少現実,調整役,周囲を見てバランスを取る人,少し引っ込み思案で後先考えず、果敢な性格,温厚で現実的な側面を考慮する
少内向,超即決,超挑戦,少仲間,少理想,調整役,周囲を見てバランスを取る人,少し引っ込み思案で後先考えず、果敢な性格,温厚で夢見がち
少内向,超即決,超挑戦,少仲間,理想,調整役,周囲を見てバランスを取る人,少し引っ込み思案で後先考えず、果敢な性格,温厚で理想的
少内向,超即決,超挑戦,少仲間,超理想,調整役,周囲を見てバランスを取る人,少し引っ込み思案で後先考えず、果敢な性格,温厚で地に足がついていない
少内向,超即決,超挑戦,仲間派,超現実,調整役,周囲を見てバランスを取る人,少し引っ込み思案で後先考えず、果敢な性格,仲間思いで超現実主義
少内向,超即決,超挑戦,仲間派,現実,調整役,周囲を見てバランスを取る人,少し引っ込み思案で後先考えず、果敢な性格,仲間思いで現実主義
少内向,超即決,超挑戦,仲間派,少現実,調整役,周囲を見てバランスを取る人,少し引っ込み思案で後先考えず、果敢な性格,仲間思いで現実的な側面を考慮する
少内向,超即決,超挑戦,仲間派,少理想,調整役,周囲を見てバランスを取る人,少し引っ込み思案で後先考えず、果敢な性格,仲間思いで夢見がち
少内向,超即決,超挑戦,仲間派,理想,挑戦家,理想を掲げ挑戦を恐れない,少し引っ込み思案で後先考えず、果敢な性格,仲間思いで理想的
少内向,超即決,超挑戦,仲間派,超理想,挑戦家,理想を掲げ挑戦を恐れない,少し引っ込み思案で後先考えず、果敢な性格,仲間思いで地に足がついていない
少内向,超即決,超挑戦,超仲間,超現実,調整役,周囲を見てバランスを取る人,少し引っ込み思案で後先考えず、果敢な性格,自己犠牲精神で超現実主義
少内向,超即決,超挑戦,超仲間,現実,調整役,周囲を見てバランスを取る人,少し引っ込み思案で後先考えず、果敢な性格,自己犠牲精神で現実主義
少内向,超即決,超挑戦,超仲間,少現実,調整役,周囲を見てバランスを取る人,少し引っ込み思案で後先考えず、果敢な性格,自己犠牲精神で現実的な側面を考慮する
少内向,超即決,超挑戦,超仲間,少理想,調整役,周囲を見てバランスを取る人,少し引っ込み思案で後先考えず、果敢な性格,自己犠牲精神で夢見がち
少内向,超即決,超挑戦,超仲間,理想,挑戦家,理想を掲げ挑戦を恐れない,少し引っ込み思案で後先考えず、果敢な性格,自己犠牲精神で理想的
少内向,超即決,超挑戦,超仲間,超理想,挑戦家,理想を掲げ挑戦を恐れない,少し引っ込み思案で後先考えず、果敢な性格,自己犠牲精神で地に足がついていない
少外向,超慎重,超回避,孤高,超現実,調整役,周囲を見てバランスを取る人,人付き合いは良い方でリスクを極端に避け、対立を徹底的に避ける性格,孤高の存在で超現実主義
少外向,超慎重,超回避,孤高,現実,調整役,周囲を見てバランスを取る人,人付き合いは良い方でリスクを極端に避け、対立を徹底的に避ける性格,孤高の存在で現実主義
少外向,超慎重,超回避,孤高,少現実,調整役,周囲を見てバランスを取る人,人付き合いは良い方でリスクを極端に避け、対立を徹底的に避ける性格,孤高の存在で現実的な側面を考慮する
少外向,超慎重,超回避,孤高,少理想,調整役,周囲を見てバランスを取る人,人付き合いは良い方でリスクを極端に避け、対立を徹底的に避ける性格,孤高の存在で夢見がち
少外向,超慎重,超回避,孤高,理想,調整役,周囲を見てバランスを取る人,人付き合いは良い方でリスクを極端に避け、対立を徹底的に避ける性格,孤高の存在で理想的
少外向,超慎重,超回避,孤高,超理想,調整役,周囲を見てバランスを取る人,人付き合いは良い方でリスクを極端に避け、対立を徹底的に避ける性格,孤高の存在で地に足がついていない
少外向,超慎重,超回避,一匹狼,超現実,調整役,周囲を見てバランスを取る人,人付き合いは良い方でリスクを極端に避け、対立を徹底的に避ける性格,一匹狼で超現実主義
少外向,超慎重,超回避,一匹狼,現実,調整役,周囲を見てバランスを取る人,人付き合いは良い方でリスクを極端に避け、対立を徹底的に避ける性格,一匹狼で現実主義
少外向,超慎重,超回避,一匹狼,少現実,調整役,周囲を見てバランスを取る人,人付き合いは良い方でリスクを極端に避け、対立を徹底的に避ける性格,一匹狼で現実的な側面を考慮する
少外向,超慎重,超回避,一匹狼,少理想,調整役,周囲を見てバランスを取る人,人付き合いは良い方でリスクを極端に避け、対立を徹底的に避ける性格,一匹狼で夢見がち
少外向,超慎重,超回避,一匹狼,理想,調整役,周囲を見てバランスを取る人,人付き合いは良い方でリスクを極端に避け、対立を徹底的に避ける性格,一匹狼で理想的
少外向,超慎重,超回避,一匹狼,超理想,調整役,周囲を見てバランスを取る人,人付き合いは良い方でリスクを極端に避け、対立を徹底的に避ける性格,一匹狼で地に足がついていない
少外向,超慎重,超回避,少孤独,超現実,調整役,周囲を見てバランスを取る人,人付き合いは良い方でリスクを極端に避け、対立を徹底的に避ける性格,自由主義で超現実主義
少外向,超慎重,超回避,少孤独,現実,調整役,周囲を見てバランスを取る人,人付き合いは良い方でリスクを極端に避け、対立を徹底的に避ける性格,自由主義で現実主義
少外向,超慎重,超回避,少孤独,少現実,調整役,周囲を見てバランスを取る人,人付き合いは良い方でリスクを極端に避け、対立を徹底的に避ける性格,自由主義で現実的な側面を考慮する
少外向,超慎重,超回避,少孤独,少理想,調整役,周囲を見てバランスを取る人,人付き合いは良い方でリスクを極端に避け、対立を徹底的に避ける性格,自由主義で夢見がち
少外向,超慎重,超回避,少孤独,理想,調整役,周囲を見てバランスを取る人,人付き合いは良い方でリスクを極端に避け、対立を徹底的に避ける性格,自由主義で理想的
少外向,超慎重,超回避,少孤独,超理想,調整役,周囲を見てバランスを取る人,人付き合いは良い方でリスクを極端に避け、対立を徹底的に避ける性格,自由主義で地に足がついていない
少外向,超慎重,超回避,少仲間,超現実,調整役,周囲を見てバランスを取る人,人付き合いは良い方でリスクを極端に避け、対立を徹底的に避ける性格,温厚で超現実主義
少外向,超慎重,超回避,少仲間,現実,調整役,周囲を見てバランスを取る人,人付き合いは良い方でリスクを極端に避け、対立を徹底的に避ける性格,温厚で現実主義
少外向,超慎重,超回避,少仲間,少現実,調整役,周囲を見てバランスを取る人,人付き合いは良い方でリスクを極端に避け、対立を徹底的に避ける性格,温厚で現実的な側面を考慮する
少外向,超慎重,超回避,少仲間,少理想,調整役,周囲を見てバランスを取る人,人付き合いは良い方でリスクを極端に避け、対立を徹底的に避ける性格,温厚で夢見がち
少外向,超慎重,超回避,少仲間,理想,調整役,周囲を見てバランスを取る人,人付き合いは良い方でリスクを極端に避け、対立を徹底的に避ける性格,温厚で理想的
少外向,超慎重,超回避,少仲間,超理想,調整役,周囲を見てバランスを取る人,人付き合いは良い方でリスクを極端に避け、対立を徹底的に避ける性格,温厚で地に足がついていない
少外向,超慎重,超回避,仲間派,超現実,守護者,仲間を守る頼れる存在,人付き合いは良い方でリスクを極端に避け、対立を徹底的に避ける性格,仲間思いで超現実主義
少外向,超慎重,超回避,仲間派,現実,守護者,仲間を守る頼れる存在,人付き合いは良い方でリスクを極端に避け、対立を徹底的に避ける性格,仲間思いで現実主義
少外向,超慎重,超回避,仲間派,少現実,守護者,仲間を守る頼れる存在,人付き合いは良い方でリスクを極端に避け、対立を徹底的に避ける性格,仲間思いで現実的な側面を考慮する
少外向,超慎重,超回避,仲間派,少理想,守護者,仲間を守る頼れる存在,人付き合いは良い方でリスクを極端に避け、対立を徹底的に避ける性格,仲間思いで夢見がち
少外向,超慎重,超回避,仲間派,理想,守護者,仲間を守る頼れる存在,人付き合いは良い方でリスクを極端に避け、対立を徹底的に避ける性格,仲間思いで理想的
少外向,超慎重,超回避,仲間派,超理想,守護者,仲間を守る頼れる存在,人付き合いは良い方でリスクを極端に避け、対立を徹底的に避ける性格,仲間思いで地に足がついていない
少外向,超慎重,超回避,超仲間,超現実,守護者,仲間を守る頼れる存在,人付き合いは良い方でリスクを極端に避け、対立を徹底的に避ける性格,自己犠牲精神で超現実主義
少外向,超慎重,超回避,超仲間,現実,守護者,仲間を守る頼れる存在,人付き合いは良い方でリスクを極端に避け、対立を徹底的に避ける性格,自己犠牲精神で現実主義
少外向,超慎重,超回避,超仲間,少現実,守護者,仲間を守る頼れる存在,人付き合いは良い方でリスクを極端に避け、対立を徹底的に避ける性格,自己犠牲精神で現実的な側面を考慮する
少外向,超慎重,超回避,超仲間,少理想,守護者,仲間を守る頼れる存在,人付き合いは良い方でリスクを極端に避け、対立を徹底的に避ける性格,自己犠牲精神で夢見がち
少外向,超慎重,超回避,超仲間,理想,守護者,仲間を守る頼れる存在,人付き合いは良い方でリスクを極端に避け、対立を徹底的に避ける性格,自己犠牲精神で理想的
少外向,超慎重,超回避,超仲間,超理想,守護者,仲間を守る頼れる存在,人付き合いは良い方でリスクを極端に避け、対立を徹底的に避ける性格,自己犠牲精神で地に足がついていない
少外向,超慎重,回避,孤高,超現実,調整役,周囲を見てバランスを取る人,人付き合いは良い方でリスクを極端に避け、直接的な対応を好まない性格,孤高の存在で超現実主義
少外向,超慎重,回避,孤高,現実,調整役,周囲を見てバランスを取る人,人付き合いは良い方でリスクを極端に避け、直接的な対応を好まない性格,孤高の存在で現実主義
少外向,超慎重,回避,孤高,少現実,調整役,周囲を見てバランスを取る人,人付き合いは良い方でリスクを極端に避け、直接的な対応を好まない性格,孤高の存在で現実的な側面を考慮する
少外向,超慎重,回避,孤高,少理想,調整役,周囲を見てバランスを取る人,人付き合いは良い方でリスクを極端に避け、直接的な対応を好まない性格,孤高の存在で夢見がち
少外向,超慎重,回避,孤高,理想,調整役,周囲を見てバランスを取る人,人付き合いは良い方でリスクを極端に避け、直接的な対応を好まない性格,孤高の存在で理想的
少外向,超慎重,回避,孤高,超理想,調整役,周囲を見てバランスを取る人,人付き合いは良い方でリスクを極端に避け、直接的な対応を好まない性格,孤高の存在で地に足がついていない
少外向,超慎重,回避,一匹狼,超現実,調整役,周囲を見てバランスを取る人,人付き合いは良い方でリスクを極端に避け、直接的な対応を好まない性格,一匹狼で超現実主義
少外向,超慎重,回避,一匹狼,現実,調整役,周囲を見てバランスを取る人,人付き合いは良い方でリスクを極端に避け、直接的な対応を好まない性格,一匹狼で現実主義
少外向,超慎重,回避,一匹狼,少現実,調整役,周囲を見てバランスを取る人,人付き合いは良い方でリスクを極端に避け、直接的な対応を好まない性格,一匹狼で現実的な側面を考慮する
少外向,超慎重,回避,一匹狼,少理想,調整役,周囲を見てバランスを取る人,人付き合いは良い方でリスクを極端に避け、直接的な対応を好まない性格,一匹狼で夢見がち
少外向,超慎重,回避,一匹狼,理想,調整役,周囲を見てバランスを取る人,人付き合いは良い方でリスクを極端に避け、直接的な対応を好まない性格,一匹狼で理想的
少外向,超慎重,回避,一匹狼,超理想,調整役,周囲を見てバランスを取る人,人付き合いは良い方でリスクを極端に避け、直接的な対応を好まない性格,一匹狼で地に足がついていない
少外向,超慎重,回避,少孤独,超現実,調整役,周囲を見てバランスを取る人,人付き合いは良い方でリスクを極端に避け、直接的な対応を好まない性格,自由主義で超現実主義
少外向,超慎重,回避,少孤独,現実,調整役,周囲を見てバランスを取る人,人付き合いは良い方でリスクを極端に避け、直接的な対応を好まない性格,自由主義で現実主義
少外向,超慎重,回避,少孤独,少現実,調整役,周囲を見てバランスを取る人,人付き合いは良い方でリスクを極端に避け、直接的な対応を好まない性格,自由主義で現実的な側面を考慮する
少外向,超慎重,回避,少孤独,少理想,調整役,周囲を見てバランスを取る人,人付き合いは良い方でリスクを極端に避け、直接的な対応を好まない性格,自由主義で夢見がち
少外向,超慎重,回避,少孤独,理想,調整役,周囲を見てバランスを取る人,人付き合いは良い方でリスクを極端に避け、直接的な対応を好まない性格,自由主義で理想的
少外向,超慎重,回避,少孤独,超理想,調整役,周囲を見てバランスを取る人,人付き合いは良い方でリスクを極端に避け、直接的な対応を好まない性格,自由主義で地に足がついていない
少外向,超慎重,回避,少仲間,超現実,調整役,周囲を見てバランスを取る人,人付き合いは良い方でリスクを極端に避け、直接的な対応を好まない性格,温厚で超現実主義
少外向,超慎重,回避,少仲間,現実,調整役,周囲を見てバランスを取る人,人付き合いは良い方でリスクを極端に避け、直接的な対応を好まない性格,温厚で現実主義
少外向,超慎重,回避,少仲間,少現実,調整役,周囲を見てバランスを取る人,人付き合いは良い方でリスクを極端に避け、直接的な対応を好まない性格,温厚で現実的な側面を考慮する
少外向,超慎重,回避,少仲間,少理想,調整役,周囲を見てバランスを取る人,人付き合いは良い方でリスクを極端に避け、直接的な対応を好まない性格,温厚で夢見がち
少外向,超慎重,回避,少仲間,理想,調整役,周囲を見てバランスを取る人,人付き合いは良い方でリスクを極端に避け、直接的な対応を好まない性格,温厚で理想的
少外向,超慎重,回避,少仲間,超理想,調整役,周囲を見てバランスを取る人,人付き合いは良い方でリスクを極端に避け、直接的な対応を好まない性格,温厚で地に足がついていない
少外向,超慎重,回避,仲間派,超現実,守護者,仲間を守る頼れる存在,人付き合いは良い方でリスクを極端に避け、直接的な対応を好まない性格,仲間思いで超現実主義
少外向,超慎重,回避,仲間派,現実,守護者,仲間を守る頼れる存在,人付き合いは良い方でリスクを極端に避け、直接的な対応を好まない性格,仲間思いで現実主義
少外向,超慎重,回避,仲間派,少現実,守護者,仲間を守る頼れる存在,人付き合いは良い方でリスクを極端に避け、直接的な対応を好まない性格,仲間思いで現実的な側面を考慮する
少外向,超慎重,回避,仲間派,少理想,守護者,仲間を守る頼れる存在,人付き合いは良い方でリスクを極端に避け、直接的な対応を好まない性格,仲間思いで夢見がち
少外向,超慎重,回避,仲間派,理想,守護者,仲間を守る頼れる存在,人付き合いは良い方でリスクを極端に避け、直接的な対応を好まない性格,仲間思いで理想的
少外向,超慎重,回避,仲間派,超理想,守護者,仲間を守る頼れる存在,人付き合いは良い方でリスクを極端に避け、直接的な対応を好まない性格,仲間思いで地に足がついていない
少外向,超慎重,回避,超仲間,超現実,守護者,仲間を守る頼れる存在,人付き合いは良い方でリスクを極端に避け、直接的な対応を好まない性格,自己犠牲精神で超現実主義
少外向,超慎重,回避,超仲間,現実,守護者,仲間を守る頼れる存在,人付き合いは良い方でリスクを極端に避け、直接的な対応を好まない性格,自己犠牲精神で現実主義
少外向,超慎重,回避,超仲間,少現実,守護者,仲間を守る頼れる存在,人付き合いは良い方でリスクを極端に避け、直接的な対応を好まない性格,自己犠牲精神で現実的な側面を考慮する
少外向,超慎重,回避,超仲間,少理想,守護者,仲間を守る頼れる存在,人付き合いは良い方でリスクを極端に避け、直接的な対応を好まない性格,自己犠牲精神で夢見がち
少外向,超慎重,回避,超仲間,理想,守護者,仲間を守る頼れる存在,人付き合いは良い方でリスクを極端に避け、直接的な対応を好まない性格,自己犠牲精神で理想的
少外向,超慎重,回避,超仲間,超理想,守護者,仲間を守る頼れる存在,人付き合いは良い方でリスクを極端に避け、直接的な対応を好まない性格,自己犠牲精神で地に足がついていない
少外向,超慎重,少回避,孤高,超現実,調整役,周囲を見てバランスを取る人,人付き合いは良い方でリスクを極端に避け、争いごとを好まない性格,孤高の存在で超現実主義
少外向,超慎重,少回避,孤高,現実,調整役,周囲を見てバランスを取る人,人付き合いは良い方でリスクを極端に避け、争いごとを好まない性格,孤高の存在で現実主義
少外向,超慎重,少回避,孤高,少現実,調整役,周囲を見てバランスを取る人,人付き合いは良い方でリスクを極端に避け、争いごとを好まない性格,孤高の存在で現実的な側面を考慮する
少外向,超慎重,少回避,孤高,少理想,調整役,周囲を見てバランスを取る人,人付き合いは良い方でリスクを極端に避け、争いごとを好まない性格,孤高の存在で夢見がち
少外向,超慎重,少回避,孤高,理想,調整役,周囲を見てバランスを取る人,人付き合いは良い方でリスクを極端に避け、争いごとを好まない性格,孤高の存在で理想的
少外向,超慎重,少回避,孤高,超理想,調整役,周囲を見てバランスを取る人,人付き合いは良い方でリスクを極端に避け、争いごとを好まない性格,孤高の存在で地に足がついていない
少外向,超慎重,少回避,一匹狼,超現実,調整役,周囲を見てバランスを取る人,人付き合いは良い方でリスクを極端に避け、争いごとを好まない性格,一匹狼で超現実主義
少外向,超慎重,少回避,一匹狼,現実,調整役,周囲を見てバランスを取る人,人付き合いは良い方でリスクを極端に避け、争いごとを好まない性格,一匹狼で現実主義
少外向,超慎重,少回避,一匹狼,少現実,調整役,周囲を見てバランスを取る人,人付き合いは良い方でリスクを極端に避け、争いごとを好まない性格,一匹狼で現実的な側面を考慮する
少外向,超慎重,少回避,一匹狼,少理想,調整役,周囲を見てバランスを取る人,人付き合いは良い方でリスクを極端に避け、争いごとを好まない性格,一匹狼で夢見がち
少外向,超慎重,少回避,一匹狼,理想,調整役,周囲を見てバランスを取る人,人付き合いは良い方でリスクを極端に避け、争いごとを好まない性格,一匹狼で理想的
少外向,超慎重,少回避,一匹狼,超理想,調整役,周囲を見てバランスを取る人,人付き合いは良い方でリスクを極端に避け、争いごとを好まない性格,一匹狼で地に足がついていない
少外向,超慎重,少回避,少孤独,超現実,調整役,周囲を見てバランスを取る人,人付き合いは良い方でリスクを極端に避け、争いごとを好まない性格,自由主義で超現実主義
少外向,超慎重,少回避,少孤独,現実,調整役,周囲を見てバランスを取る人,人付き合いは良い方でリスクを極端に避け、争いごとを好まない性格,自由主義で現実主義
少外向,超慎重,少回避,少孤独,少現実,調整役,周囲を見てバランスを取る人,人付き合いは良い方でリスクを極端に避け、争いごとを好まない性格,自由主義で現実的な側面を考慮する
少外向,超慎重,少回避,少孤独,少理想,調整役,周囲を見てバランスを取る人,人付き合いは良い方でリスクを極端に避け、争いごとを好まない性格,自由主義で夢見がち
少外向,超慎重,少回避,少孤独,理想,調整役,周囲を見てバランスを取る人,人付き合いは良い方でリスクを極端に避け、争いごとを好まない性格,自由主義で理想的
少外向,超慎重,少回避,少孤独,超理想,調整役,周囲を見てバランスを取る人,人付き合いは良い方でリスクを極端に避け、争いごとを好まない性格,自由主義で地に足がついていない
少外向,超慎重,少回避,少仲間,超現実,調整役,周囲を見てバランスを取る人,人付き合いは良い方でリスクを極端に避け、争いごとを好まない性格,温厚で超現実主義
少外向,超慎重,少回避,少仲間,現実,調整役,周囲を見てバランスを取る人,人付き合いは良い方でリスクを極端に避け、争いごとを好まない性格,温厚で現実主義
少外向,超慎重,少回避,少仲間,少現実,調整役,周囲を見てバランスを取る人,人付き合いは良い方でリスクを極端に避け、争いごとを好まない性格,温厚で現実的な側面を考慮する
少外向,超慎重,少回避,少仲間,少理想,調整役,周囲を見てバランスを取る人,人付き合いは良い方でリスクを極端に避け、争いごとを好まない性格,温厚で夢見がち
少外向,超慎重,少回避,少仲間,理想,調整役,周囲を見てバランスを取る人,人付き合いは良い方でリスクを極端に避け、争いごとを好まない性格,温厚で理想的
少外向,超慎重,少回避,少仲間,超理想,調整役,周囲を見てバランスを取る人,人付き合いは良い方でリスクを極端に避け、争いごとを好まない性格,温厚で地に足がついていない
少外向,超慎重,少回避,仲間派,超現実,守護者,仲間を守る頼れる存在,人付き合いは良い方でリスクを極端に避け、争いごとを好まない性格,仲間思いで超現実主義
少外向,超慎重,少回避,仲間派,現実,守護者,仲間を守る頼れる存在,人付き合いは良い方でリスクを極端に避け、争いごとを好まない性格,仲間思いで現実主義
少外向,超慎重,少回避,仲間派,少現実,守護者,仲間を守る頼れる存在,人付き合いは良い方でリスクを極端に避け、争いごとを好まない性格,仲間思いで現実的な側面を考慮する
少外向,超慎重,少回避,仲間派,少理想,守護者,仲間を守る頼れる存在,人付き合いは良い方でリスクを極端に避け、争いごとを好まない性格,仲間思いで夢見がち
少外向,超慎重,少回避,仲間派,理想,守護者,仲間を守る頼れる存在,人付き合いは良い方でリスクを極端に避け、争いごとを好まない性格,仲間思いで理想的
少外向,超慎重,少回避,仲間派,超理想,守護者,仲間を守る頼れる存在,人付き合いは良い方でリスクを極端に避け、争いごとを好まない性格,仲間思いで地に足がついていない
少外向,超慎重,少回避,超仲間,超現実,守護者,仲間を守る頼れる存在,人付き合いは良い方でリスクを極端に避け、争いごとを好まない性格,自己犠牲精神で超現実主義
少外向,超慎重,少回避,超仲間,現実,守護者,仲間を守る頼れる存在,人付き合いは良い方でリスクを極端に避け、争いごとを好まない性格,自己犠牲精神で現実主義
少外向,超慎重,少回避,超仲間,少現実,守護者,仲間を守る頼れる存在,人付き合いは良い方でリスクを極端に避け、争いごとを好まない性格,自己犠牲精神で現実的な側面を考慮する
少外向,超慎重,少回避,超仲間,少理想,守護者,仲間を守る頼れる存在,人付き合いは良い方でリスクを極端に避け、争いごとを好まない性格,自己犠牲精神で夢見がち
少外向,超慎重,少回避,超仲間,理想,守護者,仲間を守る頼れる存在,人付き合いは良い方でリスクを極端に避け、争いごとを好まない性格,自己犠牲精神で理想的
少外向,超慎重,少回避,超仲間,超理想,守護者,仲間を守る頼れる存在,人付き合いは良い方でリスクを極端に避け、争いごとを好まない性格,自己犠牲精神で地に足がついていない
少外向,超慎重,少挑戦,孤高,超現実,調整役,周囲を見てバランスを取る人,人付き合いは良い方でリスクを極端に避け、探求心がある性格,孤高の存在で超現実主義
少外向,超慎重,少挑戦,孤高,現実,調整役,周囲を見てバランスを取る人,人付き合いは良い方でリスクを極端に避け、探求心がある性格,孤高の存在で現実主義
少外向,超慎重,少挑戦,孤高,少現実,調整役,周囲を見てバランスを取る人,人付き合いは良い方でリスクを極端に避け、探求心がある性格,孤高の存在で現実的な側面を考慮する
少外向,超慎重,少挑戦,孤高,少理想,調整役,周囲を見てバランスを取る人,人付き合いは良い方でリスクを極端に避け、探求心がある性格,孤高の存在で夢見がち
少外向,超慎重,少挑戦,孤高,理想,調整役,周囲を見てバランスを取る人,人付き合いは良い方でリスクを極端に避け、探求心がある性格,孤高の存在で理想的
少外向,超慎重,少挑戦,孤高,超理想,調整役,周囲を見てバランスを取る人,人付き合いは良い方でリスクを極端に避け、探求心がある性格,孤高の存在で地に足がついていない
少外向,超慎重,少挑戦,一匹狼,超現実,調整役,周囲を見てバランスを取る人,人付き合いは良い方でリスクを極端に避け、探求心がある性格,一匹狼で超現実主義
少外向,超慎重,少挑戦,一匹狼,現実,調整役,周囲を見てバランスを取る人,人付き合いは良い方でリスクを極端に避け、探求心がある性格,一匹狼で現実主義
少外向,超慎重,少挑戦,一匹狼,少現実,調整役,周囲を見てバランスを取る人,人付き合いは良い方でリスクを極端に避け、探求心がある性格,一匹狼で現実的な側面を考慮する
少外向,超慎重,少挑戦,一匹狼,少理想,調整役,周囲を見てバランスを取る人,人付き合いは良い方でリスクを極端に避け、探求心がある性格,一匹狼で夢見がち
少外向,超慎重,少挑戦,一匹狼,理想,調整役,周囲を見てバランスを取る人,人付き合いは良い方でリスクを極端に避け、探求心がある性格,一匹狼で理想的
少外向,超慎重,少挑戦,一匹狼,超理想,調整役,周囲を見てバランスを取る人,人付き合いは良い方でリスクを極端に避け、探求心がある性格,一匹狼で地に足がついていない
少外向,超慎重,少挑戦,少孤独,超現実,調整役,周囲を見てバランスを取る人,人付き合いは良い方でリスクを極端に避け、探求心がある性格,自由主義で超現実主義
少外向,超慎重,少挑戦,少孤独,現実,調整役,周囲を見てバランスを取る人,人付き合いは良い方でリスクを極端に避け、探求心がある性格,自由主義で現実主義
少外向,超慎重,少挑戦,少孤独,少現実,調整役,周囲を見てバランスを取る人,人付き合いは良い方でリスクを極端に避け、探求心がある性格,自由主義で現実的な側面を考慮する
少外向,超慎重,少挑戦,少孤独,少理想,調整役,周囲を見てバランスを取る人,人付き合いは良い方でリスクを極端に避け、探求心がある性格,自由主義で夢見がち
少外向,超慎重,少挑戦,少孤独,理想,調整役,周囲を見てバランスを取る人,人付き合いは良い方でリスクを極端に避け、探求心がある性格,自由主義で理想的
少外向,超慎重,少挑戦,少孤独,超理想,調整役,周囲を見てバランスを取る人,人付き合いは良い方でリスクを極端に避け、探求心がある性格,自由主義で地に足がついていない
少外向,超慎重,少挑戦,少仲間,超現実,調整役,周囲を見てバランスを取る人,人付き合いは良い方でリスクを極端に避け、探求心がある性格,温厚で超現実主義
少外向,超慎重,少挑戦,少仲間,現実,調整役,周囲を見てバランスを取る人,人付き合いは良い方でリスクを極端に避け、探求心がある性格,温厚で現実主義
少外向,超慎重,少挑戦,少仲間,少現実,調整役,周囲を見てバランスを取る人,人付き合いは良い方でリスクを極端に避け、探求心がある性格,温厚で現実的な側面を考慮する
少外向,超慎重,少挑戦,少仲間,少理想,調整役,周囲を見てバランスを取る人,人付き合いは良い方でリスクを極端に避け、探求心がある性格,温厚で夢見がち
少外向,超慎重,少挑戦,少仲間,理想,調整役,周囲を見てバランスを取る人,人付き合いは良い方でリスクを極端に避け、探求心がある性格,温厚で理想的
少外向,超慎重,少挑戦,少仲間,超理想,調整役,周囲を見てバランスを取る人,人付き合いは良い方でリスクを極端に避け、探求心がある性格,温厚で地に足がついていない
少外向,超慎重,少挑戦,仲間派,超現実,調整役,周囲を見てバランスを取る人,人付き合いは良い方でリスクを極端に避け、探求心がある性格,仲間思いで超現実主義
少外向,超慎重,少挑戦,仲間派,現実,調整役,周囲を見てバランスを取る人,人付き合いは良い方でリスクを極端に避け、探求心がある性格,仲間思いで現実主義
少外向,超慎重,少挑戦,仲間派,少現実,調整役,周囲を見てバランスを取る人,人付き合いは良い方でリスクを極端に避け、探求心がある性格,仲間思いで現実的な側面を考慮する
少外向,超慎重,少挑戦,仲間派,少理想,調整役,周囲を見てバランスを取る人,人付き合いは良い方でリスクを極端に避け、探求心がある性格,仲間思いで夢見がち
少外向,超慎重,少挑戦,仲間派,理想,調整役,周囲を見てバランスを取る人,人付き合いは良い方でリスクを極端に避け、探求心がある性格,仲間思いで理想的
少外向,超慎重,少挑戦,仲間派,超理想,調整役,周囲を見てバランスを取る人,人付き合いは良い方でリスクを極端に避け、探求心がある性格,仲間思いで地に足がついていない
少外向,超慎重,少挑戦,超仲間,超現実,調整役,周囲を見てバランスを取る人,人付き合いは良い方でリスクを極端に避け、探求心がある性格,自己犠牲精神で超現実主義
少外向,超慎重,少挑戦,超仲間,現実,調整役,周囲を見てバランスを取る人,人付き合いは良い方でリスクを極端に避け、探求心がある性格,自己犠牲精神で現実主義
少外向,超慎重,少挑戦,超仲間,少現実,調整役,周囲を見てバランスを取る人,人付き合いは良い方でリスクを極端に避け、探求心がある性格,自己犠牲精神で現実的な側面を考慮する
少外向,超慎重,少挑戦,超仲間,少理想,調整役,周囲を見てバランスを取る人,人付き合いは良い方でリスクを極端に避け、探求心がある性格,自己犠牲精神で夢見がち
少外向,超慎重,少挑戦,超仲間,理想,調整役,周囲を見てバランスを取る人,人付き合いは良い方でリスクを極端に避け、探求心がある性格,自己犠牲精神で理想的
少外向,超慎重,少挑戦,超仲間,超理想,調整役,周囲を見てバランスを取る人,人付き合いは良い方でリスクを極端に避け、探求心がある性格,自己犠牲精神で地に足がついていない
少外向,超慎重,挑戦,孤高,超現実,孤高の戦士,誰にも頼らず突き進む,人付き合いは良い方でリスクを極端に避け、挑戦的な性格,孤高の存在で超現実主義
少外向,超慎重,挑戦,孤高,現実,孤高の戦士,誰にも頼らず突き進む,人付き合いは良い方でリスクを極端に避け、挑戦的な性格,孤高の存在で現実主義
少外向,超慎重,挑戦,孤高,少現実,策略家,冷静に挑む策士,人付き合いは良い方でリスクを極端に避け、挑戦的な性格,孤高の存在で現実的な側面を考慮する
少外向,超慎重,挑戦,孤高,少理想,策略家,冷静に挑む策士,人付き合いは良い方でリスクを極端に避け、挑戦的な性格,孤高の存在で夢見がち
少外向,超慎重,挑戦,孤高,理想,策略家,冷静に挑む策士,人付き合いは良い方でリスクを極端に避け、挑戦的な性格,孤高の存在で理想的
少外向,超慎重,挑戦,孤高,超理想,策略家,冷静に挑む策士,人付き合いは良い方でリスクを極端に避け、挑戦的な性格,孤高の存在で地に足がついていない
少外向,超慎重,挑戦,一匹狼,超現実,孤高の戦士,誰にも頼らず突き進む,人付き合いは良い方でリスクを極端に避け、挑戦的な性格,一匹狼で超現実主義
少外向,超慎重,挑戦,一匹狼,現実,孤高の戦士,誰にも頼らず突き進む,人付き合いは良い方でリスクを極端に避け、挑戦的な性格,一匹狼で現実主義
少外向,超慎重,挑戦,一匹狼,少現実,策略家,冷静に挑む策士,人付き合いは良い方でリスクを極端に避け、挑戦的な性格,一匹狼で現実的な側面を考慮する
少外向,超慎重,挑戦,一匹狼,少理想,策略家,冷静に挑む策士,人付き合いは良い方でリスクを極端に避け、挑戦的な性格,一匹狼で夢見がち
少外向,超慎重,挑戦,一匹狼,理想,策略家,冷静に挑む策士,人付き合いは良い方でリスクを極端に避け、挑戦的な性格,一匹狼で理想的
少外向,超慎重,挑戦,一匹狼,超理想,策略家,冷静に挑む策士,人付き合いは良い方でリスクを極端に避け、挑戦的な性格,一匹狼で地に足がついていない
少外向,超慎重,挑戦,少孤独,超現実,策略家,冷静に挑む策士,人付き合いは良い方でリスクを極端に避け、挑戦的な性格,自由主義で超現実主義
少外向,超慎重,挑戦,少孤独,現実,策略家,冷静に挑む策士,人付き合いは良い方でリスクを極端に避け、挑戦的な性格,自由主義で現実主義
少外向,超慎重,挑戦,少孤独,少現実,策略家,冷静に挑む策士,人付き合いは良い方でリスクを極端に避け、挑戦的な性格,自由主義で現実的な側面を考慮する
少外向,超慎重,挑戦,少孤独,少理想,策略家,冷静に挑む策士,人付き合いは良い方でリスクを極端に避け、挑戦的な性格,自由主義で夢見がち
少外向,超慎重,挑戦,少孤独,理想,策略家,冷静に挑む策士,人付き合いは良い方でリスクを極端に避け、挑戦的な性格,自由主義で理想的
少外向,超慎重,挑戦,少孤独,超理想,策略家,冷静に挑む策士,人付き合いは良い方でリスクを極端に避け、挑戦的な性格,自由主義で地に足がついていない
少外向,超慎重,挑戦,少仲間,超現実,策略家,冷静に挑む策士,人付き合いは良い方でリスクを極端に避け、挑戦的な性格,温厚で超現実主義
少外向,超慎重,挑戦,少仲間,現実,策略家,冷静に挑む策士,人付き合いは良い方でリスクを極端に避け、挑戦的な性格,温厚で現実主義
少外向,超慎重,挑戦,少仲間,少現実,策略家,冷静に挑む策士,人付き合いは良い方でリスクを極端に避け、挑戦的な性格,温厚で現実的な側面を考慮する
少外向,超慎重,挑戦,少仲間,少理想,策略家,冷静に挑む策士,人付き合いは良い方でリスクを極端に避け、挑戦的な性格,温厚で夢見がち
少外向,超慎重,挑戦,少仲間,理想,策略家,冷静に挑む策士,人付き合いは良い方でリスクを極端に避け、挑戦的な性格,温厚で理想的
少外向,超慎重,挑戦,少仲間,超理想,策略家,冷静に挑む策士,人付き合いは良い方でリスクを極端に避け、挑戦的な性格,温厚で地に足がついていない
少外向,超慎重,挑戦,仲間派,超現実,策略家,冷静に挑む策士,人付き合いは良い方でリスクを極端に避け、挑戦的な性格,仲間思いで超現実主義
少外向,超慎重,挑戦,仲間派,現実,策略家,冷静に挑む策士,人付き合いは良い方でリスクを極端に避け、挑戦的な性格,仲間思いで現実主義
少外向,超慎重,挑戦,仲間派,少現実,策略家,冷静に挑む策士,人付き合いは良い方でリスクを極端に避け、挑戦的な性格,仲間思いで現実的な側面を考慮する
少外向,超慎重,挑戦,仲間派,少理想,策略家,冷静に挑む策士,人付き合いは良い方でリスクを極端に避け、挑戦的な性格,仲間思いで夢見がち
少外向,超慎重,挑戦,仲間派,理想,挑戦家,理想を掲げ挑戦を恐れない,人付き合いは良い方でリスクを極端に避け、挑戦的な性格,仲間思いで理想的
少外向,超慎重,挑戦,仲間派,超理想,挑戦家,理想を掲げ挑戦を恐れない,人付き合いは良い方でリスクを極端に避け、挑戦的な性格,仲間思いで地に足がついていない
少外向,超慎重,挑戦,超仲間,超現実,策略家,冷静に挑む策士,人付き合いは良い方でリスクを極端に避け、挑戦的な性格,自己犠牲精神で超現実主義
少外向,超慎重,挑戦,超仲間,現実,策略家,冷静に挑む策士,人付き合いは良い方でリスクを極端に避け、挑戦的な性格,自己犠牲精神で現実主義
少外向,超慎重,挑戦,超仲間,少現実,策略家,冷静に挑む策士,人付き合いは良い方でリスクを極端に避け、挑戦的な性格,自己犠牲精神で現実的な側面を考慮する
少外向,超慎重,挑戦,超仲間,少理想,策略家,冷静に挑む策士,人付き合いは良い方でリスクを極端に避け、挑戦的な性格,自己犠牲精神で夢見がち
少外向,超慎重,挑戦,超仲間,理想,挑戦家,理想を掲げ挑戦を恐れない,人付き合いは良い方でリスクを極端に避け、挑戦的な性格,自己犠牲精神で理想的
少外向,超慎重,挑戦,超仲間,超理想,挑戦家,理想を掲げ挑戦を恐れない,人付き合いは良い方でリスクを極端に避け、挑戦的な性格,自己犠牲精神で地に足がついていない
少外向,超慎重,超挑戦,孤高,超現実,孤高の戦士,誰にも頼らず突き進む,人付き合いは良い方でリスクを極端に避け、果敢な性格,孤高の存在で超現実主義
少外向,超慎重,超挑戦,孤高,現実,孤高の戦士,誰にも頼らず突き進む,人付き合いは良い方でリスクを極端に避け、果敢な性格,孤高の存在で現実主義
少外向,超慎重,超挑戦,孤高,少現実,策略家,冷静に挑む策士,人付き合いは良い方でリスクを極端に避け、果敢な性格,孤高の存在で現実的な側面を考慮する
少外向,超慎重,超挑戦,孤高,少理想,策略家,冷静に挑む策士,人付き合いは良い方でリスクを極端に避け、果敢な性格,孤高の存在で夢見がち
少外向,超慎重,超挑戦,孤高,理想,策略家,冷静に挑む策士,人付き合いは良い方でリスクを極端に避け、果敢な性格,孤高の存在で理想的
少外向,超慎重,超挑戦,孤高,超理想,策略家,冷静に挑む策士,人付き合いは良い方でリスクを極端に避け、果敢な性格,孤高の存在で地に足がついていない
少外向,超慎重,超挑戦,一匹狼,超現実,孤高の戦士,誰にも頼らず突き進む,人付き合いは良い方でリスクを極端に避け、果敢な性格,一匹狼で超現実主義
少外向,超慎重,超挑戦,一匹狼,現実,孤高の戦士,誰にも頼らず突き進む,人付き合いは良い方でリスクを極端に避け、果敢な性格,一匹狼で現実主義
少外向,超慎重,超挑戦,一匹狼,少現実,策略家,冷静に挑む策士,人付き合いは良い方でリスクを極端に避け、果敢な性格,一匹狼で現実的な側面を考慮する
少外向,超慎重,超挑戦,一匹狼,少理想,策略家,冷静に挑む策士,人付き合いは良い方でリスクを極端に避け、果敢な性格,一匹狼で夢見がち
少外向,超慎重,超挑戦,一匹狼,理想,策略家,冷静に挑む策士,人付き合いは良い方でリスクを極端に避け、果敢な性格,一匹狼で理想的
少外向,超慎重,超挑戦,一匹狼,超理想,策略家,冷静に挑む策士,人付き合いは良い方でリスクを極端に避け、果敢な性格,一匹狼で地に足がついていない
少外向,超慎重,超挑戦,少孤独,超現実,策略家,冷静に挑む策士,人付き合いは良い方でリスクを極端に避け、果敢な性格,自由主義で超現実主義
少外向,超慎重,超挑戦,少孤独,現実,策略家,冷静に挑む策士,人付き合いは良い方でリスクを極端に避け、果敢な性格,自由主義で現実主義
少外向,超慎重,超挑戦,少孤独,少現実,策略家,冷静に挑む策士,人付き合いは良い方でリスクを極端に避け、果敢な性格,自由主義で現実的な側面を考慮する
少外向,超慎重,超挑戦,少孤独,少理想,策略家,冷静に挑む策士,人付き合いは良い方でリスクを極端に避け、果敢な性格,自由主義で夢見がち
少外向,超慎重,超挑戦,少孤独,理想,策略家,冷静に挑む策士,人付き合いは良い方でリスクを極端に避け、果敢な性格,自由主義で理想的
少外向,超慎重,超挑戦,少孤独,超理想,策略家,冷静に挑む策士,人付き合いは良い方でリスクを極端に避け、果敢な性格,自由主義で地に足がついていない
少外向,超慎重,超挑戦,少仲間,超現実,策略家,冷静に挑む策士,人付き合いは良い方でリスクを極端に避け、果敢な性格,温厚で超現実主義
少外向,超慎重,超挑戦,少仲間,現実,策略家,冷静に挑む策士,人付き合いは良い方でリスクを極端に避け、果敢な性格,温厚で現実主義
少外向,超慎重,超挑戦,少仲間,少現実,策略家,冷静に挑む策士,人付き合いは良い方でリスクを極端に避け、果敢な性格,温厚で現実的な側面を考慮する
少外向,超慎重,超挑戦,少仲間,少理想,策略家,冷静に挑む策士,人付き合いは良い方でリスクを極端に避け、果敢な性格,温厚で夢見がち
少外向,超慎重,超挑戦,少仲間,理想,策略家,冷静に挑む策士,人付き合いは良い方でリスクを極端に避け、果敢な性格,温厚で理想的
少外向,超慎重,超挑戦,少仲間,超理想,策略家,冷静に挑む策士,人付き合いは良い方でリスクを極端に避け、果敢な性格,温厚で地に足がついていない
少外向,超慎重,超挑戦,仲間派,超現実,策略家,冷静に挑む策士,人付き合いは良い方でリスクを極端に避け、果敢な性格,仲間思いで超現実主義
少外向,超慎重,超挑戦,仲間派,現実,策略家,冷静に挑む策士,人付き合いは良い方でリスクを極端に避け、果敢な性格,仲間思いで現実主義
少外向,超慎重,超挑戦,仲間派,少現実,策略家,冷静に挑む策士,人付き合いは良い方でリスクを極端に避け、果敢な性格,仲間思いで現実的な側面を考慮する
少外向,超慎重,超挑戦,仲間派,少理想,策略家,冷静に挑む策士,人付き合いは良い方でリスクを極端に避け、果敢な性格,仲間思いで夢見がち
少外向,超慎重,超挑戦,仲間派,理想,挑戦家,理想を掲げ挑戦を恐れない,人付き合いは良い方でリスクを極端に避け、果敢な性格,仲間思いで理想的
少外向,超慎重,超挑戦,仲間派,超理想,挑戦家,理想を掲げ挑戦を恐れない,人付き合いは良い方でリスクを極端に避け、果敢な性格,仲間思いで地に足がついていない
少外向,超慎重,超挑戦,超仲間,超現実,策略家,冷静に挑む策士,人付き合いは良い方でリスクを極端に避け、果敢な性格,自己犠牲精神で超現実主義
少外向,超慎重,超挑戦,超仲間,現実,策略家,冷静に挑む策士,人付き合いは良い方でリスクを極端に避け、果敢な性格,自己犠牲精神で現実主義
少外向,超慎重,超挑戦,超仲間,少現実,策略家,冷静に挑む策士,人付き合いは良い方でリスクを極端に避け、果敢な性格,自己犠牲精神で現実的な側面を考慮する
少外向,超慎重,超挑戦,超仲間,少理想,策略家,冷静に挑む策士,人付き合いは良い方でリスクを極端に避け、果敢な性格,自己犠牲精神で夢見がち
少外向,超慎重,超挑戦,超仲間,理想,挑戦家,理想を掲げ挑戦を恐れない,人付き合いは良い方でリスクを極端に避け、果敢な性格,自己犠牲精神で理想的
少外向,超慎重,超挑戦,超仲間,超理想,挑戦家,理想を掲げ挑戦を恐れない,人付き合いは良い方でリスクを極端に避け、果敢な性格,自己犠牲精神で地に足がついていない
少外向,慎重,超回避,孤高,超現実,調整役,周囲を見てバランスを取る人,人付き合いは良い方で慎重的、対立を徹底的に避ける性格,孤高の存在で超現実主義
少外向,慎重,超回避,孤高,現実,調整役,周囲を見てバランスを取る人,人付き合いは良い方で慎重的、対立を徹底的に避ける性格,孤高の存在で現実主義
少外向,慎重,超回避,孤高,少現実,調整役,周囲を見てバランスを取る人,人付き合いは良い方で慎重的、対立を徹底的に避ける性格,孤高の存在で現実的な側面を考慮する
少外向,慎重,超回避,孤高,少理想,調整役,周囲を見てバランスを取る人,人付き合いは良い方で慎重的、対立を徹底的に避ける性格,孤高の存在で夢見がち
少外向,慎重,超回避,孤高,理想,調整役,周囲を見てバランスを取る人,人付き合いは良い方で慎重的、対立を徹底的に避ける性格,孤高の存在で理想的
少外向,慎重,超回避,孤高,超理想,調整役,周囲を見てバランスを取る人,人付き合いは良い方で慎重的、対立を徹底的に避ける性格,孤高の存在で地に足がついていない
少外向,慎重,超回避,一匹狼,超現実,調整役,周囲を見てバランスを取る人,人付き合いは良い方で慎重的、対立を徹底的に避ける性格,一匹狼で超現実主義
少外向,慎重,超回避,一匹狼,現実,調整役,周囲を見てバランスを取る人,人付き合いは良い方で慎重的、対立を徹底的に避ける性格,一匹狼で現実主義
少外向,慎重,超回避,一匹狼,少現実,調整役,周囲を見てバランスを取る人,人付き合いは良い方で慎重的、対立を徹底的に避ける性格,一匹狼で現実的な側面を考慮する
少外向,慎重,超回避,一匹狼,少理想,調整役,周囲を見てバランスを取る人,人付き合いは良い方で慎重的、対立を徹底的に避ける性格,一匹狼で夢見がち
少外向,慎重,超回避,一匹狼,理想,調整役,周囲を見てバランスを取る人,人付き合いは良い方で慎重的、対立を徹底的に避ける性格,一匹狼で理想的
少外向,慎重,超回避,一匹狼,超理想,調整役,周囲を見てバランスを取る人,人付き合いは良い方で慎重的、対立を徹底的に避ける性格,一匹狼で地に足がついていない
少外向,慎重,超回避,少孤独,超現実,調整役,周囲を見てバランスを取る人,人付き合いは良い方で慎重的、対立を徹底的に避ける性格,自由主義で超現実主義
少外向,慎重,超回避,少孤独,現実,調整役,周囲を見てバランスを取る人,人付き合いは良い方で慎重的、対立を徹底的に避ける性格,自由主義で現実主義
少外向,慎重,超回避,少孤独,少現実,調整役,周囲を見てバランスを取る人,人付き合いは良い方で慎重的、対立を徹底的に避ける性格,自由主義で現実的な側面を考慮する
少外向,慎重,超回避,少孤独,少理想,調整役,周囲を見てバランスを取る人,人付き合いは良い方で慎重的、対立を徹底的に避ける性格,自由主義で夢見がち
少外向,慎重,超回避,少孤独,理想,調整役,周囲を見てバランスを取る人,人付き合いは良い方で慎重的、対立を徹底的に避ける性格,自由主義で理想的
少外向,慎重,超回避,少孤独,超理想,調整役,周囲を見てバランスを取る人,人付き合いは良い方で慎重的、対立を徹底的に避ける性格,自由主義で地に足がついていない
少外向,慎重,超回避,少仲間,超現実,調整役,周囲を見てバランスを取る人,人付き合いは良い方で慎重的、対立を徹底的に避ける性格,温厚で超現実主義
少外向,慎重,超回避,少仲間,現実,調整役,周囲を見てバランスを取る人,人付き合いは良い方で慎重的、対立を徹底的に避ける性格,温厚で現実主義
少外向,慎重,超回避,少仲間,少現実,調整役,周囲を見てバランスを取る人,人付き合いは良い方で慎重的、対立を徹底的に避ける性格,温厚で現実的な側面を考慮する
少外向,慎重,超回避,少仲間,少理想,調整役,周囲を見てバランスを取る人,人付き合いは良い方で慎重的、対立を徹底的に避ける性格,温厚で夢見がち
少外向,慎重,超回避,少仲間,理想,調整役,周囲を見てバランスを取る人,人付き合いは良い方で慎重的、対立を徹底的に避ける性格,温厚で理想的
少外向,慎重,超回避,少仲間,超理想,調整役,周囲を見てバランスを取る人,人付き合いは良い方で慎重的、対立を徹底的に避ける性格,温厚で地に足がついていない
少外向,慎重,超回避,仲間派,超現実,守護者,仲間を守る頼れる存在,人付き合いは良い方で慎重的、対立を徹底的に避ける性格,仲間思いで超現実主義
少外向,慎重,超回避,仲間派,現実,守護者,仲間を守る頼れる存在,人付き合いは良い方で慎重的、対立を徹底的に避ける性格,仲間思いで現実主義
少外向,慎重,超回避,仲間派,少現実,守護者,仲間を守る頼れる存在,人付き合いは良い方で慎重的、対立を徹底的に避ける性格,仲間思いで現実的な側面を考慮する
少外向,慎重,超回避,仲間派,少理想,守護者,仲間を守る頼れる存在,人付き合いは良い方で慎重的、対立を徹底的に避ける性格,仲間思いで夢見がち
少外向,慎重,超回避,仲間派,理想,守護者,仲間を守る頼れる存在,人付き合いは良い方で慎重的、対立を徹底的に避ける性格,仲間思いで理想的
少外向,慎重,超回避,仲間派,超理想,守護者,仲間を守る頼れる存在,人付き合いは良い方で慎重的、対立を徹底的に避ける性格,仲間思いで地に足がついていない
少外向,慎重,超回避,超仲間,超現実,守護者,仲間を守る頼れる存在,人付き合いは良い方で慎重的、対立を徹底的に避ける性格,自己犠牲精神で超現実主義
少外向,慎重,超回避,超仲間,現実,守護者,仲間を守る頼れる存在,人付き合いは良い方で慎重的、対立を徹底的に避ける性格,自己犠牲精神で現実主義
少外向,慎重,超回避,超仲間,少現実,守護者,仲間を守る頼れる存在,人付き合いは良い方で慎重的、対立を徹底的に避ける性格,自己犠牲精神で現実的な側面を考慮する
少外向,慎重,超回避,超仲間,少理想,守護者,仲間を守る頼れる存在,人付き合いは良い方で慎重的、対立を徹底的に避ける性格,自己犠牲精神で夢見がち
少外向,慎重,超回避,超仲間,理想,守護者,仲間を守る頼れる存在,人付き合いは良い方で慎重的、対立を徹底的に避ける性格,自己犠牲精神で理想的
少外向,慎重,超回避,超仲間,超理想,守護者,仲間を守る頼れる存在,人付き合いは良い方で慎重的、対立を徹底的に避ける性格,自己犠牲精神で地に足がついていない
少外向,慎重,回避,孤高,超現実,調整役,周囲を見てバランスを取る人,人付き合いは良い方で慎重的、直接的な対応を好まない性格,孤高の存在で超現実主義
少外向,慎重,回避,孤高,現実,調整役,周囲を見てバランスを取る人,人付き合いは良い方で慎重的、直接的な対応を好まない性格,孤高の存在で現実主義
少外向,慎重,回避,孤高,少現実,調整役,周囲を見てバランスを取る人,人付き合いは良い方で慎重的、直接的な対応を好まない性格,孤高の存在で現実的な側面を考慮する
少外向,慎重,回避,孤高,少理想,調整役,周囲を見てバランスを取る人,人付き合いは良い方で慎重的、直接的な対応を好まない性格,孤高の存在で夢見がち
少外向,慎重,回避,孤高,理想,調整役,周囲を見てバランスを取る人,人付き合いは良い方で慎重的、直接的な対応を好まない性格,孤高の存在で理想的
少外向,慎重,回避,孤高,超理想,調整役,周囲を見てバランスを取る人,人付き合いは良い方で慎重的、直接的な対応を好まない性格,孤高の存在で地に足がついていない
少外向,慎重,回避,一匹狼,超現実,調整役,周囲を見てバランスを取る人,人付き合いは良い方で慎重的、直接的な対応を好まない性格,一匹狼で超現実主義
少外向,慎重,回避,一匹狼,現実,調整役,周囲を見てバランスを取る人,人付き合いは良い方で慎重的、直接的な対応を好まない性格,一匹狼で現実主義
少外向,慎重,回避,一匹狼,少現実,調整役,周囲を見てバランスを取る人,人付き合いは良い方で慎重的、直接的な対応を好まない性格,一匹狼で現実的な側面を考慮する
少外向,慎重,回避,一匹狼,少理想,調整役,周囲を見てバランスを取る人,人付き合いは良い方で慎重的、直接的な対応を好まない性格,一匹狼で夢見がち
少外向,慎重,回避,一匹狼,理想,調整役,周囲を見てバランスを取る人,人付き合いは良い方で慎重的、直接的な対応を好まない性格,一匹狼で理想的
少外向,慎重,回避,一匹狼,超理想,調整役,周囲を見てバランスを取る人,人付き合いは良い方で慎重的、直接的な対応を好まない性格,一匹狼で地に足がついていない
少外向,慎重,回避,少孤独,超現実,調整役,周囲を見てバランスを取る人,人付き合いは良い方で慎重的、直接的な対応を好まない性格,自由主義で超現実主義
少外向,慎重,回避,少孤独,現実,調整役,周囲を見てバランスを取る人,人付き合いは良い方で慎重的、直接的な対応を好まない性格,自由主義で現実主義
少外向,慎重,回避,少孤独,少現実,調整役,周囲を見てバランスを取る人,人付き合いは良い方で慎重的、直接的な対応を好まない性格,自由主義で現実的な側面を考慮する
少外向,慎重,回避,少孤独,少理想,調整役,周囲を見てバランスを取る人,人付き合いは良い方で慎重的、直接的な対応を好まない性格,自由主義で夢見がち
少外向,慎重,回避,少孤独,理想,調整役,周囲を見てバランスを取る人,人付き合いは良い方で慎重的、直接的な対応を好まない性格,自由主義で理想的
少外向,慎重,回避,少孤独,超理想,調整役,周囲を見てバランスを取る人,人付き合いは良い方で慎重的、直接的な対応を好まない性格,自由主義で地に足がついていない
少外向,慎重,回避,少仲間,超現実,調整役,周囲を見てバランスを取る人,人付き合いは良い方で慎重的、直接的な対応を好まない性格,温厚で超現実主義
少外向,慎重,回避,少仲間,現実,調整役,周囲を見てバランスを取る人,人付き合いは良い方で慎重的、直接的な対応を好まない性格,温厚で現実主義
少外向,慎重,回避,少仲間,少現実,調整役,周囲を見てバランスを取る人,人付き合いは良い方で慎重的、直接的な対応を好まない性格,温厚で現実的な側面を考慮する
少外向,慎重,回避,少仲間,少理想,調整役,周囲を見てバランスを取る人,人付き合いは良い方で慎重的、直接的な対応を好まない性格,温厚で夢見がち
少外向,慎重,回避,少仲間,理想,調整役,周囲を見てバランスを取る人,人付き合いは良い方で慎重的、直接的な対応を好まない性格,温厚で理想的
少外向,慎重,回避,少仲間,超理想,調整役,周囲を見てバランスを取る人,人付き合いは良い方で慎重的、直接的な対応を好まない性格,温厚で地に足がついていない
少外向,慎重,回避,仲間派,超現実,守護者,仲間を守る頼れる存在,人付き合いは良い方で慎重的、直接的な対応を好まない性格,仲間思いで超現実主義
少外向,慎重,回避,仲間派,現実,守護者,仲間を守る頼れる存在,人付き合いは良い方で慎重的、直接的な対応を好まない性格,仲間思いで現実主義
少外向,慎重,回避,仲間派,少現実,守護者,仲間を守る頼れる存在,人付き合いは良い方で慎重的、直接的な対応を好まない性格,仲間思いで現実的な側面を考慮する
少外向,慎重,回避,仲間派,少理想,守護者,仲間を守る頼れる存在,人付き合いは良い方で慎重的、直接的な対応を好まない性格,仲間思いで夢見がち
少外向,慎重,回避,仲間派,理想,守護者,仲間を守る頼れる存在,人付き合いは良い方で慎重的、直接的な対応を好まない性格,仲間思いで理想的
少外向,慎重,回避,仲間派,超理想,守護者,仲間を守る頼れる存在,人付き合いは良い方で慎重的、直接的な対応を好まない性格,仲間思いで地に足がついていない
少外向,慎重,回避,超仲間,超現実,守護者,仲間を守る頼れる存在,人付き合いは良い方で慎重的、直接的な対応を好まない性格,自己犠牲精神で超現実主義
少外向,慎重,回避,超仲間,現実,守護者,仲間を守る頼れる存在,人付き合いは良い方で慎重的、直接的な対応を好まない性格,自己犠牲精神で現実主義
少外向,慎重,回避,超仲間,少現実,守護者,仲間を守る頼れる存在,人付き合いは良い方で慎重的、直接的な対応を好まない性格,自己犠牲精神で現実的な側面を考慮する
少外向,慎重,回避,超仲間,少理想,守護者,仲間を守る頼れる存在,人付き合いは良い方で慎重的、直接的な対応を好まない性格,自己犠牲精神で夢見がち
少外向,慎重,回避,超仲間,理想,守護者,仲間を守る頼れる存在,人付き合いは良い方で慎重的、直接的な対応を好まない性格,自己犠牲精神で理想的
少外向,慎重,回避,超仲間,超理想,守護者,仲間を守る頼れる存在,人付き合いは良い方で慎重的、直接的な対応を好まない性格,自己犠牲精神で地に足がついていない
少外向,慎重,少回避,孤高,超現実,調整役,周囲を見てバランスを取る人,人付き合いは良い方で慎重的、争いごとを好まない性格,孤高の存在で超現実主義
少外向,慎重,少回避,孤高,現実,調整役,周囲を見てバランスを取る人,人付き合いは良い方で慎重的、争いごとを好まない性格,孤高の存在で現実主義
少外向,慎重,少回避,孤高,少現実,調整役,周囲を見てバランスを取る人,人付き合いは良い方で慎重的、争いごとを好まない性格,孤高の存在で現実的な側面を考慮する
少外向,慎重,少回避,孤高,少理想,調整役,周囲を見てバランスを取る人,人付き合いは良い方で慎重的、争いごとを好まない性格,孤高の存在で夢見がち
少外向,慎重,少回避,孤高,理想,調整役,周囲を見てバランスを取る人,人付き合いは良い方で慎重的、争いごとを好まない性格,孤高の存在で理想的
少外向,慎重,少回避,孤高,超理想,調整役,周囲を見てバランスを取る人,人付き合いは良い方で慎重的、争いごとを好まない性格,孤高の存在で地に足がついていない
少外向,慎重,少回避,一匹狼,超現実,調整役,周囲を見てバランスを取る人,人付き合いは良い方で慎重的、争いごとを好まない性格,一匹狼で超現実主義
少外向,慎重,少回避,一匹狼,現実,調整役,周囲を見てバランスを取る人,人付き合いは良い方で慎重的、争いごとを好まない性格,一匹狼で現実主義
少外向,慎重,少回避,一匹狼,少現実,調整役,周囲を見てバランスを取る人,人付き合いは良い方で慎重的、争いごとを好まない性格,一匹狼で現実的な側面を考慮する
少外向,慎重,少回避,一匹狼,少理想,調整役,周囲を見てバランスを取る人,人付き合いは良い方で慎重的、争いごとを好まない性格,一匹狼で夢見がち
少外向,慎重,少回避,一匹狼,理想,調整役,周囲を見てバランスを取る人,人付き合いは良い方で慎重的、争いごとを好まない性格,一匹狼で理想的
少外向,慎重,少回避,一匹狼,超理想,調整役,周囲を見てバランスを取る人,人付き合いは良い方で慎重的、争いごとを好まない性格,一匹狼で地に足がついていない
少外向,慎重,少回避,少孤独,超現実,調整役,周囲を見てバランスを取る人,人付き合いは良い方で慎重的、争いごとを好まない性格,自由主義で超現実主義
少外向,慎重,少回避,少孤独,現実,調整役,周囲を見てバランスを取る人,人付き合いは良い方で慎重的、争いごとを好まない性格,自由主義で現実主義
少外向,慎重,少回避,少孤独,少現実,調整役,周囲を見てバランスを取る人,人付き合いは良い方で慎重的、争いごとを好まない性格,自由主義で現実的な側面を考慮する
少外向,慎重,少回避,少孤独,少理想,調整役,周囲を見てバランスを取る人,人付き合いは良い方で慎重的、争いごとを好まない性格,自由主義で夢見がち
少外向,慎重,少回避,少孤独,理想,調整役,周囲を見てバランスを取る人,人付き合いは良い方で慎重的、争いごとを好まない性格,自由主義で理想的
少外向,慎重,少回避,少孤独,超理想,調整役,周囲を見てバランスを取る人,人付き合いは良い方で慎重的、争いごとを好まない性格,自由主義で地に足がついていない
少外向,慎重,少回避,少仲間,超現実,調整役,周囲を見てバランスを取る人,人付き合いは良い方で慎重的、争いごとを好まない性格,温厚で超現実主義
少外向,慎重,少回避,少仲間,現実,調整役,周囲を見てバランスを取る人,人付き合いは良い方で慎重的、争いごとを好まない性格,温厚で現実主義
少外向,慎重,少回避,少仲間,少現実,調整役,周囲を見てバランスを取る人,人付き合いは良い方で慎重的、争いごとを好まない性格,温厚で現実的な側面を考慮する
少外向,慎重,少回避,少仲間,少理想,調整役,周囲を見てバランスを取る人,人付き合いは良い方で慎重的、争いごとを好まない性格,温厚で夢見がち
少外向,慎重,少回避,少仲間,理想,調整役,周囲を見てバランスを取る人,人付き合いは良い方で慎重的、争いごとを好まない性格,温厚で理想的
少外向,慎重,少回避,少仲間,超理想,調整役,周囲を見てバランスを取る人,人付き合いは良い方で慎重的、争いごとを好まない性格,温厚で地に足がついていない
少外向,慎重,少回避,仲間派,超現実,守護者,仲間を守る頼れる存在,人付き合いは良い方で慎重的、争いごとを好まない性格,仲間思いで超現実主義
少外向,慎重,少回避,仲間派,現実,守護者,仲間を守る頼れる存在,人付き合いは良い方で慎重的、争いごとを好まない性格,仲間思いで現実主義
少外向,慎重,少回避,仲間派,少現実,守護者,仲間を守る頼れる存在,人付き合いは良い方で慎重的、争いごとを好まない性格,仲間思いで現実的な側面を考慮する
少外向,慎重,少回避,仲間派,少理想,守護者,仲間を守る頼れる存在,人付き合いは良い方で慎重的、争いごとを好まない性格,仲間思いで夢見がち
少外向,慎重,少回避,仲間派,理想,守護者,仲間を守る頼れる存在,人付き合いは良い方で慎重的、争いごとを好まない性格,仲間思いで理想的
少外向,慎重,少回避,仲間派,超理想,守護者,仲間を守る頼れる存在,人付き合いは良い方で慎重的、争いごとを好まない性格,仲間思いで地に足がついていない
少外向,慎重,少回避,超仲間,超現実,守護者,仲間を守る頼れる存在,人付き合いは良い方で慎重的、争いごとを好まない性格,自己犠牲精神で超現実主義
少外向,慎重,少回避,超仲間,現実,守護者,仲間を守る頼れる存在,人付き合いは良い方で慎重的、争いごとを好まない性格,自己犠牲精神で現実主義
少外向,慎重,少回避,超仲間,少現実,守護者,仲間を守る頼れる存在,人付き合いは良い方で慎重的、争いごとを好まない性格,自己犠牲精神で現実的な側面を考慮する
少外向,慎重,少回避,超仲間,少理想,守護者,仲間を守る頼れる存在,人付き合いは良い方で慎重的、争いごとを好まない性格,自己犠牲精神で夢見がち
少外向,慎重,少回避,超仲間,理想,守護者,仲間を守る頼れる存在,人付き合いは良い方で慎重的、争いごとを好まない性格,自己犠牲精神で理想的
少外向,慎重,少回避,超仲間,超理想,守護者,仲間を守る頼れる存在,人付き合いは良い方で慎重的、争いごとを好まない性格,自己犠牲精神で地に足がついていない
少外向,慎重,少挑戦,孤高,超現実,調整役,周囲を見てバランスを取る人,人付き合いは良い方で慎重的、探求心がある性格,孤高の存在で超現実主義
少外向,慎重,少挑戦,孤高,現実,調整役,周囲を見てバランスを取る人,人付き合いは良い方で慎重的、探求心がある性格,孤高の存在で現実主義
少外向,慎重,少挑戦,孤高,少現実,調整役,周囲を見てバランスを取る人,人付き合いは良い方で慎重的、探求心がある性格,孤高の存在で現実的な側面を考慮する
少外向,慎重,少挑戦,孤高,少理想,調整役,周囲を見てバランスを取る人,人付き合いは良い方で慎重的、探求心がある性格,孤高の存在で夢見がち
少外向,慎重,少挑戦,孤高,理想,調整役,周囲を見てバランスを取る人,人付き合いは良い方で慎重的、探求心がある性格,孤高の存在で理想的
少外向,慎重,少挑戦,孤高,超理想,調整役,周囲を見てバランスを取る人,人付き合いは良い方で慎重的、探求心がある性格,孤高の存在で地に足がついていない
少外向,慎重,少挑戦,一匹狼,超現実,調整役,周囲を見てバランスを取る人,人付き合いは良い方で慎重的、探求心がある性格,一匹狼で超現実主義
少外向,慎重,少挑戦,一匹狼,現実,調整役,周囲を見てバランスを取る人,人付き合いは良い方で慎重的、探求心がある性格,一匹狼で現実主義
少外向,慎重,少挑戦,一匹狼,少現実,調整役,周囲を見てバランスを取る人,人付き合いは良い方で慎重的、探求心がある性格,一匹狼で現実的な側面を考慮する
少外向,慎重,少挑戦,一匹狼,少理想,調整役,周囲を見てバランスを取る人,人付き合いは良い方で慎重的、探求心がある性格,一匹狼で夢見がち
少外向,慎重,少挑戦,一匹狼,理想,調整役,周囲を見てバランスを取る人,人付き合いは良い方で慎重的、探求心がある性格,一匹狼で理想的
少外向,慎重,少挑戦,一匹狼,超理想,調整役,周囲を見てバランスを取る人,人付き合いは良い方で慎重的、探求心がある性格,一匹狼で地に足がついていない
少外向,慎重,少挑戦,少孤独,超現実,調整役,周囲を見てバランスを取る人,人付き合いは良い方で慎重的、探求心がある性格,自由主義で超現実主義
少外向,慎重,少挑戦,少孤独,現実,調整役,周囲を見てバランスを取る人,人付き合いは良い方で慎重的、探求心がある性格,自由主義で現実主義
少外向,慎重,少挑戦,少孤独,少現実,調整役,周囲を見てバランスを取る人,人付き合いは良い方で慎重的、探求心がある性格,自由主義で現実的な側面を考慮する
少外向,慎重,少挑戦,少孤独,少理想,調整役,周囲を見てバランスを取る人,人付き合いは良い方で慎重的、探求心がある性格,自由主義で夢見がち
少外向,慎重,少挑戦,少孤独,理想,調整役,周囲を見てバランスを取る人,人付き合いは良い方で慎重的、探求心がある性格,自由主義で理想的
少外向,慎重,少挑戦,少孤独,超理想,調整役,周囲を見てバランスを取る人,人付き合いは良い方で慎重的、探求心がある性格,自由主義で地に足がついていない
少外向,慎重,少挑戦,少仲間,超現実,調整役,周囲を見てバランスを取る人,人付き合いは良い方で慎重的、探求心がある性格,温厚で超現実主義
少外向,慎重,少挑戦,少仲間,現実,調整役,周囲を見てバランスを取る人,人付き合いは良い方で慎重的、探求心がある性格,温厚で現実主義
少外向,慎重,少挑戦,少仲間,少現実,調整役,周囲を見てバランスを取る人,人付き合いは良い方で慎重的、探求心がある性格,温厚で現実的な側面を考慮する
少外向,慎重,少挑戦,少仲間,少理想,調整役,周囲を見てバランスを取る人,人付き合いは良い方で慎重的、探求心がある性格,温厚で夢見がち
少外向,慎重,少挑戦,少仲間,理想,調整役,周囲を見てバランスを取る人,人付き合いは良い方で慎重的、探求心がある性格,温厚で理想的
少外向,慎重,少挑戦,少仲間,超理想,調整役,周囲を見てバランスを取る人,人付き合いは良い方で慎重的、探求心がある性格,温厚で地に足がついていない
少外向,慎重,少挑戦,仲間派,超現実,調整役,周囲を見てバランスを取る人,人付き合いは良い方で慎重的、探求心がある性格,仲間思いで超現実主義
少外向,慎重,少挑戦,仲間派,現実,調整役,周囲を見てバランスを取る人,人付き合いは良い方で慎重的、探求心がある性格,仲間思いで現実主義
少外向,慎重,少挑戦,仲間派,少現実,調整役,周囲を見てバランスを取る人,人付き合いは良い方で慎重的、探求心がある性格,仲間思いで現実的な側面を考慮する
少外向,慎重,少挑戦,仲間派,少理想,調整役,周囲を見てバランスを取る人,人付き合いは良い方で慎重的、探求心がある性格,仲間思いで夢見がち
少外向,慎重,少挑戦,仲間派,理想,調整役,周囲を見てバランスを取る人,人付き合いは良い方で慎重的、探求心がある性格,仲間思いで理想的
少外向,慎重,少挑戦,仲間派,超理想,調整役,周囲を見てバランスを取る人,人付き合いは良い方で慎重的、探求心がある性格,仲間思いで地に足がついていない
少外向,慎重,少挑戦,超仲間,超現実,調整役,周囲を見てバランスを取る人,人付き合いは良い方で慎重的、探求心がある性格,自己犠牲精神で超現実主義
少外向,慎重,少挑戦,超仲間,現実,調整役,周囲を見てバランスを取る人,人付き合いは良い方で慎重的、探求心がある性格,自己犠牲精神で現実主義
少外向,慎重,少挑戦,超仲間,少現実,調整役,周囲を見てバランスを取る人,人付き合いは良い方で慎重的、探求心がある性格,自己犠牲精神で現実的な側面を考慮する
少外向,慎重,少挑戦,超仲間,少理想,調整役,周囲を見てバランスを取る人,人付き合いは良い方で慎重的、探求心がある性格,自己犠牲精神で夢見がち
少外向,慎重,少挑戦,超仲間,理想,調整役,周囲を見てバランスを取る人,人付き合いは良い方で慎重的、探求心がある性格,自己犠牲精神で理想的
少外向,慎重,少挑戦,超仲間,超理想,調整役,周囲を見てバランスを取る人,人付き合いは良い方で慎重的、探求心がある性格,自己犠牲精神で地に足がついていない
少外向,慎重,挑戦,孤高,超現実,孤高の戦士,誰にも頼らず突き進む,人付き合いは良い方で慎重的、挑戦的な性格,孤高の存在で超現実主義
少外向,慎重,挑戦,孤高,現実,孤高の戦士,誰にも頼らず突き進む,人付き合いは良い方で慎重的、挑戦的な性格,孤高の存在で現実主義
少外向,慎重,挑戦,孤高,少現実,策略家,冷静に挑む策士,人付き合いは良い方で慎重的、挑戦的な性格,孤高の存在で現実的な側面を考慮する
少外向,慎重,挑戦,孤高,少理想,策略家,冷静に挑む策士,人付き合いは良い方で慎重的、挑戦的な性格,孤高の存在で夢見がち
少外向,慎重,挑戦,孤高,理想,策略家,冷静に挑む策士,人付き合いは良い方で慎重的、挑戦的な性格,孤高の存在で理想的
少外向,慎重,挑戦,孤高,超理想,策略家,冷静に挑む策士,人付き合いは良い方で慎重的、挑戦的な性格,孤高の存在で地に足がついていない
少外向,慎重,挑戦,一匹狼,超現実,孤高の戦士,誰にも頼らず突き進む,人付き合いは良い方で慎重的、挑戦的な性格,一匹狼で超現実主義
少外向,慎重,挑戦,一匹狼,現実,孤高の戦士,誰にも頼らず突き進む,人付き合いは良い方で慎重的、挑戦的な性格,一匹狼で現実主義
少外向,慎重,挑戦,一匹狼,少現実,策略家,冷静に挑む策士,人付き合いは良い方で慎重的、挑戦的な性格,一匹狼で現実的な側面を考慮する
少外向,慎重,挑戦,一匹狼,少理想,策略家,冷静に挑む策士,人付き合いは良い方で慎重的、挑戦的な性格,一匹狼で夢見がち
少外向,慎重,挑戦,一匹狼,理想,策略家,冷静に挑む策士,人付き合いは良い方で慎重的、挑戦的な性格,一匹狼で理想的
少外向,慎重,挑戦,一匹狼,超理想,策略家,冷静に挑む策士,人付き合いは良い方で慎重的、挑戦的な性格,一匹狼で地に足がついていない
少外向,慎重,挑戦,少孤独,超現実,策略家,冷静に挑む策士,人付き合いは良い方で慎重的、挑戦的な性格,自由主義で超現実主義
少外向,慎重,挑戦,少孤独,現実,策略家,冷静に挑む策士,人付き合いは良い方で慎重的、挑戦的な性格,自由主義で現実主義
少外向,慎重,挑戦,少孤独,少現実,策略家,冷静に挑む策士,人付き合いは良い方で慎重的、挑戦的な性格,自由主義で現実的な側面を考慮する
少外向,慎重,挑戦,少孤独,少理想,策略家,冷静に挑む策士,人付き合いは良い方で慎重的、挑戦的な性格,自由主義で夢見がち
少外向,慎重,挑戦,少孤独,理想,策略家,冷静に挑む策士,人付き合いは良い方で慎重的、挑戦的な性格,自由主義で理想的
少外向,慎重,挑戦,少孤独,超理想,策略家,冷静に挑む策士,人付き合いは良い方で慎重的、挑戦的な性格,自由主義で地に足がついていない
少外向,慎重,挑戦,少仲間,超現実,策略家,冷静に挑む策士,人付き合いは良い方で慎重的、挑戦的な性格,温厚で超現実主義
少外向,慎重,挑戦,少仲間,現実,策略家,冷静に挑む策士,人付き合いは良い方で慎重的、挑戦的な性格,温厚で現実主義
少外向,慎重,挑戦,少仲間,少現実,策略家,冷静に挑む策士,人付き合いは良い方で慎重的、挑戦的な性格,温厚で現実的な側面を考慮する
少外向,慎重,挑戦,少仲間,少理想,策略家,冷静に挑む策士,人付き合いは良い方で慎重的、挑戦的な性格,温厚で夢見がち
少外向,慎重,挑戦,少仲間,理想,策略家,冷静に挑む策士,人付き合いは良い方で慎重的、挑戦的な性格,温厚で理想的
少外向,慎重,挑戦,少仲間,超理想,策略家,冷静に挑む策士,人付き合いは良い方で慎重的、挑戦的な性格,温厚で地に足がついていない
少外向,慎重,挑戦,仲間派,超現実,策略家,冷静に挑む策士,人付き合いは良い方で慎重的、挑戦的な性格,仲間思いで超現実主義
少外向,慎重,挑戦,仲間派,現実,策略家,冷静に挑む策士,人付き合いは良い方で慎重的、挑戦的な性格,仲間思いで現実主義
少外向,慎重,挑戦,仲間派,少現実,策略家,冷静に挑む策士,人付き合いは良い方で慎重的、挑戦的な性格,仲間思いで現実的な側面を考慮する
少外向,慎重,挑戦,仲間派,少理想,策略家,冷静に挑む策士,人付き合いは良い方で慎重的、挑戦的な性格,仲間思いで夢見がち
少外向,慎重,挑戦,仲間派,理想,挑戦家,理想を掲げ挑戦を恐れない,人付き合いは良い方で慎重的、挑戦的な性格,仲間思いで理想的
少外向,慎重,挑戦,仲間派,超理想,挑戦家,理想を掲げ挑戦を恐れない,人付き合いは良い方で慎重的、挑戦的な性格,仲間思いで地に足がついていない
少外向,慎重,挑戦,超仲間,超現実,策略家,冷静に挑む策士,人付き合いは良い方で慎重的、挑戦的な性格,自己犠牲精神で超現実主義
少外向,慎重,挑戦,超仲間,現実,策略家,冷静に挑む策士,人付き合いは良い方で慎重的、挑戦的な性格,自己犠牲精神で現実主義
少外向,慎重,挑戦,超仲間,少現実,策略家,冷静に挑む策士,人付き合いは良い方で慎重的、挑戦的な性格,自己犠牲精神で現実的な側面を考慮する
少外向,慎重,挑戦,超仲間,少理想,策略家,冷静に挑む策士,人付き合いは良い方で慎重的、挑戦的な性格,自己犠牲精神で夢見がち
少外向,慎重,挑戦,超仲間,理想,挑戦家,理想を掲げ挑戦を恐れない,人付き合いは良い方で慎重的、挑戦的な性格,自己犠牲精神で理想的
少外向,慎重,挑戦,超仲間,超理想,挑戦家,理想を掲げ挑戦を恐れない,人付き合いは良い方で慎重的、挑戦的な性格,自己犠牲精神で地に足がついていない
少外向,慎重,超挑戦,孤高,超現実,孤高の戦士,誰にも頼らず突き進む,人付き合いは良い方で慎重的、果敢な性格,孤高の存在で超現実主義
少外向,慎重,超挑戦,孤高,現実,孤高の戦士,誰にも頼らず突き進む,人付き合いは良い方で慎重的、果敢な性格,孤高の存在で現実主義
少外向,慎重,超挑戦,孤高,少現実,策略家,冷静に挑む策士,人付き合いは良い方で慎重的、果敢な性格,孤高の存在で現実的な側面を考慮する
少外向,慎重,超挑戦,孤高,少理想,策略家,冷静に挑む策士,人付き合いは良い方で慎重的、果敢な性格,孤高の存在で夢見がち
少外向,慎重,超挑戦,孤高,理想,策略家,冷静に挑む策士,人付き合いは良い方で慎重的、果敢な性格,孤高の存在で理想的
少外向,慎重,超挑戦,孤高,超理想,策略家,冷静に挑む策士,人付き合いは良い方で慎重的、果敢な性格,孤高の存在で地に足がついていない
少外向,慎重,超挑戦,一匹狼,超現実,孤高の戦士,誰にも頼らず突き進む,人付き合いは良い方で慎重的、果敢な性格,一匹狼で超現実主義
少外向,慎重,超挑戦,一匹狼,現実,孤高の戦士,誰にも頼らず突き進む,人付き合いは良い方で慎重的、果敢な性格,一匹狼で現実主義
少外向,慎重,超挑戦,一匹狼,少現実,策略家,冷静に挑む策士,人付き合いは良い方で慎重的、果敢な性格,一匹狼で現実的な側面を考慮する
少外向,慎重,超挑戦,一匹狼,少理想,策略家,冷静に挑む策士,人付き合いは良い方で慎重的、果敢な性格,一匹狼で夢見がち
少外向,慎重,超挑戦,一匹狼,理想,策略家,冷静に挑む策士,人付き合いは良い方で慎重的、果敢な性格,一匹狼で理想的
少外向,慎重,超挑戦,一匹狼,超理想,策略家,冷静に挑む策士,人付き合いは良い方で慎重的、果敢な性格,一匹狼で地に足がついていない
少外向,慎重,超挑戦,少孤独,超現実,策略家,冷静に挑む策士,人付き合いは良い方で慎重的、果敢な性格,自由主義で超現実主義
少外向,慎重,超挑戦,少孤独,現実,策略家,冷静に挑む策士,人付き合いは良い方で慎重的、果敢な性格,自由主義で現実主義
少外向,慎重,超挑戦,少孤独,少現実,策略家,冷静に挑む策士,人付き合いは良い方で慎重的、果敢な性格,自由主義で現実的な側面を考慮する
少外向,慎重,超挑戦,少孤独,少理想,策略家,冷静に挑む策士,人付き合いは良い方で慎重的、果敢な性格,自由主義で夢見がち
少外向,慎重,超挑戦,少孤独,理想,策略家,冷静に挑む策士,人付き合いは良い方で慎重的、果敢な性格,自由主義で理想的
少外向,慎重,超挑戦,少孤独,超理想,策略家,冷静に挑む策士,人付き合いは良い方で慎重的、果敢な性格,自由主義で地に足がついていない
少外向,慎重,超挑戦,少仲間,超現実,策略家,冷静に挑む策士,人付き合いは良い方で慎重的、果敢な性格,温厚で超現実主義
少外向,慎重,超挑戦,少仲間,現実,策略家,冷静に挑む策士,人付き合いは良い方で慎重的、果敢な性格,温厚で現実主義
少外向,慎重,超挑戦,少仲間,少現実,策略家,冷静に挑む策士,人付き合いは良い方で慎重的、果敢な性格,温厚で現実的な側面を考慮する
少外向,慎重,超挑戦,少仲間,少理想,策略家,冷静に挑む策士,人付き合いは良い方で慎重的、果敢な性格,温厚で夢見がち
少外向,慎重,超挑戦,少仲間,理想,策略家,冷静に挑む策士,人付き合いは良い方で慎重的、果敢な性格,温厚で理想的
少外向,慎重,超挑戦,少仲間,超理想,策略家,冷静に挑む策士,人付き合いは良い方で慎重的、果敢な性格,温厚で地に足がついていない
少外向,慎重,超挑戦,仲間派,超現実,策略家,冷静に挑む策士,人付き合いは良い方で慎重的、果敢な性格,仲間思いで超現実主義
少外向,慎重,超挑戦,仲間派,現実,策略家,冷静に挑む策士,人付き合いは良い方で慎重的、果敢な性格,仲間思いで現実主義
少外向,慎重,超挑戦,仲間派,少現実,策略家,冷静に挑む策士,人付き合いは良い方で慎重的、果敢な性格,仲間思いで現実的な側面を考慮する
少外向,慎重,超挑戦,仲間派,少理想,策略家,冷静に挑む策士,人付き合いは良い方で慎重的、果敢な性格,仲間思いで夢見がち
少外向,慎重,超挑戦,仲間派,理想,挑戦家,理想を掲げ挑戦を恐れない,人付き合いは良い方で慎重的、果敢な性格,仲間思いで理想的
少外向,慎重,超挑戦,仲間派,超理想,挑戦家,理想を掲げ挑戦を恐れない,人付き合いは良い方で慎重的、果敢な性格,仲間思いで地に足がついていない
少外向,慎重,超挑戦,超仲間,超現実,策略家,冷静に挑む策士,人付き合いは良い方で慎重的、果敢な性格,自己犠牲精神で超現実主義
少外向,慎重,超挑戦,超仲間,現実,策略家,冷静に挑む策士,人付き合いは良い方で慎重的、果敢な性格,自己犠牲精神で現実主義
少外向,慎重,超挑戦,超仲間,少現実,策略家,冷静に挑む策士,人付き合いは良い方で慎重的、果敢な性格,自己犠牲精神で現実的な側面を考慮する
少外向,慎重,超挑戦,超仲間,少理想,策略家,冷静に挑む策士,人付き合いは良い方で慎重的、果敢な性格,自己犠牲精神で夢見がち
少外向,慎重,超挑戦,超仲間,理想,挑戦家,理想を掲げ挑戦を恐れない,人付き合いは良い方で慎重的、果敢な性格,自己犠牲精神で理想的
少外向,慎重,超挑戦,超仲間,超理想,挑戦家,理想を掲げ挑戦を恐れない,人付き合いは良い方で慎重的、果敢な性格,自己犠牲精神で地に足がついていない
少外向,少慎重,超回避,孤高,超現実,調整役,周囲を見てバランスを取る人,人付き合いは良い方で少し用心深く、対立を徹底的に避ける性格,孤高の存在で超現実主義
少外向,少慎重,超回避,孤高,現実,調整役,周囲を見てバランスを取る人,人付き合いは良い方で少し用心深く、対立を徹底的に避ける性格,孤高の存在で現実主義
少外向,少慎重,超回避,孤高,少現実,調整役,周囲を見てバランスを取る人,人付き合いは良い方で少し用心深く、対立を徹底的に避ける性格,孤高の存在で現実的な側面を考慮する
少外向,少慎重,超回避,孤高,少理想,調整役,周囲を見てバランスを取る人,人付き合いは良い方で少し用心深く、対立を徹底的に避ける性格,孤高の存在で夢見がち
少外向,少慎重,超回避,孤高,理想,調整役,周囲を見てバランスを取る人,人付き合いは良い方で少し用心深く、対立を徹底的に避ける性格,孤高の存在で理想的
少外向,少慎重,超回避,孤高,超理想,調整役,周囲を見てバランスを取る人,人付き合いは良い方で少し用心深く、対立を徹底的に避ける性格,孤高の存在で地に足がついていない
少外向,少慎重,超回避,一匹狼,超現実,調整役,周囲を見てバランスを取る人,人付き合いは良い方で少し用心深く、対立を徹底的に避ける性格,一匹狼で超現実主義
少外向,少慎重,超回避,一匹狼,現実,調整役,周囲を見てバランスを取る人,人付き合いは良い方で少し用心深く、対立を徹底的に避ける性格,一匹狼で現実主義
少外向,少慎重,超回避,一匹狼,少現実,調整役,周囲を見てバランスを取る人,人付き合いは良い方で少し用心深く、対立を徹底的に避ける性格,一匹狼で現実的な側面を考慮する
少外向,少慎重,超回避,一匹狼,少理想,調整役,周囲を見てバランスを取る人,人付き合いは良い方で少し用心深く、対立を徹底的に避ける性格,一匹狼で夢見がち
少外向,少慎重,超回避,一匹狼,理想,調整役,周囲を見てバランスを取る人,人付き合いは良い方で少し用心深く、対立を徹底的に避ける性格,一匹狼で理想的
少外向,少慎重,超回避,一匹狼,超理想,調整役,周囲を見てバランスを取る人,人付き合いは良い方で少し用心深く、対立を徹底的に避ける性格,一匹狼で地に足がついていない
少外向,少慎重,超回避,少孤独,超現実,調整役,周囲を見てバランスを取る人,人付き合いは良い方で少し用心深く、対立を徹底的に避ける性格,自由主義で超現実主義
少外向,少慎重,超回避,少孤独,現実,調整役,周囲を見てバランスを取る人,人付き合いは良い方で少し用心深く、対立を徹底的に避ける性格,自由主義で現実主義
少外向,少慎重,超回避,少孤独,少現実,調整役,周囲を見てバランスを取る人,人付き合いは良い方で少し用心深く、対立を徹底的に避ける性格,自由主義で現実的な側面を考慮する
少外向,少慎重,超回避,少孤独,少理想,調整役,周囲を見てバランスを取る人,人付き合いは良い方で少し用心深く、対立を徹底的に避ける性格,自由主義で夢見がち
少外向,少慎重,超回避,少孤独,理想,調整役,周囲を見てバランスを取る人,人付き合いは良い方で少し用心深く、対立を徹底的に避ける性格,自由主義で理想的
少外向,少慎重,超回避,少孤独,超理想,調整役,周囲を見てバランスを取る人,人付き合いは良い方で少し用心深く、対立を徹底的に避ける性格,自由主義で地に足がついていない
少外向,少慎重,超回避,少仲間,超現実,調整役,周囲を見てバランスを取る人,人付き合いは良い方で少し用心深く、対立を徹底的に避ける性格,温厚で超現実主義
少外向,少慎重,超回避,少仲間,現実,調整役,周囲を見てバランスを取る人,人付き合いは良い方で少し用心深く、対立を徹底的に避ける性格,温厚で現実主義
少外向,少慎重,超回避,少仲間,少現実,調整役,周囲を見てバランスを取る人,人付き合いは良い方で少し用心深く、対立を徹底的に避ける性格,温厚で現実的な側面を考慮する
少外向,少慎重,超回避,少仲間,少理想,調整役,周囲を見てバランスを取る人,人付き合いは良い方で少し用心深く、対立を徹底的に避ける性格,温厚で夢見がち
少外向,少慎重,超回避,少仲間,理想,調整役,周囲を見てバランスを取る人,人付き合いは良い方で少し用心深く、対立を徹底的に避ける性格,温厚で理想的
少外向,少慎重,超回避,少仲間,超理想,調整役,周囲を見てバランスを取る人,人付き合いは良い方で少し用心深く、対立を徹底的に避ける性格,温厚で地に足がついていない
少外向,少慎重,超回避,仲間派,超現実,守護者,仲間を守る頼れる存在,人付き合いは良い方で少し用心深く、対立を徹底的に避ける性格,仲間思いで超現実主義
少外向,少慎重,超回避,仲間派,現実,守護者,仲間を守る頼れる存在,人付き合いは良い方で少し用心深く、対立を徹底的に避ける性格,仲間思いで現実主義
少外向,少慎重,超回避,仲間派,少現実,守護者,仲間を守る頼れる存在,人付き合いは良い方で少し用心深く、対立を徹底的に避ける性格,仲間思いで現実的な側面を考慮する
少外向,少慎重,超回避,仲間派,少理想,守護者,仲間を守る頼れる存在,人付き合いは良い方で少し用心深く、対立を徹底的に避ける性格,仲間思いで夢見がち
少外向,少慎重,超回避,仲間派,理想,守護者,仲間を守る頼れる存在,人付き合いは良い方で少し用心深く、対立を徹底的に避ける性格,仲間思いで理想的
少外向,少慎重,超回避,仲間派,超理想,守護者,仲間を守る頼れる存在,人付き合いは良い方で少し用心深く、対立を徹底的に避ける性格,仲間思いで地に足がついていない
少外向,少慎重,超回避,超仲間,超現実,守護者,仲間を守る頼れる存在,人付き合いは良い方で少し用心深く、対立を徹底的に避ける性格,自己犠牲精神で超現実主義
少外向,少慎重,超回避,超仲間,現実,守護者,仲間を守る頼れる存在,人付き合いは良い方で少し用心深く、対立を徹底的に避ける性格,自己犠牲精神で現実主義
少外向,少慎重,超回避,超仲間,少現実,守護者,仲間を守る頼れる存在,人付き合いは良い方で少し用心深く、対立を徹底的に避ける性格,自己犠牲精神で現実的な側面を考慮する
少外向,少慎重,超回避,超仲間,少理想,守護者,仲間を守る頼れる存在,人付き合いは良い方で少し用心深く、対立を徹底的に避ける性格,自己犠牲精神で夢見がち
少外向,少慎重,超回避,超仲間,理想,守護者,仲間を守る頼れる存在,人付き合いは良い方で少し用心深く、対立を徹底的に避ける性格,自己犠牲精神で理想的
少外向,少慎重,超回避,超仲間,超理想,守護者,仲間を守る頼れる存在,人付き合いは良い方で少し用心深く、対立を徹底的に避ける性格,自己犠牲精神で地に足がついていない
少外向,少慎重,回避,孤高,超現実,調整役,周囲を見てバランスを取る人,人付き合いは良い方で少し用心深く、直接的な対応を好まない性格,孤高の存在で超現実主義
少外向,少慎重,回避,孤高,現実,調整役,周囲を見てバランスを取る人,人付き合いは良い方で少し用心深く、直接的な対応を好まない性格,孤高の存在で現実主義
少外向,少慎重,回避,孤高,少現実,調整役,周囲を見てバランスを取る人,人付き合いは良い方で少し用心深く、直接的な対応を好まない性格,孤高の存在で現実的な側面を考慮する
少外向,少慎重,回避,孤高,少理想,調整役,周囲を見てバランスを取る人,人付き合いは良い方で少し用心深く、直接的な対応を好まない性格,孤高の存在で夢見がち
少外向,少慎重,回避,孤高,理想,調整役,周囲を見てバランスを取る人,人付き合いは良い方で少し用心深く、直接的な対応を好まない性格,孤高の存在で理想的
少外向,少慎重,回避,孤高,超理想,調整役,周囲を見てバランスを取る人,人付き合いは良い方で少し用心深く、直接的な対応を好まない性格,孤高の存在で地に足がついていない
少外向,少慎重,回避,一匹狼,超現実,調整役,周囲を見てバランスを取る人,人付き合いは良い方で少し用心深く、直接的な対応を好まない性格,一匹狼で超現実主義
少外向,少慎重,回避,一匹狼,現実,調整役,周囲を見てバランスを取る人,人付き合いは良い方で少し用心深く、直接的な対応を好まない性格,一匹狼で現実主義
少外向,少慎重,回避,一匹狼,少現実,調整役,周囲を見てバランスを取る人,人付き合いは良い方で少し用心深く、直接的な対応を好まない性格,一匹狼で現実的な側面を考慮する
少外向,少慎重,回避,一匹狼,少理想,調整役,周囲を見てバランスを取る人,人付き合いは良い方で少し用心深く、直接的な対応を好まない性格,一匹狼で夢見がち
少外向,少慎重,回避,一匹狼,理想,調整役,周囲を見てバランスを取る人,人付き合いは良い方で少し用心深く、直接的な対応を好まない性格,一匹狼で理想的
少外向,少慎重,回避,一匹狼,超理想,調整役,周囲を見てバランスを取る人,人付き合いは良い方で少し用心深く、直接的な対応を好まない性格,一匹狼で地に足がついていない
少外向,少慎重,回避,少孤独,超現実,調整役,周囲を見てバランスを取る人,人付き合いは良い方で少し用心深く、直接的な対応を好まない性格,自由主義で超現実主義
少外向,少慎重,回避,少孤独,現実,調整役,周囲を見てバランスを取る人,人付き合いは良い方で少し用心深く、直接的な対応を好まない性格,自由主義で現実主義
少外向,少慎重,回避,少孤独,少現実,調整役,周囲を見てバランスを取る人,人付き合いは良い方で少し用心深く、直接的な対応を好まない性格,自由主義で現実的な側面を考慮する
少外向,少慎重,回避,少孤独,少理想,調整役,周囲を見てバランスを取る人,人付き合いは良い方で少し用心深く、直接的な対応を好まない性格,自由主義で夢見がち
少外向,少慎重,回避,少孤独,理想,調整役,周囲を見てバランスを取る人,人付き合いは良い方で少し用心深く、直接的な対応を好まない性格,自由主義で理想的
少外向,少慎重,回避,少孤独,超理想,調整役,周囲を見てバランスを取る人,人付き合いは良い方で少し用心深く、直接的な対応を好まない性格,自由主義で地に足がついていない
少外向,少慎重,回避,少仲間,超現実,調整役,周囲を見てバランスを取る人,人付き合いは良い方で少し用心深く、直接的な対応を好まない性格,温厚で超現実主義
少外向,少慎重,回避,少仲間,現実,調整役,周囲を見てバランスを取る人,人付き合いは良い方で少し用心深く、直接的な対応を好まない性格,温厚で現実主義
少外向,少慎重,回避,少仲間,少現実,調整役,周囲を見てバランスを取る人,人付き合いは良い方で少し用心深く、直接的な対応を好まない性格,温厚で現実的な側面を考慮する
少外向,少慎重,回避,少仲間,少理想,調整役,周囲を見てバランスを取る人,人付き合いは良い方で少し用心深く、直接的な対応を好まない性格,温厚で夢見がち
少外向,少慎重,回避,少仲間,理想,調整役,周囲を見てバランスを取る人,人付き合いは良い方で少し用心深く、直接的な対応を好まない性格,温厚で理想的
少外向,少慎重,回避,少仲間,超理想,調整役,周囲を見てバランスを取る人,人付き合いは良い方で少し用心深く、直接的な対応を好まない性格,温厚で地に足がついていない
少外向,少慎重,回避,仲間派,超現実,守護者,仲間を守る頼れる存在,人付き合いは良い方で少し用心深く、直接的な対応を好まない性格,仲間思いで超現実主義
少外向,少慎重,回避,仲間派,現実,守護者,仲間を守る頼れる存在,人付き合いは良い方で少し用心深く、直接的な対応を好まない性格,仲間思いで現実主義
少外向,少慎重,回避,仲間派,少現実,守護者,仲間を守る頼れる存在,人付き合いは良い方で少し用心深く、直接的な対応を好まない性格,仲間思いで現実的な側面を考慮する
少外向,少慎重,回避,仲間派,少理想,守護者,仲間を守る頼れる存在,人付き合いは良い方で少し用心深く、直接的な対応を好まない性格,仲間思いで夢見がち
少外向,少慎重,回避,仲間派,理想,守護者,仲間を守る頼れる存在,人付き合いは良い方で少し用心深く、直接的な対応を好まない性格,仲間思いで理想的
少外向,少慎重,回避,仲間派,超理想,守護者,仲間を守る頼れる存在,人付き合いは良い方で少し用心深く、直接的な対応を好まない性格,仲間思いで地に足がついていない
少外向,少慎重,回避,超仲間,超現実,守護者,仲間を守る頼れる存在,人付き合いは良い方で少し用心深く、直接的な対応を好まない性格,自己犠牲精神で超現実主義
少外向,少慎重,回避,超仲間,現実,守護者,仲間を守る頼れる存在,人付き合いは良い方で少し用心深く、直接的な対応を好まない性格,自己犠牲精神で現実主義
少外向,少慎重,回避,超仲間,少現実,守護者,仲間を守る頼れる存在,人付き合いは良い方で少し用心深く、直接的な対応を好まない性格,自己犠牲精神で現実的な側面を考慮する
少外向,少慎重,回避,超仲間,少理想,守護者,仲間を守る頼れる存在,人付き合いは良い方で少し用心深く、直接的な対応を好まない性格,自己犠牲精神で夢見がち
少外向,少慎重,回避,超仲間,理想,守護者,仲間を守る頼れる存在,人付き合いは良い方で少し用心深く、直接的な対応を好まない性格,自己犠牲精神で理想的
少外向,少慎重,回避,超仲間,超理想,守護者,仲間を守る頼れる存在,人付き合いは良い方で少し用心深く、直接的な対応を好まない性格,自己犠牲精神で地に足がついていない
少外向,少慎重,少回避,孤高,超現実,調整役,周囲を見てバランスを取る人,人付き合いは良い方で少し用心深く、争いごとを好まない性格,孤高の存在で超現実主義
少外向,少慎重,少回避,孤高,現実,調整役,周囲を見てバランスを取る人,人付き合いは良い方で少し用心深く、争いごとを好まない性格,孤高の存在で現実主義
少外向,少慎重,少回避,孤高,少現実,調整役,周囲を見てバランスを取る人,人付き合いは良い方で少し用心深く、争いごとを好まない性格,孤高の存在で現実的な側面を考慮する
少外向,少慎重,少回避,孤高,少理想,調整役,周囲を見てバランスを取る人,人付き合いは良い方で少し用心深く、争いごとを好まない性格,孤高の存在で夢見がち
少外向,少慎重,少回避,孤高,理想,調整役,周囲を見てバランスを取る人,人付き合いは良い方で少し用心深く、争いごとを好まない性格,孤高の存在で理想的
少外向,少慎重,少回避,孤高,超理想,調整役,周囲を見てバランスを取る人,人付き合いは良い方で少し用心深く、争いごとを好まない性格,孤高の存在で地に足がついていない
少外向,少慎重,少回避,一匹狼,超現実,調整役,周囲を見てバランスを取る人,人付き合いは良い方で少し用心深く、争いごとを好まない性格,一匹狼で超現実主義
少外向,少慎重,少回避,一匹狼,現実,調整役,周囲を見てバランスを取る人,人付き合いは良い方で少し用心深く、争いごとを好まない性格,一匹狼で現実主義
少外向,少慎重,少回避,一匹狼,少現実,調整役,周囲を見てバランスを取る人,人付き合いは良い方で少し用心深く、争いごとを好まない性格,一匹狼で現実的な側面を考慮する
少外向,少慎重,少回避,一匹狼,少理想,調整役,周囲を見てバランスを取る人,人付き合いは良い方で少し用心深く、争いごとを好まない性格,一匹狼で夢見がち
少外向,少慎重,少回避,一匹狼,理想,調整役,周囲を見てバランスを取る人,人付き合いは良い方で少し用心深く、争いごとを好まない性格,一匹狼で理想的
少外向,少慎重,少回避,一匹狼,超理想,調整役,周囲を見てバランスを取る人,人付き合いは良い方で少し用心深く、争いごとを好まない性格,一匹狼で地に足がついていない
少外向,少慎重,少回避,少孤独,超現実,調整役,周囲を見てバランスを取る人,人付き合いは良い方で少し用心深く、争いごとを好まない性格,自由主義で超現実主義
少外向,少慎重,少回避,少孤独,現実,調整役,周囲を見てバランスを取る人,人付き合いは良い方で少し用心深く、争いごとを好まない性格,自由主義で現実主義
少外向,少慎重,少回避,少孤独,少現実,調整役,周囲を見てバランスを取る人,人付き合いは良い方で少し用心深く、争いごとを好まない性格,自由主義で現実的な側面を考慮する
少外向,少慎重,少回避,少孤独,少理想,調整役,周囲を見てバランスを取る人,人付き合いは良い方で少し用心深く、争いごとを好まない性格,自由主義で夢見がち
少外向,少慎重,少回避,少孤独,理想,調整役,周囲を見てバランスを取る人,人付き合いは良い方で少し用心深く、争いごとを好まない性格,自由主義で理想的
少外向,少慎重,少回避,少孤独,超理想,調整役,周囲を見てバランスを取る人,人付き合いは良い方で少し用心深く、争いごとを好まない性格,自由主義で地に足がついていない
少外向,少慎重,少回避,少仲間,超現実,調整役,周囲を見てバランスを取る人,人付き合いは良い方で少し用心深く、争いごとを好まない性格,温厚で超現実主義
少外向,少慎重,少回避,少仲間,現実,調整役,周囲を見てバランスを取る人,人付き合いは良い方で少し用心深く、争いごとを好まない性格,温厚で現実主義
少外向,少慎重,少回避,少仲間,少現実,調整役,周囲を見てバランスを取る人,人付き合いは良い方で少し用心深く、争いごとを好まない性格,温厚で現実的な側面を考慮する
少外向,少慎重,少回避,少仲間,少理想,調整役,周囲を見てバランスを取る人,人付き合いは良い方で少し用心深く、争いごとを好まない性格,温厚で夢見がち
少外向,少慎重,少回避,少仲間,理想,調整役,周囲を見てバランスを取る人,人付き合いは良い方で少し用心深く、争いごとを好まない性格,温厚で理想的
少外向,少慎重,少回避,少仲間,超理想,調整役,周囲を見てバランスを取る人,人付き合いは良い方で少し用心深く、争いごとを好まない性格,温厚で地に足がついていない
少外向,少慎重,少回避,仲間派,超現実,守護者,仲間を守る頼れる存在,人付き合いは良い方で少し用心深く、争いごとを好まない性格,仲間思いで超現実主義
少外向,少慎重,少回避,仲間派,現実,守護者,仲間を守る頼れる存在,人付き合いは良い方で少し用心深く、争いごとを好まない性格,仲間思いで現実主義
少外向,少慎重,少回避,仲間派,少現実,守護者,仲間を守る頼れる存在,人付き合いは良い方で少し用心深く、争いごとを好まない性格,仲間思いで現実的な側面を考慮する
少外向,少慎重,少回避,仲間派,少理想,守護者,仲間を守る頼れる存在,人付き合いは良い方で少し用心深く、争いごとを好まない性格,仲間思いで夢見がち
少外向,少慎重,少回避,仲間派,理想,守護者,仲間を守る頼れる存在,人付き合いは良い方で少し用心深く、争いごとを好まない性格,仲間思いで理想的
少外向,少慎重,少回避,仲間派,超理想,守護者,仲間を守る頼れる存在,人付き合いは良い方で少し用心深く、争いごとを好まない性格,仲間思いで地に足がついていない
少外向,少慎重,少回避,超仲間,超現実,守護者,仲間を守る頼れる存在,人付き合いは良い方で少し用心深く、争いごとを好まない性格,自己犠牲精神で超現実主義
少外向,少慎重,少回避,超仲間,現実,守護者,仲間を守る頼れる存在,人付き合いは良い方で少し用心深く、争いごとを好まない性格,自己犠牲精神で現実主義
少外向,少慎重,少回避,超仲間,少現実,守護者,仲間を守る頼れる存在,人付き合いは良い方で少し用心深く、争いごとを好まない性格,自己犠牲精神で現実的な側面を考慮する
少外向,少慎重,少回避,超仲間,少理想,守護者,仲間を守る頼れる存在,人付き合いは良い方で少し用心深く、争いごとを好まない性格,自己犠牲精神で夢見がち
少外向,少慎重,少回避,超仲間,理想,守護者,仲間を守る頼れる存在,人付き合いは良い方で少し用心深く、争いごとを好まない性格,自己犠牲精神で理想的
少外向,少慎重,少回避,超仲間,超理想,守護者,仲間を守る頼れる存在,人付き合いは良い方で少し用心深く、争いごとを好まない性格,自己犠牲精神で地に足がついていない
少外向,少慎重,少挑戦,孤高,超現実,調整役,周囲を見てバランスを取る人,人付き合いは良い方で少し用心深く、探求心がある性格,孤高の存在で超現実主義
少外向,少慎重,少挑戦,孤高,現実,調整役,周囲を見てバランスを取る人,人付き合いは良い方で少し用心深く、探求心がある性格,孤高の存在で現実主義
少外向,少慎重,少挑戦,孤高,少現実,調整役,周囲を見てバランスを取る人,人付き合いは良い方で少し用心深く、探求心がある性格,孤高の存在で現実的な側面を考慮する
少外向,少慎重,少挑戦,孤高,少理想,調整役,周囲を見てバランスを取る人,人付き合いは良い方で少し用心深く、探求心がある性格,孤高の存在で夢見がち
少外向,少慎重,少挑戦,孤高,理想,調整役,周囲を見てバランスを取る人,人付き合いは良い方で少し用心深く、探求心がある性格,孤高の存在で理想的
少外向,少慎重,少挑戦,孤高,超理想,調整役,周囲を見てバランスを取る人,人付き合いは良い方で少し用心深く、探求心がある性格,孤高の存在で地に足がついていない
少外向,少慎重,少挑戦,一匹狼,超現実,調整役,周囲を見てバランスを取る人,人付き合いは良い方で少し用心深く、探求心がある性格,一匹狼で超現実主義
少外向,少慎重,少挑戦,一匹狼,現実,調整役,周囲を見てバランスを取る人,人付き合いは良い方で少し用心深く、探求心がある性格,一匹狼で現実主義
少外向,少慎重,少挑戦,一匹狼,少現実,調整役,周囲を見てバランスを取る人,人付き合いは良い方で少し用心深く、探求心がある性格,一匹狼で現実的な側面を考慮する
少外向,少慎重,少挑戦,一匹狼,少理想,調整役,周囲を見てバランスを取る人,人付き合いは良い方で少し用心深く、探求心がある性格,一匹狼で夢見がち
少外向,少慎重,少挑戦,一匹狼,理想,調整役,周囲を見てバランスを取る人,人付き合いは良い方で少し用心深く、探求心がある性格,一匹狼で理想的
少外向,少慎重,少挑戦,一匹狼,超理想,調整役,周囲を見てバランスを取る人,人付き合いは良い方で少し用心深く、探求心がある性格,一匹狼で地に足がついていない
少外向,少慎重,少挑戦,少孤独,超現実,調整役,周囲を見てバランスを取る人,人付き合いは良い方で少し用心深く、探求心がある性格,自由主義で超現実主義
少外向,少慎重,少挑戦,少孤独,現実,調整役,周囲を見てバランスを取る人,人付き合いは良い方で少し用心深く、探求心がある性格,自由主義で現実主義
少外向,少慎重,少挑戦,少孤独,少現実,調整役,周囲を見てバランスを取る人,人付き合いは良い方で少し用心深く、探求心がある性格,自由主義で現実的な側面を考慮する
少外向,少慎重,少挑戦,少孤独,少理想,調整役,周囲を見てバランスを取る人,人付き合いは良い方で少し用心深く、探求心がある性格,自由主義で夢見がち
少外向,少慎重,少挑戦,少孤独,理想,調整役,周囲を見てバランスを取る人,人付き合いは良い方で少し用心深く、探求心がある性格,自由主義で理想的
少外向,少慎重,少挑戦,少孤独,超理想,調整役,周囲を見てバランスを取る人,人付き合いは良い方で少し用心深く、探求心がある性格,自由主義で地に足がついていない
少外向,少慎重,少挑戦,少仲間,超現実,調整役,周囲を見てバランスを取る人,人付き合いは良い方で少し用心深く、探求心がある性格,温厚で超現実主義
少外向,少慎重,少挑戦,少仲間,現実,調整役,周囲を見てバランスを取る人,人付き合いは良い方で少し用心深く、探求心がある性格,温厚で現実主義
少外向,少慎重,少挑戦,少仲間,少現実,調整役,周囲を見てバランスを取る人,人付き合いは良い方で少し用心深く、探求心がある性格,温厚で現実的な側面を考慮する
少外向,少慎重,少挑戦,少仲間,少理想,調整役,周囲を見てバランスを取る人,人付き合いは良い方で少し用心深く、探求心がある性格,温厚で夢見がち
少外向,少慎重,少挑戦,少仲間,理想,調整役,周囲を見てバランスを取る人,人付き合いは良い方で少し用心深く、探求心がある性格,温厚で理想的
少外向,少慎重,少挑戦,少仲間,超理想,調整役,周囲を見てバランスを取る人,人付き合いは良い方で少し用心深く、探求心がある性格,温厚で地に足がついていない
少外向,少慎重,少挑戦,仲間派,超現実,調整役,周囲を見てバランスを取る人,人付き合いは良い方で少し用心深く、探求心がある性格,仲間思いで超現実主義
少外向,少慎重,少挑戦,仲間派,現実,調整役,周囲を見てバランスを取る人,人付き合いは良い方で少し用心深く、探求心がある性格,仲間思いで現実主義
少外向,少慎重,少挑戦,仲間派,少現実,調整役,周囲を見てバランスを取る人,人付き合いは良い方で少し用心深く、探求心がある性格,仲間思いで現実的な側面を考慮する
少外向,少慎重,少挑戦,仲間派,少理想,調整役,周囲を見てバランスを取る人,人付き合いは良い方で少し用心深く、探求心がある性格,仲間思いで夢見がち
少外向,少慎重,少挑戦,仲間派,理想,調整役,周囲を見てバランスを取る人,人付き合いは良い方で少し用心深く、探求心がある性格,仲間思いで理想的
少外向,少慎重,少挑戦,仲間派,超理想,調整役,周囲を見てバランスを取る人,人付き合いは良い方で少し用心深く、探求心がある性格,仲間思いで地に足がついていない
少外向,少慎重,少挑戦,超仲間,超現実,調整役,周囲を見てバランスを取る人,人付き合いは良い方で少し用心深く、探求心がある性格,自己犠牲精神で超現実主義
少外向,少慎重,少挑戦,超仲間,現実,調整役,周囲を見てバランスを取る人,人付き合いは良い方で少し用心深く、探求心がある性格,自己犠牲精神で現実主義
少外向,少慎重,少挑戦,超仲間,少現実,調整役,周囲を見てバランスを取る人,人付き合いは良い方で少し用心深く、探求心がある性格,自己犠牲精神で現実的な側面を考慮する
少外向,少慎重,少挑戦,超仲間,少理想,調整役,周囲を見てバランスを取る人,人付き合いは良い方で少し用心深く、探求心がある性格,自己犠牲精神で夢見がち
少外向,少慎重,少挑戦,超仲間,理想,調整役,周囲を見てバランスを取る人,人付き合いは良い方で少し用心深く、探求心がある性格,自己犠牲精神で理想的
少外向,少慎重,少挑戦,超仲間,超理想,調整役,周囲を見てバランスを取る人,人付き合いは良い方で少し用心深く、探求心がある性格,自己犠牲精神で地に足がついていない
少外向,少慎重,挑戦,孤高,超現実,孤高の戦士,誰にも頼らず突き進む,人付き合いは良い方で少し用心深く、挑戦的な性格,孤高の存在で超現実主義
少外向,少慎重,挑戦,孤高,現実,孤高の戦士,誰にも頼らず突き進む,人付き合いは良い方で少し用心深く、挑戦的な性格,孤高の存在で現実主義
少外向,少慎重,挑戦,孤高,少現実,調整役,周囲を見てバランスを取る人,人付き合いは良い方で少し用心深く、挑戦的な性格,孤高の存在で現実的な側面を考慮する
少外向,少慎重,挑戦,孤高,少理想,調整役,周囲を見てバランスを取る人,人付き合いは良い方で少し用心深く、挑戦的な性格,孤高の存在で夢見がち
少外向,少慎重,挑戦,孤高,理想,調整役,周囲を見てバランスを取る人,人付き合いは良い方で少し用心深く、挑戦的な性格,孤高の存在で理想的
少外向,少慎重,挑戦,孤高,超理想,調整役,周囲を見てバランスを取る人,人付き合いは良い方で少し用心深く、挑戦的な性格,孤高の存在で地に足がついていない
少外向,少慎重,挑戦,一匹狼,超現実,孤高の戦士,誰にも頼らず突き進む,人付き合いは良い方で少し用心深く、挑戦的な性格,一匹狼で超現実主義
少外向,少慎重,挑戦,一匹狼,現実,孤高の戦士,誰にも頼らず突き進む,人付き合いは良い方で少し用心深く、挑戦的な性格,一匹狼で現実主義
少外向,少慎重,挑戦,一匹狼,少現実,調整役,周囲を見てバランスを取る人,人付き合いは良い方で少し用心深く、挑戦的な性格,一匹狼で現実的な側面を考慮する
少外向,少慎重,挑戦,一匹狼,少理想,調整役,周囲を見てバランスを取る人,人付き合いは良い方で少し用心深く、挑戦的な性格,一匹狼で夢見がち
少外向,少慎重,挑戦,一匹狼,理想,調整役,周囲を見てバランスを取る人,人付き合いは良い方で少し用心深く、挑戦的な性格,一匹狼で理想的
少外向,少慎重,挑戦,一匹狼,超理想,調整役,周囲を見てバランスを取る人,人付き合いは良い方で少し用心深く、挑戦的な性格,一匹狼で地に足がついていない
少外向,少慎重,挑戦,少孤独,超現実,調整役,周囲を見てバランスを取る人,人付き合いは良い方で少し用心深く、挑戦的な性格,自由主義で超現実主義
少外向,少慎重,挑戦,少孤独,現実,調整役,周囲を見てバランスを取る人,人付き合いは良い方で少し用心深く、挑戦的な性格,自由主義で現実主義
少外向,少慎重,挑戦,少孤独,少現実,調整役,周囲を見てバランスを取る人,人付き合いは良い方で少し用心深く、挑戦的な性格,自由主義で現実的な側面を考慮する
少外向,少慎重,挑戦,少孤独,少理想,調整役,周囲を見てバランスを取る人,人付き合いは良い方で少し用心深く、挑戦的な性格,自由主義で夢見がち
少外向,少慎重,挑戦,少孤独,理想,調整役,周囲を見てバランスを取る人,人付き合いは良い方で少し用心深く、挑戦的な性格,自由主義で理想的
少外向,少慎重,挑戦,少孤独,超理想,調整役,周囲を見てバランスを取る人,人付き合いは良い方で少し用心深く、挑戦的な性格,自由主義で地に足がついていない
少外向,少慎重,挑戦,少仲間,超現実,調整役,周囲を見てバランスを取る人,人付き合いは良い方で少し用心深く、挑戦的な性格,温厚で超現実主義
少外向,少慎重,挑戦,少仲間,現実,調整役,周囲を見てバランスを取る人,人付き合いは良い方で少し用心深く、挑戦的な性格,温厚で現実主義
少外向,少慎重,挑戦,少仲間,少現実,調整役,周囲を見てバランスを取る人,人付き合いは良い方で少し用心深く、挑戦的な性格,温厚で現実的な側面を考慮する
少外向,少慎重,挑戦,少仲間,少理想,調整役,周囲を見てバランスを取る人,人付き合いは良い方で少し用心深く、挑戦的な性格,温厚で夢見がち
少外向,少慎重,挑戦,少仲間,理想,調整役,周囲を見てバランスを取る人,人付き合いは良い方で少し用心深く、挑戦的な性格,温厚で理想的
少外向,少慎重,挑戦,少仲間,超理想,調整役,周囲を見てバランスを取る人,人付き合いは良い方で少し用心深く、挑戦的な性格,温厚で地に足がついていない
少外向,少慎重,挑戦,仲間派,超現実,調整役,周囲を見てバランスを取る人,人付き合いは良い方で少し用心深く、挑戦的な性格,仲間思いで超現実主義
少外向,少慎重,挑戦,仲間派,現実,調整役,周囲を見てバランスを取る人,人付き合いは良い方で少し用心深く、挑戦的な性格,仲間思いで現実主義
少外向,少慎重,挑戦,仲間派,少現実,調整役,周囲を見てバランスを取る人,人付き合いは良い方で少し用心深く、挑戦的な性格,仲間思いで現実的な側面を考慮する
少外向,少慎重,挑戦,仲間派,少理想,調整役,周囲を見てバランスを取る人,人付き合いは良い方で少し用心深く、挑戦的な性格,仲間思いで夢見がち
少外向,少慎重,挑戦,仲間派,理想,挑戦家,理想を掲げ挑戦を恐れない,人付き合いは良い方で少し用心深く、挑戦的な性格,仲間思いで理想的
少外向,少慎重,挑戦,仲間派,超理想,挑戦家,理想を掲げ挑戦を恐れない,人付き合いは良い方で少し用心深く、挑戦的な性格,仲間思いで地に足がついていない
少外向,少慎重,挑戦,超仲間,超現実,調整役,周囲を見てバランスを取る人,人付き合いは良い方で少し用心深く、挑戦的な性格,自己犠牲精神で超現実主義
少外向,少慎重,挑戦,超仲間,現実,調整役,周囲を見てバランスを取る人,人付き合いは良い方で少し用心深く、挑戦的な性格,自己犠牲精神で現実主義
少外向,少慎重,挑戦,超仲間,少現実,調整役,周囲を見てバランスを取る人,人付き合いは良い方で少し用心深く、挑戦的な性格,自己犠牲精神で現実的な側面を考慮する
少外向,少慎重,挑戦,超仲間,少理想,調整役,周囲を見てバランスを取る人,人付き合いは良い方で少し用心深く、挑戦的な性格,自己犠牲精神で夢見がち
少外向,少慎重,挑戦,超仲間,理想,挑戦家,理想を掲げ挑戦を恐れない,人付き合いは良い方で少し用心深く、挑戦的な性格,自己犠牲精神で理想的
少外向,少慎重,挑戦,超仲間,超理想,挑戦家,理想を掲げ挑戦を恐れない,人付き合いは良い方で少し用心深く、挑戦的な性格,自己犠牲精神で地に足がついていない
少外向,少慎重,超挑戦,孤高,超現実,孤高の戦士,誰にも頼らず突き進む,人付き合いは良い方で少し用心深く、果敢な性格,孤高の存在で超現実主義
少外向,少慎重,超挑戦,孤高,現実,孤高の戦士,誰にも頼らず突き進む,人付き合いは良い方で少し用心深く、果敢な性格,孤高の存在で現実主義
少外向,少慎重,超挑戦,孤高,少現実,調整役,周囲を見てバランスを取る人,人付き合いは良い方で少し用心深く、果敢な性格,孤高の存在で現実的な側面を考慮する
少外向,少慎重,超挑戦,孤高,少理想,調整役,周囲を見てバランスを取る人,人付き合いは良い方で少し用心深く、果敢な性格,孤高の存在で夢見がち
少外向,少慎重,超挑戦,孤高,理想,調整役,周囲を見てバランスを取る人,人付き合いは良い方で少し用心深く、果敢な性格,孤高の存在で理想的
少外向,少慎重,超挑戦,孤高,超理想,調整役,周囲を見てバランスを取る人,人付き合いは良い方で少し用心深く、果敢な性格,孤高の存在で地に足がついていない
少外向,少慎重,超挑戦,一匹狼,超現実,孤高の戦士,誰にも頼らず突き進む,人付き合いは良い方で少し用心深く、果敢な性格,一匹狼で超現実主義
少外向,少慎重,超挑戦,一匹狼,現実,孤高の戦士,誰にも頼らず突き進む,人付き合いは良い方で少し用心深く、果敢な性格,一匹狼で現実主義
少外向,少慎重,超挑戦,一匹狼,少現実,調整役,周囲を見てバランスを取る人,人付き合いは良い方で少し用心深く、果敢な性格,一匹狼で現実的な側面を考慮する
少外向,少慎重,超挑戦,一匹狼,少理想,調整役,周囲を見てバランスを取る人,人付き合いは良い方で少し用心深く、果敢な性格,一匹狼で夢見がち
少外向,少慎重,超挑戦,一匹狼,理想,調整役,周囲を見てバランスを取る人,人付き合いは良い方で少し用心深く、果敢な性格,一匹狼で理想的
少外向,少慎重,超挑戦,一匹狼,超理想,調整役,周囲を見てバランスを取る人,人付き合いは良い方で少し用心深く、果敢な性格,一匹狼で地に足がついていない
少外向,少慎重,超挑戦,少孤独,超現実,調整役,周囲を見てバランスを取る人,人付き合いは良い方で少し用心深く、果敢な性格,自由主義で超現実主義
少外向,少慎重,超挑戦,少孤独,現実,調整役,周囲を見てバランスを取る人,人付き合いは良い方で少し用心深く、果敢な性格,自由主義で現実主義
少外向,少慎重,超挑戦,少孤独,少現実,調整役,周囲を見てバランスを取る人,人付き合いは良い方で少し用心深く、果敢な性格,自由主義で現実的な側面を考慮する
少外向,少慎重,超挑戦,少孤独,少理想,調整役,周囲を見てバランスを取る人,人付き合いは良い方で少し用心深く、果敢な性格,自由主義で夢見がち
少外向,少慎重,超挑戦,少孤独,理想,調整役,周囲を見てバランスを取る人,人付き合いは良い方で少し用心深く、果敢な性格,自由主義で理想的
少外向,少慎重,超挑戦,少孤独,超理想,調整役,周囲を見てバランスを取る人,人付き合いは良い方で少し用心深く、果敢な性格,自由主義で地に足がついていない
少外向,少慎重,超挑戦,少仲間,超現実,調整役,周囲を見てバランスを取る人,人付き合いは良い方で少し用心深く、果敢な性格,温厚で超現実主義
少外向,少慎重,超挑戦,少仲間,現実,調整役,周囲を見てバランスを取る人,人付き合いは良い方で少し用心深く、果敢な性格,温厚で現実主義
少外向,少慎重,超挑戦,少仲間,少現実,調整役,周囲を見てバランスを取る人,人付き合いは良い方で少し用心深く、果敢な性格,温厚で現実的な側面を考慮する
少外向,少慎重,超挑戦,少仲間,少理想,調整役,周囲を見てバランスを取る人,人付き合いは良い方で少し用心深く、果敢な性格,温厚で夢見がち
少外向,少慎重,超挑戦,少仲間,理想,調整役,周囲を見てバランスを取る人,人付き合いは良い方で少し用心深く、果敢な性格,温厚で理想的
少外向,少慎重,超挑戦,少仲間,超理想,調整役,周囲を見てバランスを取る人,人付き合いは良い方で少し用心深く、果敢な性格,温厚で地に足がついていない
少外向,少慎重,超挑戦,仲間派,超現実,調整役,周囲を見てバランスを取る人,人付き合いは良い方で少し用心深く、果敢な性格,仲間思いで超現実主義
少外向,少慎重,超挑戦,仲間派,現実,調整役,周囲を見てバランスを取る人,人付き合いは良い方で少し用心深く、果敢な性格,仲間思いで現実主義
少外向,少慎重,超挑戦,仲間派,少現実,調整役,周囲を見てバランスを取る人,人付き合いは良い方で少し用心深く、果敢な性格,仲間思いで現実的な側面を考慮する
少外向,少慎重,超挑戦,仲間派,少理想,調整役,周囲を見てバランスを取る人,人付き合いは良い方で少し用心深く、果敢な性格,仲間思いで夢見がち
少外向,少慎重,超挑戦,仲間派,理想,挑戦家,理想を掲げ挑戦を恐れない,人付き合いは良い方で少し用心深く、果敢な性格,仲間思いで理想的
少外向,少慎重,超挑戦,仲間派,超理想,挑戦家,理想を掲げ挑戦を恐れない,人付き合いは良い方で少し用心深く、果敢な性格,仲間思いで地に足がついていない
少外向,少慎重,超挑戦,超仲間,超現実,調整役,周囲を見てバランスを取る人,人付き合いは良い方で少し用心深く、果敢な性格,自己犠牲精神で超現実主義
少外向,少慎重,超挑戦,超仲間,現実,調整役,周囲を見てバランスを取る人,人付き合いは良い方で少し用心深く、果敢な性格,自己犠牲精神で現実主義
少外向,少慎重,超挑戦,超仲間,少現実,調整役,周囲を見てバランスを取る人,人付き合いは良い方で少し用心深く、果敢な性格,自己犠牲精神で現実的な側面を考慮する
少外向,少慎重,超挑戦,超仲間,少理想,調整役,周囲を見てバランスを取る人,人付き合いは良い方で少し用心深く、果敢な性格,自己犠牲精神で夢見がち
少外向,少慎重,超挑戦,超仲間,理想,挑戦家,理想を掲げ挑戦を恐れない,人付き合いは良い方で少し用心深く、果敢な性格,自己犠牲精神で理想的
少外向,少慎重,超挑戦,超仲間,超理想,挑戦家,理想を掲げ挑戦を恐れない,人付き合いは良い方で少し用心深く、果敢な性格,自己犠牲精神で地に足がついていない
少外向,少即決,超回避,孤高,超現実,調整役,周囲を見てバランスを取る人,人付き合いは良い方で少しせっかちな面があり、対立を徹底的に避ける性格,孤高の存在で超現実主義
少外向,少即決,超回避,孤高,現実,調整役,周囲を見てバランスを取る人,人付き合いは良い方で少しせっかちな面があり、対立を徹底的に避ける性格,孤高の存在で現実主義
少外向,少即決,超回避,孤高,少現実,調整役,周囲を見てバランスを取る人,人付き合いは良い方で少しせっかちな面があり、対立を徹底的に避ける性格,孤高の存在で現実的な側面を考慮する
少外向,少即決,超回避,孤高,少理想,調整役,周囲を見てバランスを取る人,人付き合いは良い方で少しせっかちな面があり、対立を徹底的に避ける性格,孤高の存在で夢見がち
少外向,少即決,超回避,孤高,理想,調整役,周囲を見てバランスを取る人,人付き合いは良い方で少しせっかちな面があり、対立を徹底的に避ける性格,孤高の存在で理想的
少外向,少即決,超回避,孤高,超理想,調整役,周囲を見てバランスを取る人,人付き合いは良い方で少しせっかちな面があり、対立を徹底的に避ける性格,孤高の存在で地に足がついていない
少外向,少即決,超回避,一匹狼,超現実,調整役,周囲を見てバランスを取る人,人付き合いは良い方で少しせっかちな面があり、対立を徹底的に避ける性格,一匹狼で超現実主義
少外向,少即決,超回避,一匹狼,現実,調整役,周囲を見てバランスを取る人,人付き合いは良い方で少しせっかちな面があり、対立を徹底的に避ける性格,一匹狼で現実主義
少外向,少即決,超回避,一匹狼,少現実,調整役,周囲を見てバランスを取る人,人付き合いは良い方で少しせっかちな面があり、対立を徹底的に避ける性格,一匹狼で現実的な側面を考慮する
少外向,少即決,超回避,一匹狼,少理想,調整役,周囲を見てバランスを取る人,人付き合いは良い方で少しせっかちな面があり、対立を徹底的に避ける性格,一匹狼で夢見がち
少外向,少即決,超回避,一匹狼,理想,調整役,周囲を見てバランスを取る人,人付き合いは良い方で少しせっかちな面があり、対立を徹底的に避ける性格,一匹狼で理想的
少外向,少即決,超回避,一匹狼,超理想,調整役,周囲を見てバランスを取る人,人付き合いは良い方で少しせっかちな面があり、対立を徹底的に避ける性格,一匹狼で地に足がついていない
少外向,少即決,超回避,少孤独,超現実,調整役,周囲を見てバランスを取る人,人付き合いは良い方で少しせっかちな面があり、対立を徹底的に避ける性格,自由主義で超現実主義
少外向,少即決,超回避,少孤独,現実,調整役,周囲を見てバランスを取る人,人付き合いは良い方で少しせっかちな面があり、対立を徹底的に避ける性格,自由主義で現実主義
少外向,少即決,超回避,少孤独,少現実,調整役,周囲を見てバランスを取る人,人付き合いは良い方で少しせっかちな面があり、対立を徹底的に避ける性格,自由主義で現実的な側面を考慮する
少外向,少即決,超回避,少孤独,少理想,調整役,周囲を見てバランスを取る人,人付き合いは良い方で少しせっかちな面があり、対立を徹底的に避ける性格,自由主義で夢見がち
少外向,少即決,超回避,少孤独,理想,調整役,周囲を見てバランスを取る人,人付き合いは良い方で少しせっかちな面があり、対立を徹底的に避ける性格,自由主義で理想的
少外向,少即決,超回避,少孤独,超理想,調整役,周囲を見てバランスを取る人,人付き合いは良い方で少しせっかちな面があり、対立を徹底的に避ける性格,自由主義で地に足がついていない
少外向,少即決,超回避,少仲間,超現実,調整役,周囲を見てバランスを取る人,人付き合いは良い方で少しせっかちな面があり、対立を徹底的に避ける性格,温厚で超現実主義
少外向,少即決,超回避,少仲間,現実,調整役,周囲を見てバランスを取る人,人付き合いは良い方で少しせっかちな面があり、対立を徹底的に避ける性格,温厚で現実主義
少外向,少即決,超回避,少仲間,少現実,調整役,周囲を見てバランスを取る人,人付き合いは良い方で少しせっかちな面があり、対立を徹底的に避ける性格,温厚で現実的な側面を考慮する
少外向,少即決,超回避,少仲間,少理想,調整役,周囲を見てバランスを取る人,人付き合いは良い方で少しせっかちな面があり、対立を徹底的に避ける性格,温厚で夢見がち
少外向,少即決,超回避,少仲間,理想,調整役,周囲を見てバランスを取る人,人付き合いは良い方で少しせっかちな面があり、対立を徹底的に避ける性格,温厚で理想的
少外向,少即決,超回避,少仲間,超理想,調整役,周囲を見てバランスを取る人,人付き合いは良い方で少しせっかちな面があり、対立を徹底的に避ける性格,温厚で地に足がついていない
少外向,少即決,超回避,仲間派,超現実,守護者,仲間を守る頼れる存在,人付き合いは良い方で少しせっかちな面があり、対立を徹底的に避ける性格,仲間思いで超現実主義
少外向,少即決,超回避,仲間派,現実,守護者,仲間を守る頼れる存在,人付き合いは良い方で少しせっかちな面があり、対立を徹底的に避ける性格,仲間思いで現実主義
少外向,少即決,超回避,仲間派,少現実,守護者,仲間を守る頼れる存在,人付き合いは良い方で少しせっかちな面があり、対立を徹底的に避ける性格,仲間思いで現実的な側面を考慮する
少外向,少即決,超回避,仲間派,少理想,守護者,仲間を守る頼れる存在,人付き合いは良い方で少しせっかちな面があり、対立を徹底的に避ける性格,仲間思いで夢見がち
少外向,少即決,超回避,仲間派,理想,守護者,仲間を守る頼れる存在,人付き合いは良い方で少しせっかちな面があり、対立を徹底的に避ける性格,仲間思いで理想的
少外向,少即決,超回避,仲間派,超理想,守護者,仲間を守る頼れる存在,人付き合いは良い方で少しせっかちな面があり、対立を徹底的に避ける性格,仲間思いで地に足がついていない
少外向,少即決,超回避,超仲間,超現実,守護者,仲間を守る頼れる存在,人付き合いは良い方で少しせっかちな面があり、対立を徹底的に避ける性格,自己犠牲精神で超現実主義
少外向,少即決,超回避,超仲間,現実,守護者,仲間を守る頼れる存在,人付き合いは良い方で少しせっかちな面があり、対立を徹底的に避ける性格,自己犠牲精神で現実主義
少外向,少即決,超回避,超仲間,少現実,守護者,仲間を守る頼れる存在,人付き合いは良い方で少しせっかちな面があり、対立を徹底的に避ける性格,自己犠牲精神で現実的な側面を考慮する
少外向,少即決,超回避,超仲間,少理想,守護者,仲間を守る頼れる存在,人付き合いは良い方で少しせっかちな面があり、対立を徹底的に避ける性格,自己犠牲精神で夢見がち
少外向,少即決,超回避,超仲間,理想,守護者,仲間を守る頼れる存在,人付き合いは良い方で少しせっかちな面があり、対立を徹底的に避ける性格,自己犠牲精神で理想的
少外向,少即決,超回避,超仲間,超理想,守護者,仲間を守る頼れる存在,人付き合いは良い方で少しせっかちな面があり、対立を徹底的に避ける性格,自己犠牲精神で地に足がついていない
少外向,少即決,回避,孤高,超現実,調整役,周囲を見てバランスを取る人,人付き合いは良い方で少しせっかちな面があり、直接的な対応を好まない性格,孤高の存在で超現実主義
少外向,少即決,回避,孤高,現実,調整役,周囲を見てバランスを取る人,人付き合いは良い方で少しせっかちな面があり、直接的な対応を好まない性格,孤高の存在で現実主義
少外向,少即決,回避,孤高,少現実,調整役,周囲を見てバランスを取る人,人付き合いは良い方で少しせっかちな面があり、直接的な対応を好まない性格,孤高の存在で現実的な側面を考慮する
少外向,少即決,回避,孤高,少理想,調整役,周囲を見てバランスを取る人,人付き合いは良い方で少しせっかちな面があり、直接的な対応を好まない性格,孤高の存在で夢見がち
少外向,少即決,回避,孤高,理想,調整役,周囲を見てバランスを取る人,人付き合いは良い方で少しせっかちな面があり、直接的な対応を好まない性格,孤高の存在で理想的
少外向,少即決,回避,孤高,超理想,調整役,周囲を見てバランスを取る人,人付き合いは良い方で少しせっかちな面があり、直接的な対応を好まない性格,孤高の存在で地に足がついていない
少外向,少即決,回避,一匹狼,超現実,調整役,周囲を見てバランスを取る人,人付き合いは良い方で少しせっかちな面があり、直接的な対応を好まない性格,一匹狼で超現実主義
少外向,少即決,回避,一匹狼,現実,調整役,周囲を見てバランスを取る人,人付き合いは良い方で少しせっかちな面があり、直接的な対応を好まない性格,一匹狼で現実主義
少外向,少即決,回避,一匹狼,少現実,調整役,周囲を見てバランスを取る人,人付き合いは良い方で少しせっかちな面があり、直接的な対応を好まない性格,一匹狼で現実的な側面を考慮する
少外向,少即決,回避,一匹狼,少理想,調整役,周囲を見てバランスを取る人,人付き合いは良い方で少しせっかちな面があり、直接的な対応を好まない性格,一匹狼で夢見がち
少外向,少即決,回避,一匹狼,理想,調整役,周囲を見てバランスを取る人,人付き合いは良い方で少しせっかちな面があり、直接的な対応を好まない性格,一匹狼で理想的
少外向,少即決,回避,一匹狼,超理想,調整役,周囲を見てバランスを取る人,人付き合いは良い方で少しせっかちな面があり、直接的な対応を好まない性格,一匹狼で地に足がついていない
少外向,少即決,回避,少孤独,超現実,調整役,周囲を見てバランスを取る人,人付き合いは良い方で少しせっかちな面があり、直接的な対応を好まない性格,自由主義で超現実主義
少外向,少即決,回避,少孤独,現実,調整役,周囲を見てバランスを取る人,人付き合いは良い方で少しせっかちな面があり、直接的な対応を好まない性格,自由主義で現実主義
少外向,少即決,回避,少孤独,少現実,調整役,周囲を見てバランスを取る人,人付き合いは良い方で少しせっかちな面があり、直接的な対応を好まない性格,自由主義で現実的な側面を考慮する
少外向,少即決,回避,少孤独,少理想,調整役,周囲を見てバランスを取る人,人付き合いは良い方で少しせっかちな面があり、直接的な対応を好まない性格,自由主義で夢見がち
少外向,少即決,回避,少孤独,理想,調整役,周囲を見てバランスを取る人,人付き合いは良い方で少しせっかちな面があり、直接的な対応を好まない性格,自由主義で理想的
少外向,少即決,回避,少孤独,超理想,調整役,周囲を見てバランスを取る人,人付き合いは良い方で少しせっかちな面があり、直接的な対応を好まない性格,自由主義で地に足がついていない
少外向,少即決,回避,少仲間,超現実,調整役,周囲を見てバランスを取る人,人付き合いは良い方で少しせっかちな面があり、直接的な対応を好まない性格,温厚で超現実主義
少外向,少即決,回避,少仲間,現実,調整役,周囲を見てバランスを取る人,人付き合いは良い方で少しせっかちな面があり、直接的な対応を好まない性格,温厚で現実主義
少外向,少即決,回避,少仲間,少現実,調整役,周囲を見てバランスを取る人,人付き合いは良い方で少しせっかちな面があり、直接的な対応を好まない性格,温厚で現実的な側面を考慮する
少外向,少即決,回避,少仲間,少理想,調整役,周囲を見てバランスを取る人,人付き合いは良い方で少しせっかちな面があり、直接的な対応を好まない性格,温厚で夢見がち
少外向,少即決,回避,少仲間,理想,調整役,周囲を見てバランスを取る人,人付き合いは良い方で少しせっかちな面があり、直接的な対応を好まない性格,温厚で理想的
少外向,少即決,回避,少仲間,超理想,調整役,周囲を見てバランスを取る人,人付き合いは良い方で少しせっかちな面があり、直接的な対応を好まない性格,温厚で地に足がついていない
少外向,少即決,回避,仲間派,超現実,守護者,仲間を守る頼れる存在,人付き合いは良い方で少しせっかちな面があり、直接的な対応を好まない性格,仲間思いで超現実主義
少外向,少即決,回避,仲間派,現実,守護者,仲間を守る頼れる存在,人付き合いは良い方で少しせっかちな面があり、直接的な対応を好まない性格,仲間思いで現実主義
少外向,少即決,回避,仲間派,少現実,守護者,仲間を守る頼れる存在,人付き合いは良い方で少しせっかちな面があり、直接的な対応を好まない性格,仲間思いで現実的な側面を考慮する
少外向,少即決,回避,仲間派,少理想,守護者,仲間を守る頼れる存在,人付き合いは良い方で少しせっかちな面があり、直接的な対応を好まない性格,仲間思いで夢見がち
少外向,少即決,回避,仲間派,理想,守護者,仲間を守る頼れる存在,人付き合いは良い方で少しせっかちな面があり、直接的な対応を好まない性格,仲間思いで理想的
少外向,少即決,回避,仲間派,超理想,守護者,仲間を守る頼れる存在,人付き合いは良い方で少しせっかちな面があり、直接的な対応を好まない性格,仲間思いで地に足がついていない
少外向,少即決,回避,超仲間,超現実,守護者,仲間を守る頼れる存在,人付き合いは良い方で少しせっかちな面があり、直接的な対応を好まない性格,自己犠牲精神で超現実主義
少外向,少即決,回避,超仲間,現実,守護者,仲間を守る頼れる存在,人付き合いは良い方で少しせっかちな面があり、直接的な対応を好まない性格,自己犠牲精神で現実主義
少外向,少即決,回避,超仲間,少現実,守護者,仲間を守る頼れる存在,人付き合いは良い方で少しせっかちな面があり、直接的な対応を好まない性格,自己犠牲精神で現実的な側面を考慮する
少外向,少即決,回避,超仲間,少理想,守護者,仲間を守る頼れる存在,人付き合いは良い方で少しせっかちな面があり、直接的な対応を好まない性格,自己犠牲精神で夢見がち
少外向,少即決,回避,超仲間,理想,守護者,仲間を守る頼れる存在,人付き合いは良い方で少しせっかちな面があり、直接的な対応を好まない性格,自己犠牲精神で理想的
少外向,少即決,回避,超仲間,超理想,守護者,仲間を守る頼れる存在,人付き合いは良い方で少しせっかちな面があり、直接的な対応を好まない性格,自己犠牲精神で地に足がついていない
少外向,少即決,少回避,孤高,超現実,調整役,周囲を見てバランスを取る人,人付き合いは良い方で少しせっかちな面があり、争いごとを好まない性格,孤高の存在で超現実主義
少外向,少即決,少回避,孤高,現実,調整役,周囲を見てバランスを取る人,人付き合いは良い方で少しせっかちな面があり、争いごとを好まない性格,孤高の存在で現実主義
少外向,少即決,少回避,孤高,少現実,調整役,周囲を見てバランスを取る人,人付き合いは良い方で少しせっかちな面があり、争いごとを好まない性格,孤高の存在で現実的な側面を考慮する
少外向,少即決,少回避,孤高,少理想,調整役,周囲を見てバランスを取る人,人付き合いは良い方で少しせっかちな面があり、争いごとを好まない性格,孤高の存在で夢見がち
少外向,少即決,少回避,孤高,理想,調整役,周囲を見てバランスを取る人,人付き合いは良い方で少しせっかちな面があり、争いごとを好まない性格,孤高の存在で理想的
少外向,少即決,少回避,孤高,超理想,調整役,周囲を見てバランスを取る人,人付き合いは良い方で少しせっかちな面があり、争いごとを好まない性格,孤高の存在で地に足がついていない
少外向,少即決,少回避,一匹狼,超現実,調整役,周囲を見てバランスを取る人,人付き合いは良い方で少しせっかちな面があり、争いごとを好まない性格,一匹狼で超現実主義
少外向,少即決,少回避,一匹狼,現実,調整役,周囲を見てバランスを取る人,人付き合いは良い方で少しせっかちな面があり、争いごとを好まない性格,一匹狼で現実主義
少外向,少即決,少回避,一匹狼,少現実,調整役,周囲を見てバランスを取る人,人付き合いは良い方で少しせっかちな面があり、争いごとを好まない性格,一匹狼で現実的な側面を考慮する
少外向,少即決,少回避,一匹狼,少理想,調整役,周囲を見てバランスを取る人,人付き合いは良い方で少しせっかちな面があり、争いごとを好まない性格,一匹狼で夢見がち
少外向,少即決,少回避,一匹狼,理想,調整役,周囲を見てバランスを取る人,人付き合いは良い方で少しせっかちな面があり、争いごとを好まない性格,一匹狼で理想的
少外向,少即決,少回避,一匹狼,超理想,調整役,周囲を見てバランスを取る人,人付き合いは良い方で少しせっかちな面があり、争いごとを好まない性格,一匹狼で地に足がついていない
少外向,少即決,少回避,少孤独,超現実,調整役,周囲を見てバランスを取る人,人付き合いは良い方で少しせっかちな面があり、争いごとを好まない性格,自由主義で超現実主義
少外向,少即決,少回避,少孤独,現実,調整役,周囲を見てバランスを取る人,人付き合いは良い方で少しせっかちな面があり、争いごとを好まない性格,自由主義で現実主義
少外向,少即決,少回避,少孤独,少現実,調整役,周囲を見てバランスを取る人,人付き合いは良い方で少しせっかちな面があり、争いごとを好まない性格,自由主義で現実的な側面を考慮する
少外向,少即決,少回避,少孤独,少理想,調整役,周囲を見てバランスを取る人,人付き合いは良い方で少しせっかちな面があり、争いごとを好まない性格,自由主義で夢見がち
少外向,少即決,少回避,少孤独,理想,調整役,周囲を見てバランスを取る人,人付き合いは良い方で少しせっかちな面があり、争いごとを好まない性格,自由主義で理想的
少外向,少即決,少回避,少孤独,超理想,調整役,周囲を見てバランスを取る人,人付き合いは良い方で少しせっかちな面があり、争いごとを好まない性格,自由主義で地に足がついていない
少外向,少即決,少回避,少仲間,超現実,調整役,周囲を見てバランスを取る人,人付き合いは良い方で少しせっかちな面があり、争いごとを好まない性格,温厚で超現実主義
少外向,少即決,少回避,少仲間,現実,調整役,周囲を見てバランスを取る人,人付き合いは良い方で少しせっかちな面があり、争いごとを好まない性格,温厚で現実主義
少外向,少即決,少回避,少仲間,少現実,調整役,周囲を見てバランスを取る人,人付き合いは良い方で少しせっかちな面があり、争いごとを好まない性格,温厚で現実的な側面を考慮する
少外向,少即決,少回避,少仲間,少理想,調整役,周囲を見てバランスを取る人,人付き合いは良い方で少しせっかちな面があり、争いごとを好まない性格,温厚で夢見がち
少外向,少即決,少回避,少仲間,理想,調整役,周囲を見てバランスを取る人,人付き合いは良い方で少しせっかちな面があり、争いごとを好まない性格,温厚で理想的
少外向,少即決,少回避,少仲間,超理想,調整役,周囲を見てバランスを取る人,人付き合いは良い方で少しせっかちな面があり、争いごとを好まない性格,温厚で地に足がついていない
少外向,少即決,少回避,仲間派,超現実,守護者,仲間を守る頼れる存在,人付き合いは良い方で少しせっかちな面があり、争いごとを好まない性格,仲間思いで超現実主義
少外向,少即決,少回避,仲間派,現実,守護者,仲間を守る頼れる存在,人付き合いは良い方で少しせっかちな面があり、争いごとを好まない性格,仲間思いで現実主義
少外向,少即決,少回避,仲間派,少現実,守護者,仲間を守る頼れる存在,人付き合いは良い方で少しせっかちな面があり、争いごとを好まない性格,仲間思いで現実的な側面を考慮する
少外向,少即決,少回避,仲間派,少理想,守護者,仲間を守る頼れる存在,人付き合いは良い方で少しせっかちな面があり、争いごとを好まない性格,仲間思いで夢見がち
少外向,少即決,少回避,仲間派,理想,守護者,仲間を守る頼れる存在,人付き合いは良い方で少しせっかちな面があり、争いごとを好まない性格,仲間思いで理想的
少外向,少即決,少回避,仲間派,超理想,守護者,仲間を守る頼れる存在,人付き合いは良い方で少しせっかちな面があり、争いごとを好まない性格,仲間思いで地に足がついていない
少外向,少即決,少回避,超仲間,超現実,守護者,仲間を守る頼れる存在,人付き合いは良い方で少しせっかちな面があり、争いごとを好まない性格,自己犠牲精神で超現実主義
少外向,少即決,少回避,超仲間,現実,守護者,仲間を守る頼れる存在,人付き合いは良い方で少しせっかちな面があり、争いごとを好まない性格,自己犠牲精神で現実主義
少外向,少即決,少回避,超仲間,少現実,守護者,仲間を守る頼れる存在,人付き合いは良い方で少しせっかちな面があり、争いごとを好まない性格,自己犠牲精神で現実的な側面を考慮する
少外向,少即決,少回避,超仲間,少理想,守護者,仲間を守る頼れる存在,人付き合いは良い方で少しせっかちな面があり、争いごとを好まない性格,自己犠牲精神で夢見がち
少外向,少即決,少回避,超仲間,理想,守護者,仲間を守る頼れる存在,人付き合いは良い方で少しせっかちな面があり、争いごとを好まない性格,自己犠牲精神で理想的
少外向,少即決,少回避,超仲間,超理想,守護者,仲間を守る頼れる存在,人付き合いは良い方で少しせっかちな面があり、争いごとを好まない性格,自己犠牲精神で地に足がついていない
少外向,少即決,少挑戦,孤高,超現実,調整役,周囲を見てバランスを取る人,人付き合いは良い方で少しせっかちな面があり、探求心がある性格,孤高の存在で超現実主義
少外向,少即決,少挑戦,孤高,現実,調整役,周囲を見てバランスを取る人,人付き合いは良い方で少しせっかちな面があり、探求心がある性格,孤高の存在で現実主義
少外向,少即決,少挑戦,孤高,少現実,調整役,周囲を見てバランスを取る人,人付き合いは良い方で少しせっかちな面があり、探求心がある性格,孤高の存在で現実的な側面を考慮する
少外向,少即決,少挑戦,孤高,少理想,調整役,周囲を見てバランスを取る人,人付き合いは良い方で少しせっかちな面があり、探求心がある性格,孤高の存在で夢見がち
少外向,少即決,少挑戦,孤高,理想,調整役,周囲を見てバランスを取る人,人付き合いは良い方で少しせっかちな面があり、探求心がある性格,孤高の存在で理想的
少外向,少即決,少挑戦,孤高,超理想,調整役,周囲を見てバランスを取る人,人付き合いは良い方で少しせっかちな面があり、探求心がある性格,孤高の存在で地に足がついていない
少外向,少即決,少挑戦,一匹狼,超現実,調整役,周囲を見てバランスを取る人,人付き合いは良い方で少しせっかちな面があり、探求心がある性格,一匹狼で超現実主義
少外向,少即決,少挑戦,一匹狼,現実,調整役,周囲を見てバランスを取る人,人付き合いは良い方で少しせっかちな面があり、探求心がある性格,一匹狼で現実主義
少外向,少即決,少挑戦,一匹狼,少現実,調整役,周囲を見てバランスを取る人,人付き合いは良い方で少しせっかちな面があり、探求心がある性格,一匹狼で現実的な側面を考慮する
少外向,少即決,少挑戦,一匹狼,少理想,調整役,周囲を見てバランスを取る人,人付き合いは良い方で少しせっかちな面があり、探求心がある性格,一匹狼で夢見がち
少外向,少即決,少挑戦,一匹狼,理想,調整役,周囲を見てバランスを取る人,人付き合いは良い方で少しせっかちな面があり、探求心がある性格,一匹狼で理想的
少外向,少即決,少挑戦,一匹狼,超理想,調整役,周囲を見てバランスを取る人,人付き合いは良い方で少しせっかちな面があり、探求心がある性格,一匹狼で地に足がついていない
少外向,少即決,少挑戦,少孤独,超現実,調整役,周囲を見てバランスを取る人,人付き合いは良い方で少しせっかちな面があり、探求心がある性格,自由主義で超現実主義
少外向,少即決,少挑戦,少孤独,現実,調整役,周囲を見てバランスを取る人,人付き合いは良い方で少しせっかちな面があり、探求心がある性格,自由主義で現実主義
少外向,少即決,少挑戦,少孤独,少現実,調整役,周囲を見てバランスを取る人,人付き合いは良い方で少しせっかちな面があり、探求心がある性格,自由主義で現実的な側面を考慮する
少外向,少即決,少挑戦,少孤独,少理想,調整役,周囲を見てバランスを取る人,人付き合いは良い方で少しせっかちな面があり、探求心がある性格,自由主義で夢見がち
少外向,少即決,少挑戦,少孤独,理想,調整役,周囲を見てバランスを取る人,人付き合いは良い方で少しせっかちな面があり、探求心がある性格,自由主義で理想的
少外向,少即決,少挑戦,少孤独,超理想,調整役,周囲を見てバランスを取る人,人付き合いは良い方で少しせっかちな面があり、探求心がある性格,自由主義で地に足がついていない
少外向,少即決,少挑戦,少仲間,超現実,調整役,周囲を見てバランスを取る人,人付き合いは良い方で少しせっかちな面があり、探求心がある性格,温厚で超現実主義
少外向,少即決,少挑戦,少仲間,現実,調整役,周囲を見てバランスを取る人,人付き合いは良い方で少しせっかちな面があり、探求心がある性格,温厚で現実主義
少外向,少即決,少挑戦,少仲間,少現実,調整役,周囲を見てバランスを取る人,人付き合いは良い方で少しせっかちな面があり、探求心がある性格,温厚で現実的な側面を考慮する
少外向,少即決,少挑戦,少仲間,少理想,調整役,周囲を見てバランスを取る人,人付き合いは良い方で少しせっかちな面があり、探求心がある性格,温厚で夢見がち
少外向,少即決,少挑戦,少仲間,理想,調整役,周囲を見てバランスを取る人,人付き合いは良い方で少しせっかちな面があり、探求心がある性格,温厚で理想的
少外向,少即決,少挑戦,少仲間,超理想,調整役,周囲を見てバランスを取る人,人付き合いは良い方で少しせっかちな面があり、探求心がある性格,温厚で地に足がついていない
少外向,少即決,少挑戦,仲間派,超現実,調整役,周囲を見てバランスを取る人,人付き合いは良い方で少しせっかちな面があり、探求心がある性格,仲間思いで超現実主義
少外向,少即決,少挑戦,仲間派,現実,調整役,周囲を見てバランスを取る人,人付き合いは良い方で少しせっかちな面があり、探求心がある性格,仲間思いで現実主義
少外向,少即決,少挑戦,仲間派,少現実,調整役,周囲を見てバランスを取る人,人付き合いは良い方で少しせっかちな面があり、探求心がある性格,仲間思いで現実的な側面を考慮する
少外向,少即決,少挑戦,仲間派,少理想,調整役,周囲を見てバランスを取る人,人付き合いは良い方で少しせっかちな面があり、探求心がある性格,仲間思いで夢見がち
少外向,少即決,少挑戦,仲間派,理想,調整役,周囲を見てバランスを取る人,人付き合いは良い方で少しせっかちな面があり、探求心がある性格,仲間思いで理想的
少外向,少即決,少挑戦,仲間派,超理想,調整役,周囲を見てバランスを取る人,人付き合いは良い方で少しせっかちな面があり、探求心がある性格,仲間思いで地に足がついていない
少外向,少即決,少挑戦,超仲間,超現実,調整役,周囲を見てバランスを取る人,人付き合いは良い方で少しせっかちな面があり、探求心がある性格,自己犠牲精神で超現実主義
少外向,少即決,少挑戦,超仲間,現実,調整役,周囲を見てバランスを取る人,人付き合いは良い方で少しせっかちな面があり、探求心がある性格,自己犠牲精神で現実主義
少外向,少即決,少挑戦,超仲間,少現実,調整役,周囲を見てバランスを取る人,人付き合いは良い方で少しせっかちな面があり、探求心がある性格,自己犠牲精神で現実的な側面を考慮する
少外向,少即決,少挑戦,超仲間,少理想,調整役,周囲を見てバランスを取る人,人付き合いは良い方で少しせっかちな面があり、探求心がある性格,自己犠牲精神で夢見がち
少外向,少即決,少挑戦,超仲間,理想,調整役,周囲を見てバランスを取る人,人付き合いは良い方で少しせっかちな面があり、探求心がある性格,自己犠牲精神で理想的
少外向,少即決,少挑戦,超仲間,超理想,調整役,周囲を見てバランスを取る人,人付き合いは良い方で少しせっかちな面があり、探求心がある性格,自己犠牲精神で地に足がついていない
少外向,少即決,挑戦,孤高,超現実,孤高の戦士,誰にも頼らず突き進む,人付き合いは良い方で少しせっかちな面があり、挑戦的な性格,孤高の存在で超現実主義
少外向,少即決,挑戦,孤高,現実,孤高の戦士,誰にも頼らず突き進む,人付き合いは良い方で少しせっかちな面があり、挑戦的な性格,孤高の存在で現実主義
少外向,少即決,挑戦,孤高,少現実,調整役,周囲を見てバランスを取る人,人付き合いは良い方で少しせっかちな面があり、挑戦的な性格,孤高の存在で現実的な側面を考慮する
少外向,少即決,挑戦,孤高,少理想,調整役,周囲を見てバランスを取る人,人付き合いは良い方で少しせっかちな面があり、挑戦的な性格,孤高の存在で夢見がち
少外向,少即決,挑戦,孤高,理想,調整役,周囲を見てバランスを取る人,人付き合いは良い方で少しせっかちな面があり、挑戦的な性格,孤高の存在で理想的
少外向,少即決,挑戦,孤高,超理想,調整役,周囲を見てバランスを取る人,人付き合いは良い方で少しせっかちな面があり、挑戦的な性格,孤高の存在で地に足がついていない
少外向,少即決,挑戦,一匹狼,超現実,孤高の戦士,誰にも頼らず突き進む,人付き合いは良い方で少しせっかちな面があり、挑戦的な性格,一匹狼で超現実主義
少外向,少即決,挑戦,一匹狼,現実,孤高の戦士,誰にも頼らず突き進む,人付き合いは良い方で少しせっかちな面があり、挑戦的な性格,一匹狼で現実主義
少外向,少即決,挑戦,一匹狼,少現実,調整役,周囲を見てバランスを取る人,人付き合いは良い方で少しせっかちな面があり、挑戦的な性格,一匹狼で現実的な側面を考慮する
少外向,少即決,挑戦,一匹狼,少理想,調整役,周囲を見てバランスを取る人,人付き合いは良い方で少しせっかちな面があり、挑戦的な性格,一匹狼で夢見がち
少外向,少即決,挑戦,一匹狼,理想,調整役,周囲を見てバランスを取る人,人付き合いは良い方で少しせっかちな面があり、挑戦的な性格,一匹狼で理想的
少外向,少即決,挑戦,一匹狼,超理想,調整役,周囲を見てバランスを取る人,人付き合いは良い方で少しせっかちな面があり、挑戦的な性格,一匹狼で地に足がついていない
少外向,少即決,挑戦,少孤独,超現実,調整役,周囲を見てバランスを取る人,人付き合いは良い方で少しせっかちな面があり、挑戦的な性格,自由主義で超現実主義
少外向,少即決,挑戦,少孤独,現実,調整役,周囲を見てバランスを取る人,人付き合いは良い方で少しせっかちな面があり、挑戦的な性格,自由主義で現実主義
少外向,少即決,挑戦,少孤独,少現実,調整役,周囲を見てバランスを取る人,人付き合いは良い方で少しせっかちな面があり、挑戦的な性格,自由主義で現実的な側面を考慮する
少外向,少即決,挑戦,少孤独,少理想,調整役,周囲を見てバランスを取る人,人付き合いは良い方で少しせっかちな面があり、挑戦的な性格,自由主義で夢見がち
少外向,少即決,挑戦,少孤独,理想,調整役,周囲を見てバランスを取る人,人付き合いは良い方で少しせっかちな面があり、挑戦的な性格,自由主義で理想的
少外向,少即決,挑戦,少孤独,超理想,調整役,周囲を見てバランスを取る人,人付き合いは良い方で少しせっかちな面があり、挑戦的な性格,自由主義で地に足がついていない
少外向,少即決,挑戦,少仲間,超現実,調整役,周囲を見てバランスを取る人,人付き合いは良い方で少しせっかちな面があり、挑戦的な性格,温厚で超現実主義
少外向,少即決,挑戦,少仲間,現実,調整役,周囲を見てバランスを取る人,人付き合いは良い方で少しせっかちな面があり、挑戦的な性格,温厚で現実主義
少外向,少即決,挑戦,少仲間,少現実,調整役,周囲を見てバランスを取る人,人付き合いは良い方で少しせっかちな面があり、挑戦的な性格,温厚で現実的な側面を考慮する
少外向,少即決,挑戦,少仲間,少理想,調整役,周囲を見てバランスを取る人,人付き合いは良い方で少しせっかちな面があり、挑戦的な性格,温厚で夢見がち
少外向,少即決,挑戦,少仲間,理想,調整役,周囲を見てバランスを取る人,人付き合いは良い方で少しせっかちな面があり、挑戦的な性格,温厚で理想的
少外向,少即決,挑戦,少仲間,超理想,調整役,周囲を見てバランスを取る人,人付き合いは良い方で少しせっかちな面があり、挑戦的な性格,温厚で地に足がついていない
少外向,少即決,挑戦,仲間派,超現実,調整役,周囲を見てバランスを取る人,人付き合いは良い方で少しせっかちな面があり、挑戦的な性格,仲間思いで超現実主義
少外向,少即決,挑戦,仲間派,現実,調整役,周囲を見てバランスを取る人,人付き合いは良い方で少しせっかちな面があり、挑戦的な性格,仲間思いで現実主義
少外向,少即決,挑戦,仲間派,少現実,調整役,周囲を見てバランスを取る人,人付き合いは良い方で少しせっかちな面があり、挑戦的な性格,仲間思いで現実的な側面を考慮する
少外向,少即決,挑戦,仲間派,少理想,調整役,周囲を見てバランスを取る人,人付き合いは良い方で少しせっかちな面があり、挑戦的な性格,仲間思いで夢見がち
少外向,少即決,挑戦,仲間派,理想,挑戦家,理想を掲げ挑戦を恐れない,人付き合いは良い方で少しせっかちな面があり、挑戦的な性格,仲間思いで理想的
少外向,少即決,挑戦,仲間派,超理想,挑戦家,理想を掲げ挑戦を恐れない,人付き合いは良い方で少しせっかちな面があり、挑戦的な性格,仲間思いで地に足がついていない
少外向,少即決,挑戦,超仲間,超現実,調整役,周囲を見てバランスを取る人,人付き合いは良い方で少しせっかちな面があり、挑戦的な性格,自己犠牲精神で超現実主義
少外向,少即決,挑戦,超仲間,現実,調整役,周囲を見てバランスを取る人,人付き合いは良い方で少しせっかちな面があり、挑戦的な性格,自己犠牲精神で現実主義
少外向,少即決,挑戦,超仲間,少現実,調整役,周囲を見てバランスを取る人,人付き合いは良い方で少しせっかちな面があり、挑戦的な性格,自己犠牲精神で現実的な側面を考慮する
少外向,少即決,挑戦,超仲間,少理想,調整役,周囲を見てバランスを取る人,人付き合いは良い方で少しせっかちな面があり、挑戦的な性格,自己犠牲精神で夢見がち
少外向,少即決,挑戦,超仲間,理想,挑戦家,理想を掲げ挑戦を恐れない,人付き合いは良い方で少しせっかちな面があり、挑戦的な性格,自己犠牲精神で理想的
少外向,少即決,挑戦,超仲間,超理想,挑戦家,理想を掲げ挑戦を恐れない,人付き合いは良い方で少しせっかちな面があり、挑戦的な性格,自己犠牲精神で地に足がついていない
少外向,少即決,超挑戦,孤高,超現実,孤高の戦士,誰にも頼らず突き進む,人付き合いは良い方で少しせっかちな面があり、果敢な性格,孤高の存在で超現実主義
少外向,少即決,超挑戦,孤高,現実,孤高の戦士,誰にも頼らず突き進む,人付き合いは良い方で少しせっかちな面があり、果敢な性格,孤高の存在で現実主義
少外向,少即決,超挑戦,孤高,少現実,調整役,周囲を見てバランスを取る人,人付き合いは良い方で少しせっかちな面があり、果敢な性格,孤高の存在で現実的な側面を考慮する
少外向,少即決,超挑戦,孤高,少理想,調整役,周囲を見てバランスを取る人,人付き合いは良い方で少しせっかちな面があり、果敢な性格,孤高の存在で夢見がち
少外向,少即決,超挑戦,孤高,理想,調整役,周囲を見てバランスを取る人,人付き合いは良い方で少しせっかちな面があり、果敢な性格,孤高の存在で理想的
少外向,少即決,超挑戦,孤高,超理想,調整役,周囲を見てバランスを取る人,人付き合いは良い方で少しせっかちな面があり、果敢な性格,孤高の存在で地に足がついていない
少外向,少即決,超挑戦,一匹狼,超現実,孤高の戦士,誰にも頼らず突き進む,人付き合いは良い方で少しせっかちな面があり、果敢な性格,一匹狼で超現実主義
少外向,少即決,超挑戦,一匹狼,現実,孤高の戦士,誰にも頼らず突き進む,人付き合いは良い方で少しせっかちな面があり、果敢な性格,一匹狼で現実主義
少外向,少即決,超挑戦,一匹狼,少現実,調整役,周囲を見てバランスを取る人,人付き合いは良い方で少しせっかちな面があり、果敢な性格,一匹狼で現実的な側面を考慮する
少外向,少即決,超挑戦,一匹狼,少理想,調整役,周囲を見てバランスを取る人,人付き合いは良い方で少しせっかちな面があり、果敢な性格,一匹狼で夢見がち
少外向,少即決,超挑戦,一匹狼,理想,調整役,周囲を見てバランスを取る人,人付き合いは良い方で少しせっかちな面があり、果敢な性格,一匹狼で理想的
少外向,少即決,超挑戦,一匹狼,超理想,調整役,周囲を見てバランスを取る人,人付き合いは良い方で少しせっかちな面があり、果敢な性格,一匹狼で地に足がついていない
少外向,少即決,超挑戦,少孤独,超現実,調整役,周囲を見てバランスを取る人,人付き合いは良い方で少しせっかちな面があり、果敢な性格,自由主義で超現実主義
少外向,少即決,超挑戦,少孤独,現実,調整役,周囲を見てバランスを取る人,人付き合いは良い方で少しせっかちな面があり、果敢な性格,自由主義で現実主義
少外向,少即決,超挑戦,少孤独,少現実,調整役,周囲を見てバランスを取る人,人付き合いは良い方で少しせっかちな面があり、果敢な性格,自由主義で現実的な側面を考慮する
少外向,少即決,超挑戦,少孤独,少理想,調整役,周囲を見てバランスを取る人,人付き合いは良い方で少しせっかちな面があり、果敢な性格,自由主義で夢見がち
少外向,少即決,超挑戦,少孤独,理想,調整役,周囲を見てバランスを取る人,人付き合いは良い方で少しせっかちな面があり、果敢な性格,自由主義で理想的
少外向,少即決,超挑戦,少孤独,超理想,調整役,周囲を見てバランスを取る人,人付き合いは良い方で少しせっかちな面があり、果敢な性格,自由主義で地に足がついていない
少外向,少即決,超挑戦,少仲間,超現実,調整役,周囲を見てバランスを取る人,人付き合いは良い方で少しせっかちな面があり、果敢な性格,温厚で超現実主義
少外向,少即決,超挑戦,少仲間,現実,調整役,周囲を見てバランスを取る人,人付き合いは良い方で少しせっかちな面があり、果敢な性格,温厚で現実主義
少外向,少即決,超挑戦,少仲間,少現実,調整役,周囲を見てバランスを取る人,人付き合いは良い方で少しせっかちな面があり、果敢な性格,温厚で現実的な側面を考慮する
少外向,少即決,超挑戦,少仲間,少理想,調整役,周囲を見てバランスを取る人,人付き合いは良い方で少しせっかちな面があり、果敢な性格,温厚で夢見がち
少外向,少即決,超挑戦,少仲間,理想,調整役,周囲を見てバランスを取る人,人付き合いは良い方で少しせっかちな面があり、果敢な性格,温厚で理想的
少外向,少即決,超挑戦,少仲間,超理想,調整役,周囲を見てバランスを取る人,人付き合いは良い方で少しせっかちな面があり、果敢な性格,温厚で地に足がついていない
少外向,少即決,超挑戦,仲間派,超現実,調整役,周囲を見てバランスを取る人,人付き合いは良い方で少しせっかちな面があり、果敢な性格,仲間思いで超現実主義
少外向,少即決,超挑戦,仲間派,現実,調整役,周囲を見てバランスを取る人,人付き合いは良い方で少しせっかちな面があり、果敢な性格,仲間思いで現実主義
少外向,少即決,超挑戦,仲間派,少現実,調整役,周囲を見てバランスを取る人,人付き合いは良い方で少しせっかちな面があり、果敢な性格,仲間思いで現実的な側面を考慮する
少外向,少即決,超挑戦,仲間派,少理想,調整役,周囲を見てバランスを取る人,人付き合いは良い方で少しせっかちな面があり、果敢な性格,仲間思いで夢見がち
少外向,少即決,超挑戦,仲間派,理想,挑戦家,理想を掲げ挑戦を恐れない,人付き合いは良い方で少しせっかちな面があり、果敢な性格,仲間思いで理想的
少外向,少即決,超挑戦,仲間派,超理想,挑戦家,理想を掲げ挑戦を恐れない,人付き合いは良い方で少しせっかちな面があり、果敢な性格,仲間思いで地に足がついていない
少外向,少即決,超挑戦,超仲間,超現実,調整役,周囲を見てバランスを取る人,人付き合いは良い方で少しせっかちな面があり、果敢な性格,自己犠牲精神で超現実主義
少外向,少即決,超挑戦,超仲間,現実,調整役,周囲を見てバランスを取る人,人付き合いは良い方で少しせっかちな面があり、果敢な性格,自己犠牲精神で現実主義
少外向,少即決,超挑戦,超仲間,少現実,調整役,周囲を見てバランスを取る人,人付き合いは良い方で少しせっかちな面があり、果敢な性格,自己犠牲精神で現実的な側面を考慮する
少外向,少即決,超挑戦,超仲間,少理想,調整役,周囲を見てバランスを取る人,人付き合いは良い方で少しせっかちな面があり、果敢な性格,自己犠牲精神で夢見がち
少外向,少即決,超挑戦,超仲間,理想,挑戦家,理想を掲げ挑戦を恐れない,人付き合いは良い方で少しせっかちな面があり、果敢な性格,自己犠牲精神で理想的
少外向,少即決,超挑戦,超仲間,超理想,挑戦家,理想を掲げ挑戦を恐れない,人付き合いは良い方で少しせっかちな面があり、果敢な性格,自己犠牲精神で地に足がついていない
少外向,即決,超回避,孤高,超現実,暴走隊長,突っ走る孤高タイプ,人付き合いは良い方で直感に従う、対立を徹底的に避ける性格,孤高の存在で超現実主義
少外向,即決,超回避,孤高,現実,暴走隊長,突っ走る孤高タイプ,人付き合いは良い方で直感に従う、対立を徹底的に避ける性格,孤高の存在で現実主義
少外向,即決,超回避,孤高,少現実,暴走隊長,突っ走る孤高タイプ,人付き合いは良い方で直感に従う、対立を徹底的に避ける性格,孤高の存在で現実的な側面を考慮する
少外向,即決,超回避,孤高,少理想,暴走隊長,突っ走る孤高タイプ,人付き合いは良い方で直感に従う、対立を徹底的に避ける性格,孤高の存在で夢見がち
少外向,即決,超回避,孤高,理想,暴走隊長,突っ走る孤高タイプ,人付き合いは良い方で直感に従う、対立を徹底的に避ける性格,孤高の存在で理想的
少外向,即決,超回避,孤高,超理想,暴走隊長,突っ走る孤高タイプ,人付き合いは良い方で直感に従う、対立を徹底的に避ける性格,孤高の存在で地に足がついていない
少外向,即決,超回避,一匹狼,超現実,暴走隊長,突っ走る孤高タイプ,人付き合いは良い方で直感に従う、対立を徹底的に避ける性格,一匹狼で超現実主義
少外向,即決,超回避,一匹狼,現実,暴走隊長,突っ走る孤高タイプ,人付き合いは良い方で直感に従う、対立を徹底的に避ける性格,一匹狼で現実主義
少外向,即決,超回避,一匹狼,少現実,暴走隊長,突っ走る孤高タイプ,人付き合いは良い方で直感に従う、対立を徹底的に避ける性格,一匹狼で現実的な側面を考慮する
少外向,即決,超回避,一匹狼,少理想,暴走隊長,突っ走る孤高タイプ,人付き合いは良い方で直感に従う、対立を徹底的に避ける性格,一匹狼で夢見がち
少外向,即決,超回避,一匹狼,理想,暴走隊長,突っ走る孤高タイプ,人付き合いは良い方で直感に従う、対立を徹底的に避ける性格,一匹狼で理想的
少外向,即決,超回避,一匹狼,超理想,暴走隊長,突っ走る孤高タイプ,人付き合いは良い方で直感に従う、対立を徹底的に避ける性格,一匹狼で地に足がついていない
少外向,即決,超回避,少孤独,超現実,調整役,周囲を見てバランスを取る人,人付き合いは良い方で直感に従う、対立を徹底的に避ける性格,自由主義で超現実主義
少外向,即決,超回避,少孤独,現実,調整役,周囲を見てバランスを取る人,人付き合いは良い方で直感に従う、対立を徹底的に避ける性格,自由主義で現実主義
少外向,即決,超回避,少孤独,少現実,調整役,周囲を見てバランスを取る人,人付き合いは良い方で直感に従う、対立を徹底的に避ける性格,自由主義で現実的な側面を考慮する
少外向,即決,超回避,少孤独,少理想,調整役,周囲を見てバランスを取る人,人付き合いは良い方で直感に従う、対立を徹底的に避ける性格,自由主義で夢見がち
少外向,即決,超回避,少孤独,理想,調整役,周囲を見てバランスを取る人,人付き合いは良い方で直感に従う、対立を徹底的に避ける性格,自由主義で理想的
少外向,即決,超回避,少孤独,超理想,調整役,周囲を見てバランスを取る人,人付き合いは良い方で直感に従う、対立を徹底的に避ける性格,自由主義で地に足がついていない
少外向,即決,超回避,少仲間,超現実,調整役,周囲を見てバランスを取る人,人付き合いは良い方で直感に従う、対立を徹底的に避ける性格,温厚で超現実主義
少外向,即決,超回避,少仲間,現実,調整役,周囲を見てバランスを取る人,人付き合いは良い方で直感に従う、対立を徹底的に避ける性格,温厚で現実主義
少外向,即決,超回避,少仲間,少現実,調整役,周囲を見てバランスを取る人,人付き合いは良い方で直感に従う、対立を徹底的に避ける性格,温厚で現実的な側面を考慮する
少外向,即決,超回避,少仲間,少理想,調整役,周囲を見てバランスを取る人,人付き合いは良い方で直感に従う、対立を徹底的に避ける性格,温厚で夢見がち
少外向,即決,超回避,少仲間,理想,調整役,周囲を見てバランスを取る人,人付き合いは良い方で直感に従う、対立を徹底的に避ける性格,温厚で理想的
少外向,即決,超回避,少仲間,超理想,調整役,周囲を見てバランスを取る人,人付き合いは良い方で直感に従う、対立を徹底的に避ける性格,温厚で地に足がついていない
少外向,即決,超回避,仲間派,超現実,守護者,仲間を守る頼れる存在,人付き合いは良い方で直感に従う、対立を徹底的に避ける性格,仲間思いで超現実主義
少外向,即決,超回避,仲間派,現実,守護者,仲間を守る頼れる存在,人付き合いは良い方で直感に従う、対立を徹底的に避ける性格,仲間思いで現実主義
少外向,即決,超回避,仲間派,少現実,守護者,仲間を守る頼れる存在,人付き合いは良い方で直感に従う、対立を徹底的に避ける性格,仲間思いで現実的な側面を考慮する
少外向,即決,超回避,仲間派,少理想,守護者,仲間を守る頼れる存在,人付き合いは良い方で直感に従う、対立を徹底的に避ける性格,仲間思いで夢見がち
少外向,即決,超回避,仲間派,理想,守護者,仲間を守る頼れる存在,人付き合いは良い方で直感に従う、対立を徹底的に避ける性格,仲間思いで理想的
少外向,即決,超回避,仲間派,超理想,守護者,仲間を守る頼れる存在,人付き合いは良い方で直感に従う、対立を徹底的に避ける性格,仲間思いで地に足がついていない
少外向,即決,超回避,超仲間,超現実,守護者,仲間を守る頼れる存在,人付き合いは良い方で直感に従う、対立を徹底的に避ける性格,自己犠牲精神で超現実主義
少外向,即決,超回避,超仲間,現実,守護者,仲間を守る頼れる存在,人付き合いは良い方で直感に従う、対立を徹底的に避ける性格,自己犠牲精神で現実主義
少外向,即決,超回避,超仲間,少現実,守護者,仲間を守る頼れる存在,人付き合いは良い方で直感に従う、対立を徹底的に避ける性格,自己犠牲精神で現実的な側面を考慮する
少外向,即決,超回避,超仲間,少理想,守護者,仲間を守る頼れる存在,人付き合いは良い方で直感に従う、対立を徹底的に避ける性格,自己犠牲精神で夢見がち
少外向,即決,超回避,超仲間,理想,守護者,仲間を守る頼れる存在,人付き合いは良い方で直感に従う、対立を徹底的に避ける性格,自己犠牲精神で理想的
少外向,即決,超回避,超仲間,超理想,守護者,仲間を守る頼れる存在,人付き合いは良い方で直感に従う、対立を徹底的に避ける性格,自己犠牲精神で地に足がついていない
少外向,即決,回避,孤高,超現実,暴走隊長,突っ走る孤高タイプ,人付き合いは良い方で直感に従う、直接的な対応を好まない性格,孤高の存在で超現実主義
少外向,即決,回避,孤高,現実,暴走隊長,突っ走る孤高タイプ,人付き合いは良い方で直感に従う、直接的な対応を好まない性格,孤高の存在で現実主義
少外向,即決,回避,孤高,少現実,暴走隊長,突っ走る孤高タイプ,人付き合いは良い方で直感に従う、直接的な対応を好まない性格,孤高の存在で現実的な側面を考慮する
少外向,即決,回避,孤高,少理想,暴走隊長,突っ走る孤高タイプ,人付き合いは良い方で直感に従う、直接的な対応を好まない性格,孤高の存在で夢見がち
少外向,即決,回避,孤高,理想,暴走隊長,突っ走る孤高タイプ,人付き合いは良い方で直感に従う、直接的な対応を好まない性格,孤高の存在で理想的
少外向,即決,回避,孤高,超理想,暴走隊長,突っ走る孤高タイプ,人付き合いは良い方で直感に従う、直接的な対応を好まない性格,孤高の存在で地に足がついていない
少外向,即決,回避,一匹狼,超現実,暴走隊長,突っ走る孤高タイプ,人付き合いは良い方で直感に従う、直接的な対応を好まない性格,一匹狼で超現実主義
少外向,即決,回避,一匹狼,現実,暴走隊長,突っ走る孤高タイプ,人付き合いは良い方で直感に従う、直接的な対応を好まない性格,一匹狼で現実主義
少外向,即決,回避,一匹狼,少現実,暴走隊長,突っ走る孤高タイプ,人付き合いは良い方で直感に従う、直接的な対応を好まない性格,一匹狼で現実的な側面を考慮する
少外向,即決,回避,一匹狼,少理想,暴走隊長,突っ走る孤高タイプ,人付き合いは良い方で直感に従う、直接的な対応を好まない性格,一匹狼で夢見がち
少外向,即決,回避,一匹狼,理想,暴走隊長,突っ走る孤高タイプ,人付き合いは良い方で直感に従う、直接的な対応を好まない性格,一匹狼で理想的
少外向,即決,回避,一匹狼,超理想,暴走隊長,突っ走る孤高タイプ,人付き合いは良い方で直感に従う、直接的な対応を好まない性格,一匹狼で地に足がついていない
少外向,即決,回避,少孤独,超現実,調整役,周囲を見てバランスを取る人,人付き合いは良い方で直感に従う、直接的な対応を好まない性格,自由主義で超現実主義
少外向,即決,回避,少孤独,現実,調整役,周囲を見てバランスを取る人,人付き合いは良い方で直感に従う、直接的な対応を好まない性格,自由主義で現実主義
少外向,即決,回避,少孤独,少現実,調整役,周囲を見てバランスを取る人,人付き合いは良い方で直感に従う、直接的な対応を好まない性格,自由主義で現実的な側面を考慮する
少外向,即決,回避,少孤独,少理想,調整役,周囲を見てバランスを取る人,人付き合いは良い方で直感に従う、直接的な対応を好まない性格,自由主義で夢見がち
少外向,即決,回避,少孤独,理想,調整役,周囲を見てバランスを取る人,人付き合いは良い方で直感に従う、直接的な対応を好まない性格,自由主義で理想的
少外向,即決,回避,少孤独,超理想,調整役,周囲を見てバランスを取る人,人付き合いは良い方で直感に従う、直接的な対応を好まない性格,自由主義で地に足がついていない
少外向,即決,回避,少仲間,超現実,調整役,周囲を見てバランスを取る人,人付き合いは良い方で直感に従う、直接的な対応を好まない性格,温厚で超現実主義
少外向,即決,回避,少仲間,現実,調整役,周囲を見てバランスを取る人,人付き合いは良い方で直感に従う、直接的な対応を好まない性格,温厚で現実主義
少外向,即決,回避,少仲間,少現実,調整役,周囲を見てバランスを取る人,人付き合いは良い方で直感に従う、直接的な対応を好まない性格,温厚で現実的な側面を考慮する
少外向,即決,回避,少仲間,少理想,調整役,周囲を見てバランスを取る人,人付き合いは良い方で直感に従う、直接的な対応を好まない性格,温厚で夢見がち
少外向,即決,回避,少仲間,理想,調整役,周囲を見てバランスを取る人,人付き合いは良い方で直感に従う、直接的な対応を好まない性格,温厚で理想的
少外向,即決,回避,少仲間,超理想,調整役,周囲を見てバランスを取る人,人付き合いは良い方で直感に従う、直接的な対応を好まない性格,温厚で地に足がついていない
少外向,即決,回避,仲間派,超現実,守護者,仲間を守る頼れる存在,人付き合いは良い方で直感に従う、直接的な対応を好まない性格,仲間思いで超現実主義
少外向,即決,回避,仲間派,現実,守護者,仲間を守る頼れる存在,人付き合いは良い方で直感に従う、直接的な対応を好まない性格,仲間思いで現実主義
少外向,即決,回避,仲間派,少現実,守護者,仲間を守る頼れる存在,人付き合いは良い方で直感に従う、直接的な対応を好まない性格,仲間思いで現実的な側面を考慮する
少外向,即決,回避,仲間派,少理想,守護者,仲間を守る頼れる存在,人付き合いは良い方で直感に従う、直接的な対応を好まない性格,仲間思いで夢見がち
少外向,即決,回避,仲間派,理想,守護者,仲間を守る頼れる存在,人付き合いは良い方で直感に従う、直接的な対応を好まない性格,仲間思いで理想的
少外向,即決,回避,仲間派,超理想,守護者,仲間を守る頼れる存在,人付き合いは良い方で直感に従う、直接的な対応を好まない性格,仲間思いで地に足がついていない
少外向,即決,回避,超仲間,超現実,守護者,仲間を守る頼れる存在,人付き合いは良い方で直感に従う、直接的な対応を好まない性格,自己犠牲精神で超現実主義
少外向,即決,回避,超仲間,現実,守護者,仲間を守る頼れる存在,人付き合いは良い方で直感に従う、直接的な対応を好まない性格,自己犠牲精神で現実主義
少外向,即決,回避,超仲間,少現実,守護者,仲間を守る頼れる存在,人付き合いは良い方で直感に従う、直接的な対応を好まない性格,自己犠牲精神で現実的な側面を考慮する
少外向,即決,回避,超仲間,少理想,守護者,仲間を守る頼れる存在,人付き合いは良い方で直感に従う、直接的な対応を好まない性格,自己犠牲精神で夢見がち
少外向,即決,回避,超仲間,理想,守護者,仲間を守る頼れる存在,人付き合いは良い方で直感に従う、直接的な対応を好まない性格,自己犠牲精神で理想的
少外向,即決,回避,超仲間,超理想,守護者,仲間を守る頼れる存在,人付き合いは良い方で直感に従う、直接的な対応を好まない性格,自己犠牲精神で地に足がついていない
少外向,即決,少回避,孤高,超現実,暴走隊長,突っ走る孤高タイプ,人付き合いは良い方で直感に従う、争いごとを好まない性格,孤高の存在で超現実主義
少外向,即決,少回避,孤高,現実,暴走隊長,突っ走る孤高タイプ,人付き合いは良い方で直感に従う、争いごとを好まない性格,孤高の存在で現実主義
少外向,即決,少回避,孤高,少現実,暴走隊長,突っ走る孤高タイプ,人付き合いは良い方で直感に従う、争いごとを好まない性格,孤高の存在で現実的な側面を考慮する
少外向,即決,少回避,孤高,少理想,暴走隊長,突っ走る孤高タイプ,人付き合いは良い方で直感に従う、争いごとを好まない性格,孤高の存在で夢見がち
少外向,即決,少回避,孤高,理想,暴走隊長,突っ走る孤高タイプ,人付き合いは良い方で直感に従う、争いごとを好まない性格,孤高の存在で理想的
少外向,即決,少回避,孤高,超理想,暴走隊長,突っ走る孤高タイプ,人付き合いは良い方で直感に従う、争いごとを好まない性格,孤高の存在で地に足がついていない
少外向,即決,少回避,一匹狼,超現実,暴走隊長,突っ走る孤高タイプ,人付き合いは良い方で直感に従う、争いごとを好まない性格,一匹狼で超現実主義
少外向,即決,少回避,一匹狼,現実,暴走隊長,突っ走る孤高タイプ,人付き合いは良い方で直感に従う、争いごとを好まない性格,一匹狼で現実主義
少外向,即決,少回避,一匹狼,少現実,暴走隊長,突っ走る孤高タイプ,人付き合いは良い方で直感に従う、争いごとを好まない性格,一匹狼で現実的な側面を考慮する
少外向,即決,少回避,一匹狼,少理想,暴走隊長,突っ走る孤高タイプ,人付き合いは良い方で直感に従う、争いごとを好まない性格,一匹狼で夢見がち
少外向,即決,少回避,一匹狼,理想,暴走隊長,突っ走る孤高タイプ,人付き合いは良い方で直感に従う、争いごとを好まない性格,一匹狼で理想的
少外向,即決,少回避,一匹狼,超理想,暴走隊長,突っ走る孤高タイプ,人付き合いは良い方で直感に従う、争いごとを好まない性格,一匹狼で地に足がついていない
少外向,即決,少回避,少孤独,超現実,調整役,周囲を見てバランスを取る人,人付き合いは良い方で直感に従う、争いごとを好まない性格,自由主義で超現実主義
少外向,即決,少回避,少孤独,現実,調整役,周囲を見てバランスを取る人,人付き合いは良い方で直感に従う、争いごとを好まない性格,自由主義で現実主義
少外向,即決,少回避,少孤独,少現実,調整役,周囲を見てバランスを取る人,人付き合いは良い方で直感に従う、争いごとを好まない性格,自由主義で現実的な側面を考慮する
少外向,即決,少回避,少孤独,少理想,調整役,周囲を見てバランスを取る人,人付き合いは良い方で直感に従う、争いごとを好まない性格,自由主義で夢見がち
少外向,即決,少回避,少孤独,理想,調整役,周囲を見てバランスを取る人,人付き合いは良い方で直感に従う、争いごとを好まない性格,自由主義で理想的
少外向,即決,少回避,少孤独,超理想,調整役,周囲を見てバランスを取る人,人付き合いは良い方で直感に従う、争いごとを好まない性格,自由主義で地に足がついていない
少外向,即決,少回避,少仲間,超現実,調整役,周囲を見てバランスを取る人,人付き合いは良い方で直感に従う、争いごとを好まない性格,温厚で超現実主義
少外向,即決,少回避,少仲間,現実,調整役,周囲を見てバランスを取る人,人付き合いは良い方で直感に従う、争いごとを好まない性格,温厚で現実主義
少外向,即決,少回避,少仲間,少現実,調整役,周囲を見てバランスを取る人,人付き合いは良い方で直感に従う、争いごとを好まない性格,温厚で現実的な側面を考慮する
少外向,即決,少回避,少仲間,少理想,調整役,周囲を見てバランスを取る人,人付き合いは良い方で直感に従う、争いごとを好まない性格,温厚で夢見がち
少外向,即決,少回避,少仲間,理想,調整役,周囲を見てバランスを取る人,人付き合いは良い方で直感に従う、争いごとを好まない性格,温厚で理想的
少外向,即決,少回避,少仲間,超理想,調整役,周囲を見てバランスを取る人,人付き合いは良い方で直感に従う、争いごとを好まない性格,温厚で地に足がついていない
少外向,即決,少回避,仲間派,超現実,守護者,仲間を守る頼れる存在,人付き合いは良い方で直感に従う、争いごとを好まない性格,仲間思いで超現実主義
少外向,即決,少回避,仲間派,現実,守護者,仲間を守る頼れる存在,人付き合いは良い方で直感に従う、争いごとを好まない性格,仲間思いで現実主義
少外向,即決,少回避,仲間派,少現実,守護者,仲間を守る頼れる存在,人付き合いは良い方で直感に従う、争いごとを好まない性格,仲間思いで現実的な側面を考慮する
少外向,即決,少回避,仲間派,少理想,守護者,仲間を守る頼れる存在,人付き合いは良い方で直感に従う、争いごとを好まない性格,仲間思いで夢見がち
少外向,即決,少回避,仲間派,理想,守護者,仲間を守る頼れる存在,人付き合いは良い方で直感に従う、争いごとを好まない性格,仲間思いで理想的
少外向,即決,少回避,仲間派,超理想,守護者,仲間を守る頼れる存在,人付き合いは良い方で直感に従う、争いごとを好まない性格,仲間思いで地に足がついていない
少外向,即決,少回避,超仲間,超現実,守護者,仲間を守る頼れる存在,人付き合いは良い方で直感に従う、争いごとを好まない性格,自己犠牲精神で超現実主義
少外向,即決,少回避,超仲間,現実,守護者,仲間を守る頼れる存在,人付き合いは良い方で直感に従う、争いごとを好まない性格,自己犠牲精神で現実主義
少外向,即決,少回避,超仲間,少現実,守護者,仲間を守る頼れる存在,人付き合いは良い方で直感に従う、争いごとを好まない性格,自己犠牲精神で現実的な側面を考慮する
少外向,即決,少回避,超仲間,少理想,守護者,仲間を守る頼れる存在,人付き合いは良い方で直感に従う、争いごとを好まない性格,自己犠牲精神で夢見がち
少外向,即決,少回避,超仲間,理想,守護者,仲間を守る頼れる存在,人付き合いは良い方で直感に従う、争いごとを好まない性格,自己犠牲精神で理想的
少外向,即決,少回避,超仲間,超理想,守護者,仲間を守る頼れる存在,人付き合いは良い方で直感に従う、争いごとを好まない性格,自己犠牲精神で地に足がついていない
少外向,即決,少挑戦,孤高,超現実,暴走隊長,突っ走る孤高タイプ,人付き合いは良い方で直感に従う、探求心がある性格,孤高の存在で超現実主義
少外向,即決,少挑戦,孤高,現実,暴走隊長,突っ走る孤高タイプ,人付き合いは良い方で直感に従う、探求心がある性格,孤高の存在で現実主義
少外向,即決,少挑戦,孤高,少現実,暴走隊長,突っ走る孤高タイプ,人付き合いは良い方で直感に従う、探求心がある性格,孤高の存在で現実的な側面を考慮する
少外向,即決,少挑戦,孤高,少理想,暴走隊長,突っ走る孤高タイプ,人付き合いは良い方で直感に従う、探求心がある性格,孤高の存在で夢見がち
少外向,即決,少挑戦,孤高,理想,暴走隊長,突っ走る孤高タイプ,人付き合いは良い方で直感に従う、探求心がある性格,孤高の存在で理想的
少外向,即決,少挑戦,孤高,超理想,暴走隊長,突っ走る孤高タイプ,人付き合いは良い方で直感に従う、探求心がある性格,孤高の存在で地に足がついていない
少外向,即決,少挑戦,一匹狼,超現実,暴走隊長,突っ走る孤高タイプ,人付き合いは良い方で直感に従う、探求心がある性格,一匹狼で超現実主義
少外向,即決,少挑戦,一匹狼,現実,暴走隊長,突っ走る孤高タイプ,人付き合いは良い方で直感に従う、探求心がある性格,一匹狼で現実主義
少外向,即決,少挑戦,一匹狼,少現実,暴走隊長,突っ走る孤高タイプ,人付き合いは良い方で直感に従う、探求心がある性格,一匹狼で現実的な側面を考慮する
少外向,即決,少挑戦,一匹狼,少理想,暴走隊長,突っ走る孤高タイプ,人付き合いは良い方で直感に従う、探求心がある性格,一匹狼で夢見がち
少外向,即決,少挑戦,一匹狼,理想,暴走隊長,突っ走る孤高タイプ,人付き合いは良い方で直感に従う、探求心がある性格,一匹狼で理想的
少外向,即決,少挑戦,一匹狼,超理想,暴走隊長,突っ走る孤高タイプ,人付き合いは良い方で直感に従う、探求心がある性格,一匹狼で地に足がついていない
少外向,即決,少挑戦,少孤独,超現実,調整役,周囲を見てバランスを取る人,人付き合いは良い方で直感に従う、探求心がある性格,自由主義で超現実主義
少外向,即決,少挑戦,少孤独,現実,調整役,周囲を見てバランスを取る人,人付き合いは良い方で直感に従う、探求心がある性格,自由主義で現実主義
少外向,即決,少挑戦,少孤独,少現実,調整役,周囲を見てバランスを取る人,人付き合いは良い方で直感に従う、探求心がある性格,自由主義で現実的な側面を考慮する
少外向,即決,少挑戦,少孤独,少理想,調整役,周囲を見てバランスを取る人,人付き合いは良い方で直感に従う、探求心がある性格,自由主義で夢見がち
少外向,即決,少挑戦,少孤独,理想,調整役,周囲を見てバランスを取る人,人付き合いは良い方で直感に従う、探求心がある性格,自由主義で理想的
少外向,即決,少挑戦,少孤独,超理想,調整役,周囲を見てバランスを取る人,人付き合いは良い方で直感に従う、探求心がある性格,自由主義で地に足がついていない
少外向,即決,少挑戦,少仲間,超現実,調整役,周囲を見てバランスを取る人,人付き合いは良い方で直感に従う、探求心がある性格,温厚で超現実主義
少外向,即決,少挑戦,少仲間,現実,調整役,周囲を見てバランスを取る人,人付き合いは良い方で直感に従う、探求心がある性格,温厚で現実主義
少外向,即決,少挑戦,少仲間,少現実,調整役,周囲を見てバランスを取る人,人付き合いは良い方で直感に従う、探求心がある性格,温厚で現実的な側面を考慮する
少外向,即決,少挑戦,少仲間,少理想,調整役,周囲を見てバランスを取る人,人付き合いは良い方で直感に従う、探求心がある性格,温厚で夢見がち
少外向,即決,少挑戦,少仲間,理想,調整役,周囲を見てバランスを取る人,人付き合いは良い方で直感に従う、探求心がある性格,温厚で理想的
少外向,即決,少挑戦,少仲間,超理想,調整役,周囲を見てバランスを取る人,人付き合いは良い方で直感に従う、探求心がある性格,温厚で地に足がついていない
少外向,即決,少挑戦,仲間派,超現実,調整役,周囲を見てバランスを取る人,人付き合いは良い方で直感に従う、探求心がある性格,仲間思いで超現実主義
少外向,即決,少挑戦,仲間派,現実,調整役,周囲を見てバランスを取る人,人付き合いは良い方で直感に従う、探求心がある性格,仲間思いで現実主義
少外向,即決,少挑戦,仲間派,少現実,調整役,周囲を見てバランスを取る人,人付き合いは良い方で直感に従う、探求心がある性格,仲間思いで現実的な側面を考慮する
少外向,即決,少挑戦,仲間派,少理想,調整役,周囲を見てバランスを取る人,人付き合いは良い方で直感に従う、探求心がある性格,仲間思いで夢見がち
少外向,即決,少挑戦,仲間派,理想,調整役,周囲を見てバランスを取る人,人付き合いは良い方で直感に従う、探求心がある性格,仲間思いで理想的
少外向,即決,少挑戦,仲間派,超理想,調整役,周囲を見てバランスを取る人,人付き合いは良い方で直感に従う、探求心がある性格,仲間思いで地に足がついていない
少外向,即決,少挑戦,超仲間,超現実,調整役,周囲を見てバランスを取る人,人付き合いは良い方で直感に従う、探求心がある性格,自己犠牲精神で超現実主義
少外向,即決,少挑戦,超仲間,現実,調整役,周囲を見てバランスを取る人,人付き合いは良い方で直感に従う、探求心がある性格,自己犠牲精神で現実主義
少外向,即決,少挑戦,超仲間,少現実,調整役,周囲を見てバランスを取る人,人付き合いは良い方で直感に従う、探求心がある性格,自己犠牲精神で現実的な側面を考慮する
少外向,即決,少挑戦,超仲間,少理想,調整役,周囲を見てバランスを取る人,人付き合いは良い方で直感に従う、探求心がある性格,自己犠牲精神で夢見がち
少外向,即決,少挑戦,超仲間,理想,調整役,周囲を見てバランスを取る人,人付き合いは良い方で直感に従う、探求心がある性格,自己犠牲精神で理想的
少外向,即決,少挑戦,超仲間,超理想,調整役,周囲を見てバランスを取る人,人付き合いは良い方で直感に従う、探求心がある性格,自己犠牲精神で地に足がついていない
少外向,即決,挑戦,孤高,超現実,孤高の戦士,誰にも頼らず突き進む,人付き合いは良い方で直感に従う、挑戦的な性格,孤高の存在で超現実主義
少外向,即決,挑戦,孤高,現実,孤高の戦士,誰にも頼らず突き進む,人付き合いは良い方で直感に従う、挑戦的な性格,孤高の存在で現実主義
少外向,即決,挑戦,孤高,少現実,暴走隊長,突っ走る孤高タイプ,人付き合いは良い方で直感に従う、挑戦的な性格,孤高の存在で現実的な側面を考慮する
少外向,即決,挑戦,孤高,少理想,暴走隊長,突っ走る孤高タイプ,人付き合いは良い方で直感に従う、挑戦的な性格,孤高の存在で夢見がち
少外向,即決,挑戦,孤高,理想,暴走隊長,突っ走る孤高タイプ,人付き合いは良い方で直感に従う、挑戦的な性格,孤高の存在で理想的
少外向,即決,挑戦,孤高,超理想,暴走隊長,突っ走る孤高タイプ,人付き合いは良い方で直感に従う、挑戦的な性格,孤高の存在で地に足がついていない
少外向,即決,挑戦,一匹狼,超現実,孤高の戦士,誰にも頼らず突き進む,人付き合いは良い方で直感に従う、挑戦的な性格,一匹狼で超現実主義
少外向,即決,挑戦,一匹狼,現実,孤高の戦士,誰にも頼らず突き進む,人付き合いは良い方で直感に従う、挑戦的な性格,一匹狼で現実主義
少外向,即決,挑戦,一匹狼,少現実,暴走隊長,突っ走る孤高タイプ,人付き合いは良い方で直感に従う、挑戦的な性格,一匹狼で現実的な側面を考慮する
少外向,即決,挑戦,一匹狼,少理想,暴走隊長,突っ走る孤高タイプ,人付き合いは良い方で直感に従う、挑戦的な性格,一匹狼で夢見がち
少外向,即決,挑戦,一匹狼,理想,暴走隊長,突っ走る孤高タイプ,人付き合いは良い方で直感に従う、挑戦的な性格,一匹狼で理想的
少外向,即決,挑戦,一匹狼,超理想,暴走隊長,突っ走る孤高タイプ,人付き合いは良い方で直感に従う、挑戦的な性格,一匹狼で地に足がついていない
少外向,即決,挑戦,少孤独,超現実,調整役,周囲を見てバランスを取る人,人付き合いは良い方で直感に従う、挑戦的な性格,自由主義で超現実主義
少外向,即決,挑戦,少孤独,現実,調整役,周囲を見てバランスを取る人,人付き合いは良い方で直感に従う、挑戦的な性格,自由主義で現実主義
少外向,即決,挑戦,少孤独,少現実,調整役,周囲を見てバランスを取る人,人付き合いは良い方で直感に従う、挑戦的な性格,自由主義で現実的な側面を考慮する
少外向,即決,挑戦,少孤独,少理想,調整役,周囲を見てバランスを取る人,人付き合いは良い方で直感に従う、挑戦的な性格,自由主義で夢見がち
少外向,即決,挑戦,少孤独,理想,調整役,周囲を見てバランスを取る人,人付き合いは良い方で直感に従う、挑戦的な性格,自由主義で理想的
少外向,即決,挑戦,少孤独,超理想,調整役,周囲を見てバランスを取る人,人付き合いは良い方で直感に従う、挑戦的な性格,自由主義で地に足がついていない
少外向,即決,挑戦,少仲間,超現実,調整役,周囲を見てバランスを取る人,人付き合いは良い方で直感に従う、挑戦的な性格,温厚で超現実主義
少外向,即決,挑戦,少仲間,現実,調整役,周囲を見てバランスを取る人,人付き合いは良い方で直感に従う、挑戦的な性格,温厚で現実主義
少外向,即決,挑戦,少仲間,少現実,調整役,周囲を見てバランスを取る人,人付き合いは良い方で直感に従う、挑戦的な性格,温厚で現実的な側面を考慮する
少外向,即決,挑戦,少仲間,少理想,調整役,周囲を見てバランスを取る人,人付き合いは良い方で直感に従う、挑戦的な性格,温厚で夢見がち
少外向,即決,挑戦,少仲間,理想,調整役,周囲を見てバランスを取る人,人付き合いは良い方で直感に従う、挑戦的な性格,温厚で理想的
少外向,即決,挑戦,少仲間,超理想,調整役,周囲を見てバランスを取る人,人付き合いは良い方で直感に従う、挑戦的な性格,温厚で地に足がついていない
少外向,即決,挑戦,仲間派,超現実,調整役,周囲を見てバランスを取る人,人付き合いは良い方で直感に従う、挑戦的な性格,仲間思いで超現実主義
少外向,即決,挑戦,仲間派,現実,調整役,周囲を見てバランスを取る人,人付き合いは良い方で直感に従う、挑戦的な性格,仲間思いで現実主義
少外向,即決,挑戦,仲間派,少現実,調整役,周囲を見てバランスを取る人,人付き合いは良い方で直感に従う、挑戦的な性格,仲間思いで現実的な側面を考慮する
少外向,即決,挑戦,仲間派,少理想,調整役,周囲を見てバランスを取る人,人付き合いは良い方で直感に従う、挑戦的な性格,仲間思いで夢見がち
少外向,即決,挑戦,仲間派,理想,挑戦家,理想を掲げ挑戦を恐れない,人付き合いは良い方で直感に従う、挑戦的な性格,仲間思いで理想的
少外向,即決,挑戦,仲間派,超理想,挑戦家,理想を掲げ挑戦を恐れない,人付き合いは良い方で直感に従う、挑戦的な性格,仲間思いで地に足がついていない
少外向,即決,挑戦,超仲間,超現実,調整役,周囲を見てバランスを取る人,人付き合いは良い方で直感に従う、挑戦的な性格,自己犠牲精神で超現実主義
少外向,即決,挑戦,超仲間,現実,調整役,周囲を見てバランスを取る人,人付き合いは良い方で直感に従う、挑戦的な性格,自己犠牲精神で現実主義
少外向,即決,挑戦,超仲間,少現実,調整役,周囲を見てバランスを取る人,人付き合いは良い方で直感に従う、挑戦的な性格,自己犠牲精神で現実的な側面を考慮する
少外向,即決,挑戦,超仲間,少理想,調整役,周囲を見てバランスを取る人,人付き合いは良い方で直感に従う、挑戦的な性格,自己犠牲精神で夢見がち
少外向,即決,挑戦,超仲間,理想,挑戦家,理想を掲げ挑戦を恐れない,人付き合いは良い方で直感に従う、挑戦的な性格,自己犠牲精神で理想的
少外向,即決,挑戦,超仲間,超理想,挑戦家,理想を掲げ挑戦を恐れない,人付き合いは良い方で直感に従う、挑戦的な性格,自己犠牲精神で地に足がついていない
少外向,即決,超挑戦,孤高,超現実,孤高の戦士,誰にも頼らず突き進む,人付き合いは良い方で直感に従う、果敢な性格,孤高の存在で超現実主義
少外向,即決,超挑戦,孤高,現実,孤高の戦士,誰にも頼らず突き進む,人付き合いは良い方で直感に従う、果敢な性格,孤高の存在で現実主義
少外向,即決,超挑戦,孤高,少現実,暴走隊長,突っ走る孤高タイプ,人付き合いは良い方で直感に従う、果敢な性格,孤高の存在で現実的な側面を考慮する
少外向,即決,超挑戦,孤高,少理想,暴走隊長,突っ走る孤高タイプ,人付き合いは良い方で直感に従う、果敢な性格,孤高の存在で夢見がち
少外向,即決,超挑戦,孤高,理想,暴走隊長,突っ走る孤高タイプ,人付き合いは良い方で直感に従う、果敢な性格,孤高の存在で理想的
少外向,即決,超挑戦,孤高,超理想,暴走隊長,突っ走る孤高タイプ,人付き合いは良い方で直感に従う、果敢な性格,孤高の存在で地に足がついていない
少外向,即決,超挑戦,一匹狼,超現実,孤高の戦士,誰にも頼らず突き進む,人付き合いは良い方で直感に従う、果敢な性格,一匹狼で超現実主義
少外向,即決,超挑戦,一匹狼,現実,孤高の戦士,誰にも頼らず突き進む,人付き合いは良い方で直感に従う、果敢な性格,一匹狼で現実主義
少外向,即決,超挑戦,一匹狼,少現実,暴走隊長,突っ走る孤高タイプ,人付き合いは良い方で直感に従う、果敢な性格,一匹狼で現実的な側面を考慮する
少外向,即決,超挑戦,一匹狼,少理想,暴走隊長,突っ走る孤高タイプ,人付き合いは良い方で直感に従う、果敢な性格,一匹狼で夢見がち
少外向,即決,超挑戦,一匹狼,理想,暴走隊長,突っ走る孤高タイプ,人付き合いは良い方で直感に従う、果敢な性格,一匹狼で理想的
少外向,即決,超挑戦,一匹狼,超理想,暴走隊長,突っ走る孤高タイプ,人付き合いは良い方で直感に従う、果敢な性格,一匹狼で地に足がついていない
少外向,即決,超挑戦,少孤独,超現実,調整役,周囲を見てバランスを取る人,人付き合いは良い方で直感に従う、果敢な性格,自由主義で超現実主義
少外向,即決,超挑戦,少孤独,現実,調整役,周囲を見てバランスを取る人,人付き合いは良い方で直感に従う、果敢な性格,自由主義で現実主義
少外向,即決,超挑戦,少孤独,少現実,調整役,周囲を見てバランスを取る人,人付き合いは良い方で直感に従う、果敢な性格,自由主義で現実的な側面を考慮する
少外向,即決,超挑戦,少孤独,少理想,調整役,周囲を見てバランスを取る人,人付き合いは良い方で直感に従う、果敢な性格,自由主義で夢見がち
少外向,即決,超挑戦,少孤独,理想,調整役,周囲を見てバランスを取る人,人付き合いは良い方で直感に従う、果敢な性格,自由主義で理想的
少外向,即決,超挑戦,少孤独,超理想,調整役,周囲を見てバランスを取る人,人付き合いは良い方で直感に従う、果敢な性格,自由主義で地に足がついていない
少外向,即決,超挑戦,少仲間,超現実,調整役,周囲を見てバランスを取る人,人付き合いは良い方で直感に従う、果敢な性格,温厚で超現実主義
少外向,即決,超挑戦,少仲間,現実,調整役,周囲を見てバランスを取る人,人付き合いは良い方で直感に従う、果敢な性格,温厚で現実主義
少外向,即決,超挑戦,少仲間,少現実,調整役,周囲を見てバランスを取る人,人付き合いは良い方で直感に従う、果敢な性格,温厚で現実的な側面を考慮する
少外向,即決,超挑戦,少仲間,少理想,調整役,周囲を見てバランスを取る人,人付き合いは良い方で直感に従う、果敢な性格,温厚で夢見がち
少外向,即決,超挑戦,少仲間,理想,調整役,周囲を見てバランスを取る人,人付き合いは良い方で直感に従う、果敢な性格,温厚で理想的
少外向,即決,超挑戦,少仲間,超理想,調整役,周囲を見てバランスを取る人,人付き合いは良い方で直感に従う、果敢な性格,温厚で地に足がついていない
少外向,即決,超挑戦,仲間派,超現実,調整役,周囲を見てバランスを取る人,人付き合いは良い方で直感に従う、果敢な性格,仲間思いで超現実主義
少外向,即決,超挑戦,仲間派,現実,調整役,周囲を見てバランスを取る人,人付き合いは良い方で直感に従う、果敢な性格,仲間思いで現実主義
少外向,即決,超挑戦,仲間派,少現実,調整役,周囲を見てバランスを取る人,人付き合いは良い方で直感に従う、果敢な性格,仲間思いで現実的な側面を考慮する
少外向,即決,超挑戦,仲間派,少理想,調整役,周囲を見てバランスを取る人,人付き合いは良い方で直感に従う、果敢な性格,仲間思いで夢見がち
少外向,即決,超挑戦,仲間派,理想,挑戦家,理想を掲げ挑戦を恐れない,人付き合いは良い方で直感に従う、果敢な性格,仲間思いで理想的
少外向,即決,超挑戦,仲間派,超理想,挑戦家,理想を掲げ挑戦を恐れない,人付き合いは良い方で直感に従う、果敢な性格,仲間思いで地に足がついていない
少外向,即決,超挑戦,超仲間,超現実,調整役,周囲を見てバランスを取る人,人付き合いは良い方で直感に従う、果敢な性格,自己犠牲精神で超現実主義
少外向,即決,超挑戦,超仲間,現実,調整役,周囲を見てバランスを取る人,人付き合いは良い方で直感に従う、果敢な性格,自己犠牲精神で現実主義
少外向,即決,超挑戦,超仲間,少現実,調整役,周囲を見てバランスを取る人,人付き合いは良い方で直感に従う、果敢な性格,自己犠牲精神で現実的な側面を考慮する
少外向,即決,超挑戦,超仲間,少理想,調整役,周囲を見てバランスを取る人,人付き合いは良い方で直感に従う、果敢な性格,自己犠牲精神で夢見がち
少外向,即決,超挑戦,超仲間,理想,挑戦家,理想を掲げ挑戦を恐れない,人付き合いは良い方で直感に従う、果敢な性格,自己犠牲精神で理想的
少外向,即決,超挑戦,超仲間,超理想,挑戦家,理想を掲げ挑戦を恐れない,人付き合いは良い方で直感に従う、果敢な性格,自己犠牲精神で地に足がついていない
少外向,超即決,超回避,孤高,超現実,暴走隊長,突っ走る孤高タイプ,人付き合いは良い方で後先考えず、対立を徹底的に避ける性格,孤高の存在で超現実主義
少外向,超即決,超回避,孤高,現実,暴走隊長,突っ走る孤高タイプ,人付き合いは良い方で後先考えず、対立を徹底的に避ける性格,孤高の存在で現実主義
少外向,超即決,超回避,孤高,少現実,暴走隊長,突っ走る孤高タイプ,人付き合いは良い方で後先考えず、対立を徹底的に避ける性格,孤高の存在で現実的な側面を考慮する
少外向,超即決,超回避,孤高,少理想,暴走隊長,突っ走る孤高タイプ,人付き合いは良い方で後先考えず、対立を徹底的に避ける性格,孤高の存在で夢見がち
少外向,超即決,超回避,孤高,理想,暴走隊長,突っ走る孤高タイプ,人付き合いは良い方で後先考えず、対立を徹底的に避ける性格,孤高の存在で理想的
少外向,超即決,超回避,孤高,超理想,暴走隊長,突っ走る孤高タイプ,人付き合いは良い方で後先考えず、対立を徹底的に避ける性格,孤高の存在で地に足がついていない
少外向,超即決,超回避,一匹狼,超現実,暴走隊長,突っ走る孤高タイプ,人付き合いは良い方で後先考えず、対立を徹底的に避ける性格,一匹狼で超現実主義
少外向,超即決,超回避,一匹狼,現実,暴走隊長,突っ走る孤高タイプ,人付き合いは良い方で後先考えず、対立を徹底的に避ける性格,一匹狼で現実主義
少外向,超即決,超回避,一匹狼,少現実,暴走隊長,突っ走る孤高タイプ,人付き合いは良い方で後先考えず、対立を徹底的に避ける性格,一匹狼で現実的な側面を考慮する
少外向,超即決,超回避,一匹狼,少理想,暴走隊長,突っ走る孤高タイプ,人付き合いは良い方で後先考えず、対立を徹底的に避ける性格,一匹狼で夢見がち
少外向,超即決,超回避,一匹狼,理想,暴走隊長,突っ走る孤高タイプ,人付き合いは良い方で後先考えず、対立を徹底的に避ける性格,一匹狼で理想的
少外向,超即決,超回避,一匹狼,超理想,暴走隊長,突っ走る孤高タイプ,人付き合いは良い方で後先考えず、対立を徹底的に避ける性格,一匹狼で地に足がついていない
少外向,超即決,超回避,少孤独,超現実,調整役,周囲を見てバランスを取る人,人付き合いは良い方で後先考えず、対立を徹底的に避ける性格,自由主義で超現実主義
少外向,超即決,超回避,少孤独,現実,調整役,周囲を見てバランスを取る人,人付き合いは良い方で後先考えず、対立を徹底的に避ける性格,自由主義で現実主義
少外向,超即決,超回避,少孤独,少現実,調整役,周囲を見てバランスを取る人,人付き合いは良い方で後先考えず、対立を徹底的に避ける性格,自由主義で現実的な側面を考慮する
少外向,超即決,超回避,少孤独,少理想,調整役,周囲を見てバランスを取る人,人付き合いは良い方で後先考えず、対立を徹底的に避ける性格,自由主義で夢見がち
少外向,超即決,超回避,少孤独,理想,調整役,周囲を見てバランスを取る人,人付き合いは良い方で後先考えず、対立を徹底的に避ける性格,自由主義で理想的
少外向,超即決,超回避,少孤独,超理想,調整役,周囲を見てバランスを取る人,人付き合いは良い方で後先考えず、対立を徹底的に避ける性格,自由主義で地に足がついていない
少外向,超即決,超回避,少仲間,超現実,調整役,周囲を見てバランスを取る人,人付き合いは良い方で後先考えず、対立を徹底的に避ける性格,温厚で超現実主義
少外向,超即決,超回避,少仲間,現実,調整役,周囲を見てバランスを取る人,人付き合いは良い方で後先考えず、対立を徹底的に避ける性格,温厚で現実主義
少外向,超即決,超回避,少仲間,少現実,調整役,周囲を見てバランスを取る人,人付き合いは良い方で後先考えず、対立を徹底的に避ける性格,温厚で現実的な側面を考慮する
少外向,超即決,超回避,少仲間,少理想,調整役,周囲を見てバランスを取る人,人付き合いは良い方で後先考えず、対立を徹底的に避ける性格,温厚で夢見がち
少外向,超即決,超回避,少仲間,理想,調整役,周囲を見てバランスを取る人,人付き合いは良い方で後先考えず、対立を徹底的に避ける性格,温厚で理想的
少外向,超即決,超回避,少仲間,超理想,調整役,周囲を見てバランスを取る人,人付き合いは良い方で後先考えず、対立を徹底的に避ける性格,温厚で地に足がついていない
少外向,超即決,超回避,仲間派,超現実,守護者,仲間を守る頼れる存在,人付き合いは良い方で後先考えず、対立を徹底的に避ける性格,仲間思いで超現実主義
少外向,超即決,超回避,仲間派,現実,守護者,仲間を守る頼れる存在,人付き合いは良い方で後先考えず、対立を徹底的に避ける性格,仲間思いで現実主義
少外向,超即決,超回避,仲間派,少現実,守護者,仲間を守る頼れる存在,人付き合いは良い方で後先考えず、対立を徹底的に避ける性格,仲間思いで現実的な側面を考慮する
少外向,超即決,超回避,仲間派,少理想,守護者,仲間を守る頼れる存在,人付き合いは良い方で後先考えず、対立を徹底的に避ける性格,仲間思いで夢見がち
少外向,超即決,超回避,仲間派,理想,守護者,仲間を守る頼れる存在,人付き合いは良い方で後先考えず、対立を徹底的に避ける性格,仲間思いで理想的
少外向,超即決,超回避,仲間派,超理想,守護者,仲間を守る頼れる存在,人付き合いは良い方で後先考えず、対立を徹底的に避ける性格,仲間思いで地に足がついていない
少外向,超即決,超回避,超仲間,超現実,守護者,仲間を守る頼れる存在,人付き合いは良い方で後先考えず、対立を徹底的に避ける性格,自己犠牲精神で超現実主義
少外向,超即決,超回避,超仲間,現実,守護者,仲間を守る頼れる存在,人付き合いは良い方で後先考えず、対立を徹底的に避ける性格,自己犠牲精神で現実主義
少外向,超即決,超回避,超仲間,少現実,守護者,仲間を守る頼れる存在,人付き合いは良い方で後先考えず、対立を徹底的に避ける性格,自己犠牲精神で現実的な側面を考慮する
少外向,超即決,超回避,超仲間,少理想,守護者,仲間を守る頼れる存在,人付き合いは良い方で後先考えず、対立を徹底的に避ける性格,自己犠牲精神で夢見がち
少外向,超即決,超回避,超仲間,理想,守護者,仲間を守る頼れる存在,人付き合いは良い方で後先考えず、対立を徹底的に避ける性格,自己犠牲精神で理想的
少外向,超即決,超回避,超仲間,超理想,守護者,仲間を守る頼れる存在,人付き合いは良い方で後先考えず、対立を徹底的に避ける性格,自己犠牲精神で地に足がついていない
少外向,超即決,回避,孤高,超現実,暴走隊長,突っ走る孤高タイプ,人付き合いは良い方で後先考えず、直接的な対応を好まない性格,孤高の存在で超現実主義
少外向,超即決,回避,孤高,現実,暴走隊長,突っ走る孤高タイプ,人付き合いは良い方で後先考えず、直接的な対応を好まない性格,孤高の存在で現実主義
少外向,超即決,回避,孤高,少現実,暴走隊長,突っ走る孤高タイプ,人付き合いは良い方で後先考えず、直接的な対応を好まない性格,孤高の存在で現実的な側面を考慮する
少外向,超即決,回避,孤高,少理想,暴走隊長,突っ走る孤高タイプ,人付き合いは良い方で後先考えず、直接的な対応を好まない性格,孤高の存在で夢見がち
少外向,超即決,回避,孤高,理想,暴走隊長,突っ走る孤高タイプ,人付き合いは良い方で後先考えず、直接的な対応を好まない性格,孤高の存在で理想的
少外向,超即決,回避,孤高,超理想,暴走隊長,突っ走る孤高タイプ,人付き合いは良い方で後先考えず、直接的な対応を好まない性格,孤高の存在で地に足がついていない
少外向,超即決,回避,一匹狼,超現実,暴走隊長,突っ走る孤高タイプ,人付き合いは良い方で後先考えず、直接的な対応を好まない性格,一匹狼で超現実主義
少外向,超即決,回避,一匹狼,現実,暴走隊長,突っ走る孤高タイプ,人付き合いは良い方で後先考えず、直接的な対応を好まない性格,一匹狼で現実主義
少外向,超即決,回避,一匹狼,少現実,暴走隊長,突っ走る孤高タイプ,人付き合いは良い方で後先考えず、直接的な対応を好まない性格,一匹狼で現実的な側面を考慮する
少外向,超即決,回避,一匹狼,少理想,暴走隊長,突っ走る孤高タイプ,人付き合いは良い方で後先考えず、直接的な対応を好まない性格,一匹狼で夢見がち
少外向,超即決,回避,一匹狼,理想,暴走隊長,突っ走る孤高タイプ,人付き合いは良い方で後先考えず、直接的な対応を好まない性格,一匹狼で理想的
少外向,超即決,回避,一匹狼,超理想,暴走隊長,突っ走る孤高タイプ,人付き合いは良い方で後先考えず、直接的な対応を好まない性格,一匹狼で地に足がついていない
少外向,超即決,回避,少孤独,超現実,調整役,周囲を見てバランスを取る人,人付き合いは良い方で後先考えず、直接的な対応を好まない性格,自由主義で超現実主義
少外向,超即決,回避,少孤独,現実,調整役,周囲を見てバランスを取る人,人付き合いは良い方で後先考えず、直接的な対応を好まない性格,自由主義で現実主義
少外向,超即決,回避,少孤独,少現実,調整役,周囲を見てバランスを取る人,人付き合いは良い方で後先考えず、直接的な対応を好まない性格,自由主義で現実的な側面を考慮する
少外向,超即決,回避,少孤独,少理想,調整役,周囲を見てバランスを取る人,人付き合いは良い方で後先考えず、直接的な対応を好まない性格,自由主義で夢見がち
少外向,超即決,回避,少孤独,理想,調整役,周囲を見てバランスを取る人,人付き合いは良い方で後先考えず、直接的な対応を好まない性格,自由主義で理想的
少外向,超即決,回避,少孤独,超理想,調整役,周囲を見てバランスを取る人,人付き合いは良い方で後先考えず、直接的な対応を好まない性格,自由主義で地に足がついていない
少外向,超即決,回避,少仲間,超現実,調整役,周囲を見てバランスを取る人,人付き合いは良い方で後先考えず、直接的な対応を好まない性格,温厚で超現実主義
少外向,超即決,回避,少仲間,現実,調整役,周囲を見てバランスを取る人,人付き合いは良い方で後先考えず、直接的な対応を好まない性格,温厚で現実主義
少外向,超即決,回避,少仲間,少現実,調整役,周囲を見てバランスを取る人,人付き合いは良い方で後先考えず、直接的な対応を好まない性格,温厚で現実的な側面を考慮する
少外向,超即決,回避,少仲間,少理想,調整役,周囲を見てバランスを取る人,人付き合いは良い方で後先考えず、直接的な対応を好まない性格,温厚で夢見がち
少外向,超即決,回避,少仲間,理想,調整役,周囲を見てバランスを取る人,人付き合いは良い方で後先考えず、直接的な対応を好まない性格,温厚で理想的
少外向,超即決,回避,少仲間,超理想,調整役,周囲を見てバランスを取る人,人付き合いは良い方で後先考えず、直接的な対応を好まない性格,温厚で地に足がついていない
少外向,超即決,回避,仲間派,超現実,守護者,仲間を守る頼れる存在,人付き合いは良い方で後先考えず、直接的な対応を好まない性格,仲間思いで超現実主義
少外向,超即決,回避,仲間派,現実,守護者,仲間を守る頼れる存在,人付き合いは良い方で後先考えず、直接的な対応を好まない性格,仲間思いで現実主義
少外向,超即決,回避,仲間派,少現実,守護者,仲間を守る頼れる存在,人付き合いは良い方で後先考えず、直接的な対応を好まない性格,仲間思いで現実的な側面を考慮する
少外向,超即決,回避,仲間派,少理想,守護者,仲間を守る頼れる存在,人付き合いは良い方で後先考えず、直接的な対応を好まない性格,仲間思いで夢見がち
少外向,超即決,回避,仲間派,理想,守護者,仲間を守る頼れる存在,人付き合いは良い方で後先考えず、直接的な対応を好まない性格,仲間思いで理想的
少外向,超即決,回避,仲間派,超理想,守護者,仲間を守る頼れる存在,人付き合いは良い方で後先考えず、直接的な対応を好まない性格,仲間思いで地に足がついていない
少外向,超即決,回避,超仲間,超現実,守護者,仲間を守る頼れる存在,人付き合いは良い方で後先考えず、直接的な対応を好まない性格,自己犠牲精神で超現実主義
少外向,超即決,回避,超仲間,現実,守護者,仲間を守る頼れる存在,人付き合いは良い方で後先考えず、直接的な対応を好まない性格,自己犠牲精神で現実主義
少外向,超即決,回避,超仲間,少現実,守護者,仲間を守る頼れる存在,人付き合いは良い方で後先考えず、直接的な対応を好まない性格,自己犠牲精神で現実的な側面を考慮する
少外向,超即決,回避,超仲間,少理想,守護者,仲間を守る頼れる存在,人付き合いは良い方で後先考えず、直接的な対応を好まない性格,自己犠牲精神で夢見がち
少外向,超即決,回避,超仲間,理想,守護者,仲間を守る頼れる存在,人付き合いは良い方で後先考えず、直接的な対応を好まない性格,自己犠牲精神で理想的
少外向,超即決,回避,超仲間,超理想,守護者,仲間を守る頼れる存在,人付き合いは良い方で後先考えず、直接的な対応を好まない性格,自己犠牲精神で地に足がついていない
少外向,超即決,少回避,孤高,超現実,暴走隊長,突っ走る孤高タイプ,人付き合いは良い方で後先考えず、争いごとを好まない性格,孤高の存在で超現実主義
少外向,超即決,少回避,孤高,現実,暴走隊長,突っ走る孤高タイプ,人付き合いは良い方で後先考えず、争いごとを好まない性格,孤高の存在で現実主義
少外向,超即決,少回避,孤高,少現実,暴走隊長,突っ走る孤高タイプ,人付き合いは良い方で後先考えず、争いごとを好まない性格,孤高の存在で現実的な側面を考慮する
少外向,超即決,少回避,孤高,少理想,暴走隊長,突っ走る孤高タイプ,人付き合いは良い方で後先考えず、争いごとを好まない性格,孤高の存在で夢見がち
少外向,超即決,少回避,孤高,理想,暴走隊長,突っ走る孤高タイプ,人付き合いは良い方で後先考えず、争いごとを好まない性格,孤高の存在で理想的
少外向,超即決,少回避,孤高,超理想,暴走隊長,突っ走る孤高タイプ,人付き合いは良い方で後先考えず、争いごとを好まない性格,孤高の存在で地に足がついていない
少外向,超即決,少回避,一匹狼,超現実,暴走隊長,突っ走る孤高タイプ,人付き合いは良い方で後先考えず、争いごとを好まない性格,一匹狼で超現実主義
少外向,超即決,少回避,一匹狼,現実,暴走隊長,突っ走る孤高タイプ,人付き合いは良い方で後先考えず、争いごとを好まない性格,一匹狼で現実主義
少外向,超即決,少回避,一匹狼,少現実,暴走隊長,突っ走る孤高タイプ,人付き合いは良い方で後先考えず、争いごとを好まない性格,一匹狼で現実的な側面を考慮する
少外向,超即決,少回避,一匹狼,少理想,暴走隊長,突っ走る孤高タイプ,人付き合いは良い方で後先考えず、争いごとを好まない性格,一匹狼で夢見がち
少外向,超即決,少回避,一匹狼,理想,暴走隊長,突っ走る孤高タイプ,人付き合いは良い方で後先考えず、争いごとを好まない性格,一匹狼で理想的
少外向,超即決,少回避,一匹狼,超理想,暴走隊長,突っ走る孤高タイプ,人付き合いは良い方で後先考えず、争いごとを好まない性格,一匹狼で地に足がついていない
少外向,超即決,少回避,少孤独,超現実,調整役,周囲を見てバランスを取る人,人付き合いは良い方で後先考えず、争いごとを好まない性格,自由主義で超現実主義
少外向,超即決,少回避,少孤独,現実,調整役,周囲を見てバランスを取る人,人付き合いは良い方で後先考えず、争いごとを好まない性格,自由主義で現実主義
少外向,超即決,少回避,少孤独,少現実,調整役,周囲を見てバランスを取る人,人付き合いは良い方で後先考えず、争いごとを好まない性格,自由主義で現実的な側面を考慮する
少外向,超即決,少回避,少孤独,少理想,調整役,周囲を見てバランスを取る人,人付き合いは良い方で後先考えず、争いごとを好まない性格,自由主義で夢見がち
少外向,超即決,少回避,少孤独,理想,調整役,周囲を見てバランスを取る人,人付き合いは良い方で後先考えず、争いごとを好まない性格,自由主義で理想的
少外向,超即決,少回避,少孤独,超理想,調整役,周囲を見てバランスを取る人,人付き合いは良い方で後先考えず、争いごとを好まない性格,自由主義で地に足がついていない
少外向,超即決,少回避,少仲間,超現実,調整役,周囲を見てバランスを取る人,人付き合いは良い方で後先考えず、争いごとを好まない性格,温厚で超現実主義
少外向,超即決,少回避,少仲間,現実,調整役,周囲を見てバランスを取る人,人付き合いは良い方で後先考えず、争いごとを好まない性格,温厚で現実主義
少外向,超即決,少回避,少仲間,少現実,調整役,周囲を見てバランスを取る人,人付き合いは良い方で後先考えず、争いごとを好まない性格,温厚で現実的な側面を考慮する
少外向,超即決,少回避,少仲間,少理想,調整役,周囲を見てバランスを取る人,人付き合いは良い方で後先考えず、争いごとを好まない性格,温厚で夢見がち
少外向,超即決,少回避,少仲間,理想,調整役,周囲を見てバランスを取る人,人付き合いは良い方で後先考えず、争いごとを好まない性格,温厚で理想的
少外向,超即決,少回避,少仲間,超理想,調整役,周囲を見てバランスを取る人,人付き合いは良い方で後先考えず、争いごとを好まない性格,温厚で地に足がついていない
少外向,超即決,少回避,仲間派,超現実,守護者,仲間を守る頼れる存在,人付き合いは良い方で後先考えず、争いごとを好まない性格,仲間思いで超現実主義
少外向,超即決,少回避,仲間派,現実,守護者,仲間を守る頼れる存在,人付き合いは良い方で後先考えず、争いごとを好まない性格,仲間思いで現実主義
少外向,超即決,少回避,仲間派,少現実,守護者,仲間を守る頼れる存在,人付き合いは良い方で後先考えず、争いごとを好まない性格,仲間思いで現実的な側面を考慮する
少外向,超即決,少回避,仲間派,少理想,守護者,仲間を守る頼れる存在,人付き合いは良い方で後先考えず、争いごとを好まない性格,仲間思いで夢見がち
少外向,超即決,少回避,仲間派,理想,守護者,仲間を守る頼れる存在,人付き合いは良い方で後先考えず、争いごとを好まない性格,仲間思いで理想的
少外向,超即決,少回避,仲間派,超理想,守護者,仲間を守る頼れる存在,人付き合いは良い方で後先考えず、争いごとを好まない性格,仲間思いで地に足がついていない
少外向,超即決,少回避,超仲間,超現実,守護者,仲間を守る頼れる存在,人付き合いは良い方で後先考えず、争いごとを好まない性格,自己犠牲精神で超現実主義
少外向,超即決,少回避,超仲間,現実,守護者,仲間を守る頼れる存在,人付き合いは良い方で後先考えず、争いごとを好まない性格,自己犠牲精神で現実主義
少外向,超即決,少回避,超仲間,少現実,守護者,仲間を守る頼れる存在,人付き合いは良い方で後先考えず、争いごとを好まない性格,自己犠牲精神で現実的な側面を考慮する
少外向,超即決,少回避,超仲間,少理想,守護者,仲間を守る頼れる存在,人付き合いは良い方で後先考えず、争いごとを好まない性格,自己犠牲精神で夢見がち
少外向,超即決,少回避,超仲間,理想,守護者,仲間を守る頼れる存在,人付き合いは良い方で後先考えず、争いごとを好まない性格,自己犠牲精神で理想的
少外向,超即決,少回避,超仲間,超理想,守護者,仲間を守る頼れる存在,人付き合いは良い方で後先考えず、争いごとを好まない性格,自己犠牲精神で地に足がついていない
少外向,超即決,少挑戦,孤高,超現実,暴走隊長,突っ走る孤高タイプ,人付き合いは良い方で後先考えず、探求心がある性格,孤高の存在で超現実主義
少外向,超即決,少挑戦,孤高,現実,暴走隊長,突っ走る孤高タイプ,人付き合いは良い方で後先考えず、探求心がある性格,孤高の存在で現実主義
少外向,超即決,少挑戦,孤高,少現実,暴走隊長,突っ走る孤高タイプ,人付き合いは良い方で後先考えず、探求心がある性格,孤高の存在で現実的な側面を考慮する
少外向,超即決,少挑戦,孤高,少理想,暴走隊長,突っ走る孤高タイプ,人付き合いは良い方で後先考えず、探求心がある性格,孤高の存在で夢見がち
少外向,超即決,少挑戦,孤高,理想,暴走隊長,突っ走る孤高タイプ,人付き合いは良い方で後先考えず、探求心がある性格,孤高の存在で理想的
少外向,超即決,少挑戦,孤高,超理想,暴走隊長,突っ走る孤高タイプ,人付き合いは良い方で後先考えず、探求心がある性格,孤高の存在で地に足がついていない
少外向,超即決,少挑戦,一匹狼,超現実,暴走隊長,突っ走る孤高タイプ,人付き合いは良い方で後先考えず、探求心がある性格,一匹狼で超現実主義
少外向,超即決,少挑戦,一匹狼,現実,暴走隊長,突っ走る孤高タイプ,人付き合いは良い方で後先考えず、探求心がある性格,一匹狼で現実主義
少外向,超即決,少挑戦,一匹狼,少現実,暴走隊長,突っ走る孤高タイプ,人付き合いは良い方で後先考えず、探求心がある性格,一匹狼で現実的な側面を考慮する
少外向,超即決,少挑戦,一匹狼,少理想,暴走隊長,突っ走る孤高タイプ,人付き合いは良い方で後先考えず、探求心がある性格,一匹狼で夢見がち
少外向,超即決,少挑戦,一匹狼,理想,暴走隊長,突っ走る孤高タイプ,人付き合いは良い方で後先考えず、探求心がある性格,一匹狼で理想的
少外向,超即決,少挑戦,一匹狼,超理想,暴走隊長,突っ走る孤高タイプ,人付き合いは良い方で後先考えず、探求心がある性格,一匹狼で地に足がついていない
少外向,超即決,少挑戦,少孤独,超現実,調整役,周囲を見てバランスを取る人,人付き合いは良い方で後先考えず、探求心がある性格,自由主義で超現実主義
少外向,超即決,少挑戦,少孤独,現実,調整役,周囲を見てバランスを取る人,人付き合いは良い方で後先考えず、探求心がある性格,自由主義で現実主義
少外向,超即決,少挑戦,少孤独,少現実,調整役,周囲を見てバランスを取る人,人付き合いは良い方で後先考えず、探求心がある性格,自由主義で現実的な側面を考慮する
少外向,超即決,少挑戦,少孤独,少理想,調整役,周囲を見てバランスを取る人,人付き合いは良い方で後先考えず、探求心がある性格,自由主義で夢見がち
少外向,超即決,少挑戦,少孤独,理想,調整役,周囲を見てバランスを取る人,人付き合いは良い方で後先考えず、探求心がある性格,自由主義で理想的
少外向,超即決,少挑戦,少孤独,超理想,調整役,周囲を見てバランスを取る人,人付き合いは良い方で後先考えず、探求心がある性格,自由主義で地に足がついていない
少外向,超即決,少挑戦,少仲間,超現実,調整役,周囲を見てバランスを取る人,人付き合いは良い方で後先考えず、探求心がある性格,温厚で超現実主義
少外向,超即決,少挑戦,少仲間,現実,調整役,周囲を見てバランスを取る人,人付き合いは良い方で後先考えず、探求心がある性格,温厚で現実主義
少外向,超即決,少挑戦,少仲間,少現実,調整役,周囲を見てバランスを取る人,人付き合いは良い方で後先考えず、探求心がある性格,温厚で現実的な側面を考慮する
少外向,超即決,少挑戦,少仲間,少理想,調整役,周囲を見てバランスを取る人,人付き合いは良い方で後先考えず、探求心がある性格,温厚で夢見がち
少外向,超即決,少挑戦,少仲間,理想,調整役,周囲を見てバランスを取る人,人付き合いは良い方で後先考えず、探求心がある性格,温厚で理想的
少外向,超即決,少挑戦,少仲間,超理想,調整役,周囲を見てバランスを取る人,人付き合いは良い方で後先考えず、探求心がある性格,温厚で地に足がついていない
少外向,超即決,少挑戦,仲間派,超現実,調整役,周囲を見てバランスを取る人,人付き合いは良い方で後先考えず、探求心がある性格,仲間思いで超現実主義
少外向,超即決,少挑戦,仲間派,現実,調整役,周囲を見てバランスを取る人,人付き合いは良い方で後先考えず、探求心がある性格,仲間思いで現実主義
少外向,超即決,少挑戦,仲間派,少現実,調整役,周囲を見てバランスを取る人,人付き合いは良い方で後先考えず、探求心がある性格,仲間思いで現実的な側面を考慮する
少外向,超即決,少挑戦,仲間派,少理想,調整役,周囲を見てバランスを取る人,人付き合いは良い方で後先考えず、探求心がある性格,仲間思いで夢見がち
少外向,超即決,少挑戦,仲間派,理想,調整役,周囲を見てバランスを取る人,人付き合いは良い方で後先考えず、探求心がある性格,仲間思いで理想的
少外向,超即決,少挑戦,仲間派,超理想,調整役,周囲を見てバランスを取る人,人付き合いは良い方で後先考えず、探求心がある性格,仲間思いで地に足がついていない
少外向,超即決,少挑戦,超仲間,超現実,調整役,周囲を見てバランスを取る人,人付き合いは良い方で後先考えず、探求心がある性格,自己犠牲精神で超現実主義
少外向,超即決,少挑戦,超仲間,現実,調整役,周囲を見てバランスを取る人,人付き合いは良い方で後先考えず、探求心がある性格,自己犠牲精神で現実主義
少外向,超即決,少挑戦,超仲間,少現実,調整役,周囲を見てバランスを取る人,人付き合いは良い方で後先考えず、探求心がある性格,自己犠牲精神で現実的な側面を考慮する
少外向,超即決,少挑戦,超仲間,少理想,調整役,周囲を見てバランスを取る人,人付き合いは良い方で後先考えず、探求心がある性格,自己犠牲精神で夢見がち
少外向,超即決,少挑戦,超仲間,理想,調整役,周囲を見てバランスを取る人,人付き合いは良い方で後先考えず、探求心がある性格,自己犠牲精神で理想的
少外向,超即決,少挑戦,超仲間,超理想,調整役,周囲を見てバランスを取る人,人付き合いは良い方で後先考えず、探求心がある性格,自己犠牲精神で地に足がついていない
少外向,超即決,挑戦,孤高,超現実,孤高の戦士,誰にも頼らず突き進む,人付き合いは良い方で後先考えず、挑戦的な性格,孤高の存在で超現実主義
少外向,超即決,挑戦,孤高,現実,孤高の戦士,誰にも頼らず突き進む,人付き合いは良い方で後先考えず、挑戦的な性格,孤高の存在で現実主義
少外向,超即決,挑戦,孤高,少現実,暴走隊長,突っ走る孤高タイプ,人付き合いは良い方で後先考えず、挑戦的な性格,孤高の存在で現実的な側面を考慮する
少外向,超即決,挑戦,孤高,少理想,暴走隊長,突っ走る孤高タイプ,人付き合いは良い方で後先考えず、挑戦的な性格,孤高の存在で夢見がち
少外向,超即決,挑戦,孤高,理想,暴走隊長,突っ走る孤高タイプ,人付き合いは良い方で後先考えず、挑戦的な性格,孤高の存在で理想的
少外向,超即決,挑戦,孤高,超理想,暴走隊長,突っ走る孤高タイプ,人付き合いは良い方で後先考えず、挑戦的な性格,孤高の存在で地に足がついていない
少外向,超即決,挑戦,一匹狼,超現実,孤高の戦士,誰にも頼らず突き進む,人付き合いは良い方で後先考えず、挑戦的な性格,一匹狼で超現実主義
少外向,超即決,挑戦,一匹狼,現実,孤高の戦士,誰にも頼らず突き進む,人付き合いは良い方で後先考えず、挑戦的な性格,一匹狼で現実主義
少外向,超即決,挑戦,一匹狼,少現実,暴走隊長,突っ走る孤高タイプ,人付き合いは良い方で後先考えず、挑戦的な性格,一匹狼で現実的な側面を考慮する
少外向,超即決,挑戦,一匹狼,少理想,暴走隊長,突っ走る孤高タイプ,人付き合いは良い方で後先考えず、挑戦的な性格,一匹狼で夢見がち
少外向,超即決,挑戦,一匹狼,理想,暴走隊長,突っ走る孤高タイプ,人付き合いは良い方で後先考えず、挑戦的な性格,一匹狼で理想的
少外向,超即決,挑戦,一匹狼,超理想,暴走隊長,突っ走る孤高タイプ,人付き合いは良い方で後先考えず、挑戦的な性格,一匹狼で地に足がついていない
少外向,超即決,挑戦,少孤独,超現実,調整役,周囲を見てバランスを取る人,人付き合いは良い方で後先考えず、挑戦的な性格,自由主義で超現実主義
少外向,超即決,挑戦,少孤独,現実,調整役,周囲を見てバランスを取る人,人付き合いは良い方で後先考えず、挑戦的な性格,自由主義で現実主義
少外向,超即決,挑戦,少孤独,少現実,調整役,周囲を見てバランスを取る人,人付き合いは良い方で後先考えず、挑戦的な性格,自由主義で現実的な側面を考慮する
少外向,超即決,挑戦,少孤独,少理想,調整役,周囲を見てバランスを取る人,人付き合いは良い方で後先考えず、挑戦的な性格,自由主義で夢見がち
少外向,超即決,挑戦,少孤独,理想,調整役,周囲を見てバランスを取る人,人付き合いは良い方で後先考えず、挑戦的な性格,自由主義で理想的
少外向,超即決,挑戦,少孤独,超理想,調整役,周囲を見てバランスを取る人,人付き合いは良い方で後先考えず、挑戦的な性格,自由主義で地に足がついていない
少外向,超即決,挑戦,少仲間,超現実,調整役,周囲を見てバランスを取る人,人付き合いは良い方で後先考えず、挑戦的な性格,温厚で超現実主義
少外向,超即決,挑戦,少仲間,現実,調整役,周囲を見てバランスを取る人,人付き合いは良い方で後先考えず、挑戦的な性格,温厚で現実主義
少外向,超即決,挑戦,少仲間,少現実,調整役,周囲を見てバランスを取る人,人付き合いは良い方で後先考えず、挑戦的な性格,温厚で現実的な側面を考慮する
少外向,超即決,挑戦,少仲間,少理想,調整役,周囲を見てバランスを取る人,人付き合いは良い方で後先考えず、挑戦的な性格,温厚で夢見がち
少外向,超即決,挑戦,少仲間,理想,調整役,周囲を見てバランスを取る人,人付き合いは良い方で後先考えず、挑戦的な性格,温厚で理想的
少外向,超即決,挑戦,少仲間,超理想,調整役,周囲を見てバランスを取る人,人付き合いは良い方で後先考えず、挑戦的な性格,温厚で地に足がついていない
少外向,超即決,挑戦,仲間派,超現実,調整役,周囲を見てバランスを取る人,人付き合いは良い方で後先考えず、挑戦的な性格,仲間思いで超現実主義
少外向,超即決,挑戦,仲間派,現実,調整役,周囲を見てバランスを取る人,人付き合いは良い方で後先考えず、挑戦的な性格,仲間思いで現実主義
少外向,超即決,挑戦,仲間派,少現実,調整役,周囲を見てバランスを取る人,人付き合いは良い方で後先考えず、挑戦的な性格,仲間思いで現実的な側面を考慮する
少外向,超即決,挑戦,仲間派,少理想,調整役,周囲を見てバランスを取る人,人付き合いは良い方で後先考えず、挑戦的な性格,仲間思いで夢見がち
少外向,超即決,挑戦,仲間派,理想,挑戦家,理想を掲げ挑戦を恐れない,人付き合いは良い方で後先考えず、挑戦的な性格,仲間思いで理想的
少外向,超即決,挑戦,仲間派,超理想,挑戦家,理想を掲げ挑戦を恐れない,人付き合いは良い方で後先考えず、挑戦的な性格,仲間思いで地に足がついていない
少外向,超即決,挑戦,超仲間,超現実,調整役,周囲を見てバランスを取る人,人付き合いは良い方で後先考えず、挑戦的な性格,自己犠牲精神で超現実主義
少外向,超即決,挑戦,超仲間,現実,調整役,周囲を見てバランスを取る人,人付き合いは良い方で後先考えず、挑戦的な性格,自己犠牲精神で現実主義
少外向,超即決,挑戦,超仲間,少現実,調整役,周囲を見てバランスを取る人,人付き合いは良い方で後先考えず、挑戦的な性格,自己犠牲精神で現実的な側面を考慮する
少外向,超即決,挑戦,超仲間,少理想,調整役,周囲を見てバランスを取る人,人付き合いは良い方で後先考えず、挑戦的な性格,自己犠牲精神で夢見がち
少外向,超即決,挑戦,超仲間,理想,挑戦家,理想を掲げ挑戦を恐れない,人付き合いは良い方で後先考えず、挑戦的な性格,自己犠牲精神で理想的
少外向,超即決,挑戦,超仲間,超理想,挑戦家,理想を掲げ挑戦を恐れない,人付き合いは良い方で後先考えず、挑戦的な性格,自己犠牲精神で地に足がついていない
少外向,超即決,超挑戦,孤高,超現実,孤高の戦士,誰にも頼らず突き進む,人付き合いは良い方で後先考えず、果敢な性格,孤高の存在で超現実主義
少外向,超即決,超挑戦,孤高,現実,孤高の戦士,誰にも頼らず突き進む,人付き合いは良い方で後先考えず、果敢な性格,孤高の存在で現実主義
少外向,超即決,超挑戦,孤高,少現実,暴走隊長,突っ走る孤高タイプ,人付き合いは良い方で後先考えず、果敢な性格,孤高の存在で現実的な側面を考慮する
少外向,超即決,超挑戦,孤高,少理想,暴走隊長,突っ走る孤高タイプ,人付き合いは良い方で後先考えず、果敢な性格,孤高の存在で夢見がち
少外向,超即決,超挑戦,孤高,理想,暴走隊長,突っ走る孤高タイプ,人付き合いは良い方で後先考えず、果敢な性格,孤高の存在で理想的
少外向,超即決,超挑戦,孤高,超理想,暴走隊長,突っ走る孤高タイプ,人付き合いは良い方で後先考えず、果敢な性格,孤高の存在で地に足がついていない
少外向,超即決,超挑戦,一匹狼,超現実,孤高の戦士,誰にも頼らず突き進む,人付き合いは良い方で後先考えず、果敢な性格,一匹狼で超現実主義
少外向,超即決,超挑戦,一匹狼,現実,孤高の戦士,誰にも頼らず突き進む,人付き合いは良い方で後先考えず、果敢な性格,一匹狼で現実主義
少外向,超即決,超挑戦,一匹狼,少現実,暴走隊長,突っ走る孤高タイプ,人付き合いは良い方で後先考えず、果敢な性格,一匹狼で現実的な側面を考慮する
少外向,超即決,超挑戦,一匹狼,少理想,暴走隊長,突っ走る孤高タイプ,人付き合いは良い方で後先考えず、果敢な性格,一匹狼で夢見がち
少外向,超即決,超挑戦,一匹狼,理想,暴走隊長,突っ走る孤高タイプ,人付き合いは良い方で後先考えず、果敢な性格,一匹狼で理想的
少外向,超即決,超挑戦,一匹狼,超理想,暴走隊長,突っ走る孤高タイプ,人付き合いは良い方で後先考えず、果敢な性格,一匹狼で地に足がついていない
少外向,超即決,超挑戦,少孤独,超現実,調整役,周囲を見てバランスを取る人,人付き合いは良い方で後先考えず、果敢な性格,自由主義で超現実主義
少外向,超即決,超挑戦,少孤独,現実,調整役,周囲を見てバランスを取る人,人付き合いは良い方で後先考えず、果敢な性格,自由主義で現実主義
少外向,超即決,超挑戦,少孤独,少現実,調整役,周囲を見てバランスを取る人,人付き合いは良い方で後先考えず、果敢な性格,自由主義で現実的な側面を考慮する
少外向,超即決,超挑戦,少孤独,少理想,調整役,周囲を見てバランスを取る人,人付き合いは良い方で後先考えず、果敢な性格,自由主義で夢見がち
少外向,超即決,超挑戦,少孤独,理想,調整役,周囲を見てバランスを取る人,人付き合いは良い方で後先考えず、果敢な性格,自由主義で理想的
少外向,超即決,超挑戦,少孤独,超理想,調整役,周囲を見てバランスを取る人,人付き合いは良い方で後先考えず、果敢な性格,自由主義で地に足がついていない
少外向,超即決,超挑戦,少仲間,超現実,調整役,周囲を見てバランスを取る人,人付き合いは良い方で後先考えず、果敢な性格,温厚で超現実主義
少外向,超即決,超挑戦,少仲間,現実,調整役,周囲を見てバランスを取る人,人付き合いは良い方で後先考えず、果敢な性格,温厚で現実主義
少外向,超即決,超挑戦,少仲間,少現実,調整役,周囲を見てバランスを取る人,人付き合いは良い方で後先考えず、果敢な性格,温厚で現実的な側面を考慮する
少外向,超即決,超挑戦,少仲間,少理想,調整役,周囲を見てバランスを取る人,人付き合いは良い方で後先考えず、果敢な性格,温厚で夢見がち
少外向,超即決,超挑戦,少仲間,理想,調整役,周囲を見てバランスを取る人,人付き合いは良い方で後先考えず、果敢な性格,温厚で理想的
少外向,超即決,超挑戦,少仲間,超理想,調整役,周囲を見てバランスを取る人,人付き合いは良い方で後先考えず、果敢な性格,温厚で地に足がついていない
少外向,超即決,超挑戦,仲間派,超現実,調整役,周囲を見てバランスを取る人,人付き合いは良い方で後先考えず、果敢な性格,仲間思いで超現実主義
少外向,超即決,超挑戦,仲間派,現実,調整役,周囲を見てバランスを取る人,人付き合いは良い方で後先考えず、果敢な性格,仲間思いで現実主義
少外向,超即決,超挑戦,仲間派,少現実,調整役,周囲を見てバランスを取る人,人付き合いは良い方で後先考えず、果敢な性格,仲間思いで現実的な側面を考慮する
少外向,超即決,超挑戦,仲間派,少理想,調整役,周囲を見てバランスを取る人,人付き合いは良い方で後先考えず、果敢な性格,仲間思いで夢見がち
少外向,超即決,超挑戦,仲間派,理想,挑戦家,理想を掲げ挑戦を恐れない,人付き合いは良い方で後先考えず、果敢な性格,仲間思いで理想的
少外向,超即決,超挑戦,仲間派,超理想,挑戦家,理想を掲げ挑戦を恐れない,人付き合いは良い方で後先考えず、果敢な性格,仲間思いで地に足がついていない
少外向,超即決,超挑戦,超仲間,超現実,調整役,周囲を見てバランスを取る人,人付き合いは良い方で後先考えず、果敢な性格,自己犠牲精神で超現実主義
少外向,超即決,超挑戦,超仲間,現実,調整役,周囲を見てバランスを取る人,人付き合いは良い方で後先考えず、果敢な性格,自己犠牲精神で現実主義
少外向,超即決,超挑戦,超仲間,少現実,調整役,周囲を見てバランスを取る人,人付き合いは良い方で後先考えず、果敢な性格,自己犠牲精神で現実的な側面を考慮する
少外向,超即決,超挑戦,超仲間,少理想,調整役,周囲を見てバランスを取る人,人付き合いは良い方で後先考えず、果敢な性格,自己犠牲精神で夢見がち
少外向,超即決,超挑戦,超仲間,理想,挑戦家,理想を掲げ挑戦を恐れない,人付き合いは良い方で後先考えず、果敢な性格,自己犠牲精神で理想的
少外向,超即決,超挑戦,超仲間,超理想,挑戦家,理想を掲げ挑戦を恐れない,人付き合いは良い方で後先考えず、果敢な性格,自己犠牲精神で地に足がついていない
外向,超慎重,超回避,孤高,超現実,ムードメーカー,明るく場を和ませる,活動的でリスクを極端に避け、対立を徹底的に避ける性格,孤高の存在で超現実主義
外向,超慎重,超回避,孤高,現実,ムードメーカー,明るく場を和ませる,活動的でリスクを極端に避け、対立を徹底的に避ける性格,孤高の存在で現実主義
外向,超慎重,超回避,孤高,少現実,ムードメーカー,明るく場を和ませる,活動的でリスクを極端に避け、対立を徹底的に避ける性格,孤高の存在で現実的な側面を考慮する
外向,超慎重,超回避,孤高,少理想,ムードメーカー,明るく場を和ませる,活動的でリスクを極端に避け、対立を徹底的に避ける性格,孤高の存在で夢見がち
外向,超慎重,超回避,孤高,理想,ムードメーカー,明るく場を和ませる,活動的でリスクを極端に避け、対立を徹底的に避ける性格,孤高の存在で理想的
外向,超慎重,超回避,孤高,超理想,ムードメーカー,明るく場を和ませる,活動的でリスクを極端に避け、対立を徹底的に避ける性格,孤高の存在で地に足がついていない
外向,超慎重,超回避,一匹狼,超現実,ムードメーカー,明るく場を和ませる,活動的でリスクを極端に避け、対立を徹底的に避ける性格,一匹狼で超現実主義
外向,超慎重,超回避,一匹狼,現実,ムードメーカー,明るく場を和ませる,活動的でリスクを極端に避け、対立を徹底的に避ける性格,一匹狼で現実主義
外向,超慎重,超回避,一匹狼,少現実,ムードメーカー,明るく場を和ませる,活動的でリスクを極端に避け、対立を徹底的に避ける性格,一匹狼で現実的な側面を考慮する
外向,超慎重,超回避,一匹狼,少理想,ムードメーカー,明るく場を和ませる,活動的でリスクを極端に避け、対立を徹底的に避ける性格,一匹狼で夢見がち
外向,超慎重,超回避,一匹狼,理想,ムードメーカー,明るく場を和ませる,活動的でリスクを極端に避け、対立を徹底的に避ける性格,一匹狼で理想的
外向,超慎重,超回避,一匹狼,超理想,ムードメーカー,明るく場を和ませる,活動的でリスクを極端に避け、対立を徹底的に避ける性格,一匹狼で地に足がついていない
外向,超慎重,超回避,少孤独,超現実,ムードメーカー,明るく場を和ませる,活動的でリスクを極端に避け、対立を徹底的に避ける性格,自由主義で超現実主義
外向,超慎重,超回避,少孤独,現実,ムードメーカー,明るく場を和ませる,活動的でリスクを極端に避け、対立を徹底的に避ける性格,自由主義で現実主義
外向,超慎重,超回避,少孤独,少現実,ムードメーカー,明るく場を和ませる,活動的でリスクを極端に避け、対立を徹底的に避ける性格,自由主義で現実的な側面を考慮する
外向,超慎重,超回避,少孤独,少理想,ムードメーカー,明るく場を和ませる,活動的でリスクを極端に避け、対立を徹底的に避ける性格,自由主義で夢見がち
外向,超慎重,超回避,少孤独,理想,ムードメーカー,明るく場を和ませる,活動的でリスクを極端に避け、対立を徹底的に避ける性格,自由主義で理想的
外向,超慎重,超回避,少孤独,超理想,ムードメーカー,明るく場を和ませる,活動的でリスクを極端に避け、対立を徹底的に避ける性格,自由主義で地に足がついていない
外向,超慎重,超回避,少仲間,超現実,ムードメーカー,明るく場を和ませる,活動的でリスクを極端に避け、対立を徹底的に避ける性格,温厚で超現実主義
外向,超慎重,超回避,少仲間,現実,ムードメーカー,明るく場を和ませる,活動的でリスクを極端に避け、対立を徹底的に避ける性格,温厚で現実主義
外向,超慎重,超回避,少仲間,少現実,ムードメーカー,明るく場を和ませる,活動的でリスクを極端に避け、対立を徹底的に避ける性格,温厚で現実的な側面を考慮する
外向,超慎重,超回避,少仲間,少理想,ムードメーカー,明るく場を和ませる,活動的でリスクを極端に避け、対立を徹底的に避ける性格,温厚で夢見がち
外向,超慎重,超回避,少仲間,理想,ムードメーカー,明るく場を和ませる,活動的でリスクを極端に避け、対立を徹底的に避ける性格,温厚で理想的
外向,超慎重,超回避,少仲間,超理想,ムードメーカー,明るく場を和ませる,活動的でリスクを極端に避け、対立を徹底的に避ける性格,温厚で地に足がついていない
外向,超慎重,超回避,仲間派,超現実,ムードメーカー,明るく場を和ませる,活動的でリスクを極端に避け、対立を徹底的に避ける性格,仲間思いで超現実主義
外向,超慎重,超回避,仲間派,現実,ムードメーカー,明るく場を和ませる,活動的でリスクを極端に避け、対立を徹底的に避ける性格,仲間思いで現実主義
外向,超慎重,超回避,仲間派,少現実,ムードメーカー,明るく場を和ませる,活動的でリスクを極端に避け、対立を徹底的に避ける性格,仲間思いで現実的な側面を考慮する
外向,超慎重,超回避,仲間派,少理想,ムードメーカー,明るく場を和ませる,活動的でリスクを極端に避け、対立を徹底的に避ける性格,仲間思いで夢見がち
外向,超慎重,超回避,仲間派,理想,ムードメーカー,明るく場を和ませる,活動的でリスクを極端に避け、対立を徹底的に避ける性格,仲間思いで理想的
外向,超慎重,超回避,仲間派,超理想,ムードメーカー,明るく場を和ませる,活動的でリスクを極端に避け、対立を徹底的に避ける性格,仲間思いで地に足がついていない
外向,超慎重,超回避,超仲間,超現実,ムードメーカー,明るく場を和ませる,活動的でリスクを極端に避け、対立を徹底的に避ける性格,自己犠牲精神で超現実主義
外向,超慎重,超回避,超仲間,現実,ムードメーカー,明るく場を和ませる,活動的でリスクを極端に避け、対立を徹底的に避ける性格,自己犠牲精神で現実主義
外向,超慎重,超回避,超仲間,少現実,ムードメーカー,明るく場を和ませる,活動的でリスクを極端に避け、対立を徹底的に避ける性格,自己犠牲精神で現実的な側面を考慮する
外向,超慎重,超回避,超仲間,少理想,ムードメーカー,明るく場を和ませる,活動的でリスクを極端に避け、対立を徹底的に避ける性格,自己犠牲精神で夢見がち
外向,超慎重,超回避,超仲間,理想,ムードメーカー,明るく場を和ませる,活動的でリスクを極端に避け、対立を徹底的に避ける性格,自己犠牲精神で理想的
外向,超慎重,超回避,超仲間,超理想,ムードメーカー,明るく場を和ませる,活動的でリスクを極端に避け、対立を徹底的に避ける性格,自己犠牲精神で地に足がついていない
外向,超慎重,回避,孤高,超現実,ムードメーカー,明るく場を和ませる,活動的でリスクを極端に避け、直接的な対応を好まない性格,孤高の存在で超現実主義
外向,超慎重,回避,孤高,現実,ムードメーカー,明るく場を和ませる,活動的でリスクを極端に避け、直接的な対応を好まない性格,孤高の存在で現実主義
外向,超慎重,回避,孤高,少現実,ムードメーカー,明るく場を和ませる,活動的でリスクを極端に避け、直接的な対応を好まない性格,孤高の存在で現実的な側面を考慮する
外向,超慎重,回避,孤高,少理想,ムードメーカー,明るく場を和ませる,活動的でリスクを極端に避け、直接的な対応を好まない性格,孤高の存在で夢見がち
外向,超慎重,回避,孤高,理想,ムードメーカー,明るく場を和ませる,活動的でリスクを極端に避け、直接的な対応を好まない性格,孤高の存在で理想的
外向,超慎重,回避,孤高,超理想,ムードメーカー,明るく場を和ませる,活動的でリスクを極端に避け、直接的な対応を好まない性格,孤高の存在で地に足がついていない
外向,超慎重,回避,一匹狼,超現実,ムードメーカー,明るく場を和ませる,活動的でリスクを極端に避け、直接的な対応を好まない性格,一匹狼で超現実主義
外向,超慎重,回避,一匹狼,現実,ムードメーカー,明るく場を和ませる,活動的でリスクを極端に避け、直接的な対応を好まない性格,一匹狼で現実主義
外向,超慎重,回避,一匹狼,少現実,ムードメーカー,明るく場を和ませる,活動的でリスクを極端に避け、直接的な対応を好まない性格,一匹狼で現実的な側面を考慮する
外向,超慎重,回避,一匹狼,少理想,ムードメーカー,明るく場を和ませる,活動的でリスクを極端に避け、直接的な対応を好まない性格,一匹狼で夢見がち
外向,超慎重,回避,一匹狼,理想,ムードメーカー,明るく場を和ませる,活動的でリスクを極端に避け、直接的な対応を好まない性格,一匹狼で理想的
外向,超慎重,回避,一匹狼,超理想,ムードメーカー,明るく場を和ませる,活動的でリスクを極端に避け、直接的な対応を好まない性格,一匹狼で地に足がついていない
外向,超慎重,回避,少孤独,超現実,ムードメーカー,明るく場を和ませる,活動的でリスクを極端に避け、直接的な対応を好まない性格,自由主義で超現実主義
外向,超慎重,回避,少孤独,現実,ムードメーカー,明るく場を和ませる,活動的でリスクを極端に避け、直接的な対応を好まない性格,自由主義で現実主義
外向,超慎重,回避,少孤独,少現実,ムードメーカー,明るく場を和ませる,活動的でリスクを極端に避け、直接的な対応を好まない性格,自由主義で現実的な側面を考慮する
外向,超慎重,回避,少孤独,少理想,ムードメーカー,明るく場を和ませる,活動的でリスクを極端に避け、直接的な対応を好まない性格,自由主義で夢見がち
外向,超慎重,回避,少孤独,理想,ムードメーカー,明るく場を和ませる,活動的でリスクを極端に避け、直接的な対応を好まない性格,自由主義で理想的
外向,超慎重,回避,少孤独,超理想,ムードメーカー,明るく場を和ませる,活動的でリスクを極端に避け、直接的な対応を好まない性格,自由主義で地に足がついていない
外向,超慎重,回避,少仲間,超現実,ムードメーカー,明るく場を和ませる,活動的でリスクを極端に避け、直接的な対応を好まない性格,温厚で超現実主義
外向,超慎重,回避,少仲間,現実,ムードメーカー,明るく場を和ませる,活動的でリスクを極端に避け、直接的な対応を好まない性格,温厚で現実主義
外向,超慎重,回避,少仲間,少現実,ムードメーカー,明るく場を和ませる,活動的でリスクを極端に避け、直接的な対応を好まない性格,温厚で現実的な側面を考慮する
外向,超慎重,回避,少仲間,少理想,ムードメーカー,明るく場を和ませる,活動的でリスクを極端に避け、直接的な対応を好まない性格,温厚で夢見がち
外向,超慎重,回避,少仲間,理想,ムードメーカー,明るく場を和ませる,活動的でリスクを極端に避け、直接的な対応を好まない性格,温厚で理想的
外向,超慎重,回避,少仲間,超理想,ムードメーカー,明るく場を和ませる,活動的でリスクを極端に避け、直接的な対応を好まない性格,温厚で地に足がついていない
外向,超慎重,回避,仲間派,超現実,ムードメーカー,明るく場を和ませる,活動的でリスクを極端に避け、直接的な対応を好まない性格,仲間思いで超現実主義
外向,超慎重,回避,仲間派,現実,ムードメーカー,明るく場を和ませる,活動的でリスクを極端に避け、直接的な対応を好まない性格,仲間思いで現実主義
外向,超慎重,回避,仲間派,少現実,ムードメーカー,明るく場を和ませる,活動的でリスクを極端に避け、直接的な対応を好まない性格,仲間思いで現実的な側面を考慮する
外向,超慎重,回避,仲間派,少理想,ムードメーカー,明るく場を和ませる,活動的でリスクを極端に避け、直接的な対応を好まない性格,仲間思いで夢見がち
外向,超慎重,回避,仲間派,理想,ムードメーカー,明るく場を和ませる,活動的でリスクを極端に避け、直接的な対応を好まない性格,仲間思いで理想的
外向,超慎重,回避,仲間派,超理想,ムードメーカー,明るく場を和ませる,活動的でリスクを極端に避け、直接的な対応を好まない性格,仲間思いで地に足がついていない
外向,超慎重,回避,超仲間,超現実,ムードメーカー,明るく場を和ませる,活動的でリスクを極端に避け、直接的な対応を好まない性格,自己犠牲精神で超現実主義
外向,超慎重,回避,超仲間,現実,ムードメーカー,明るく場を和ませる,活動的でリスクを極端に避け、直接的な対応を好まない性格,自己犠牲精神で現実主義
外向,超慎重,回避,超仲間,少現実,ムードメーカー,明るく場を和ませる,活動的でリスクを極端に避け、直接的な対応を好まない性格,自己犠牲精神で現実的な側面を考慮する
外向,超慎重,回避,超仲間,少理想,ムードメーカー,明るく場を和ませる,活動的でリスクを極端に避け、直接的な対応を好まない性格,自己犠牲精神で夢見がち
外向,超慎重,回避,超仲間,理想,ムードメーカー,明るく場を和ませる,活動的でリスクを極端に避け、直接的な対応を好まない性格,自己犠牲精神で理想的
外向,超慎重,回避,超仲間,超理想,ムードメーカー,明るく場を和ませる,活動的でリスクを極端に避け、直接的な対応を好まない性格,自己犠牲精神で地に足がついていない
外向,超慎重,少回避,孤高,超現実,調整役,周囲を見てバランスを取る人,活動的でリスクを極端に避け、争いごとを好まない性格,孤高の存在で超現実主義
外向,超慎重,少回避,孤高,現実,調整役,周囲を見てバランスを取る人,活動的でリスクを極端に避け、争いごとを好まない性格,孤高の存在で現実主義
外向,超慎重,少回避,孤高,少現実,調整役,周囲を見てバランスを取る人,活動的でリスクを極端に避け、争いごとを好まない性格,孤高の存在で現実的な側面を考慮する
外向,超慎重,少回避,孤高,少理想,調整役,周囲を見てバランスを取る人,活動的でリスクを極端に避け、争いごとを好まない性格,孤高の存在で夢見がち
外向,超慎重,少回避,孤高,理想,情熱家,夢と理想に燃える人物,活動的でリスクを極端に避け、争いごとを好まない性格,孤高の存在で理想的
外向,超慎重,少回避,孤高,超理想,情熱家,夢と理想に燃える人物,活動的でリスクを極端に避け、争いごとを好まない性格,孤高の存在で地に足がついていない
外向,超慎重,少回避,一匹狼,超現実,調整役,周囲を見てバランスを取る人,活動的でリスクを極端に避け、争いごとを好まない性格,一匹狼で超現実主義
外向,超慎重,少回避,一匹狼,現実,調整役,周囲を見てバランスを取る人,活動的でリスクを極端に避け、争いごとを好まない性格,一匹狼で現実主義
外向,超慎重,少回避,一匹狼,少現実,調整役,周囲を見てバランスを取る人,活動的でリスクを極端に避け、争いごとを好まない性格,一匹狼で現実的な側面を考慮する
外向,超慎重,少回避,一匹狼,少理想,調整役,周囲を見てバランスを取る人,活動的でリスクを極端に避け、争いごとを好まない性格,一匹狼で夢見がち
外向,超慎重,少回避,一匹狼,理想,情熱家,夢と理想に燃える人物,活動的でリスクを極端に避け、争いごとを好まない性格,一匹狼で理想的
外向,超慎重,少回避,一匹狼,超理想,情熱家,夢と理想に燃える人物,活動的でリスクを極端に避け、争いごとを好まない性格,一匹狼で地に足がついていない
外向,超慎重,少回避,少孤独,超現実,調整役,周囲を見てバランスを取る人,活動的でリスクを極端に避け、争いごとを好まない性格,自由主義で超現実主義
外向,超慎重,少回避,少孤独,現実,調整役,周囲を見てバランスを取る人,活動的でリスクを極端に避け、争いごとを好まない性格,自由主義で現実主義
外向,超慎重,少回避,少孤独,少現実,調整役,周囲を見てバランスを取る人,活動的でリスクを極端に避け、争いごとを好まない性格,自由主義で現実的な側面を考慮する
外向,超慎重,少回避,少孤独,少理想,調整役,周囲を見てバランスを取る人,活動的でリスクを極端に避け、争いごとを好まない性格,自由主義で夢見がち
外向,超慎重,少回避,少孤独,理想,情熱家,夢と理想に燃える人物,活動的でリスクを極端に避け、争いごとを好まない性格,自由主義で理想的
外向,超慎重,少回避,少孤独,超理想,情熱家,夢と理想に燃える人物,活動的でリスクを極端に避け、争いごとを好まない性格,自由主義で地に足がついていない
外向,超慎重,少回避,少仲間,超現実,調整役,周囲を見てバランスを取る人,活動的でリスクを極端に避け、争いごとを好まない性格,温厚で超現実主義
外向,超慎重,少回避,少仲間,現実,調整役,周囲を見てバランスを取る人,活動的でリスクを極端に避け、争いごとを好まない性格,温厚で現実主義
外向,超慎重,少回避,少仲間,少現実,調整役,周囲を見てバランスを取る人,活動的でリスクを極端に避け、争いごとを好まない性格,温厚で現実的な側面を考慮する
外向,超慎重,少回避,少仲間,少理想,調整役,周囲を見てバランスを取る人,活動的でリスクを極端に避け、争いごとを好まない性格,温厚で夢見がち
外向,超慎重,少回避,少仲間,理想,情熱家,夢と理想に燃える人物,活動的でリスクを極端に避け、争いごとを好まない性格,温厚で理想的
外向,超慎重,少回避,少仲間,超理想,情熱家,夢と理想に燃える人物,活動的でリスクを極端に避け、争いごとを好まない性格,温厚で地に足がついていない
外向,超慎重,少回避,仲間派,超現実,守護者,仲間を守る頼れる存在,活動的でリスクを極端に避け、争いごとを好まない性格,仲間思いで超現実主義
外向,超慎重,少回避,仲間派,現実,守護者,仲間を守る頼れる存在,活動的でリスクを極端に避け、争いごとを好まない性格,仲間思いで現実主義
外向,超慎重,少回避,仲間派,少現実,守護者,仲間を守る頼れる存在,活動的でリスクを極端に避け、争いごとを好まない性格,仲間思いで現実的な側面を考慮する
外向,超慎重,少回避,仲間派,少理想,守護者,仲間を守る頼れる存在,活動的でリスクを極端に避け、争いごとを好まない性格,仲間思いで夢見がち
外向,超慎重,少回避,仲間派,理想,守護者,仲間を守る頼れる存在,活動的でリスクを極端に避け、争いごとを好まない性格,仲間思いで理想的
外向,超慎重,少回避,仲間派,超理想,守護者,仲間を守る頼れる存在,活動的でリスクを極端に避け、争いごとを好まない性格,仲間思いで地に足がついていない
外向,超慎重,少回避,超仲間,超現実,守護者,仲間を守る頼れる存在,活動的でリスクを極端に避け、争いごとを好まない性格,自己犠牲精神で超現実主義
外向,超慎重,少回避,超仲間,現実,守護者,仲間を守る頼れる存在,活動的でリスクを極端に避け、争いごとを好まない性格,自己犠牲精神で現実主義
外向,超慎重,少回避,超仲間,少現実,守護者,仲間を守る頼れる存在,活動的でリスクを極端に避け、争いごとを好まない性格,自己犠牲精神で現実的な側面を考慮する
外向,超慎重,少回避,超仲間,少理想,守護者,仲間を守る頼れる存在,活動的でリスクを極端に避け、争いごとを好まない性格,自己犠牲精神で夢見がち
外向,超慎重,少回避,超仲間,理想,守護者,仲間を守る頼れる存在,活動的でリスクを極端に避け、争いごとを好まない性格,自己犠牲精神で理想的
外向,超慎重,少回避,超仲間,超理想,守護者,仲間を守る頼れる存在,活動的でリスクを極端に避け、争いごとを好まない性格,自己犠牲精神で地に足がついていない
外向,超慎重,少挑戦,孤高,超現実,調整役,周囲を見てバランスを取る人,活動的でリスクを極端に避け、探求心がある性格,孤高の存在で超現実主義
外向,超慎重,少挑戦,孤高,現実,調整役,周囲を見てバランスを取る人,活動的でリスクを極端に避け、探求心がある性格,孤高の存在で現実主義
外向,超慎重,少挑戦,孤高,少現実,調整役,周囲を見てバランスを取る人,活動的でリスクを極端に避け、探求心がある性格,孤高の存在で現実的な側面を考慮する
外向,超慎重,少挑戦,孤高,少理想,調整役,周囲を見てバランスを取る人,活動的でリスクを極端に避け、探求心がある性格,孤高の存在で夢見がち
外向,超慎重,少挑戦,孤高,理想,情熱家,夢と理想に燃える人物,活動的でリスクを極端に避け、探求心がある性格,孤高の存在で理想的
外向,超慎重,少挑戦,孤高,超理想,情熱家,夢と理想に燃える人物,活動的でリスクを極端に避け、探求心がある性格,孤高の存在で地に足がついていない
外向,超慎重,少挑戦,一匹狼,超現実,調整役,周囲を見てバランスを取る人,活動的でリスクを極端に避け、探求心がある性格,一匹狼で超現実主義
外向,超慎重,少挑戦,一匹狼,現実,調整役,周囲を見てバランスを取る人,活動的でリスクを極端に避け、探求心がある性格,一匹狼で現実主義
外向,超慎重,少挑戦,一匹狼,少現実,調整役,周囲を見てバランスを取る人,活動的でリスクを極端に避け、探求心がある性格,一匹狼で現実的な側面を考慮する
外向,超慎重,少挑戦,一匹狼,少理想,調整役,周囲を見てバランスを取る人,活動的でリスクを極端に避け、探求心がある性格,一匹狼で夢見がち
外向,超慎重,少挑戦,一匹狼,理想,情熱家,夢と理想に燃える人物,活動的でリスクを極端に避け、探求心がある性格,一匹狼で理想的
外向,超慎重,少挑戦,一匹狼,超理想,情熱家,夢と理想に燃える人物,活動的でリスクを極端に避け、探求心がある性格,一匹狼で地に足がついていない
外向,超慎重,少挑戦,少孤独,超現実,調整役,周囲を見てバランスを取る人,活動的でリスクを極端に避け、探求心がある性格,自由主義で超現実主義
外向,超慎重,少挑戦,少孤独,現実,調整役,周囲を見てバランスを取る人,活動的でリスクを極端に避け、探求心がある性格,自由主義で現実主義
外向,超慎重,少挑戦,少孤独,少現実,調整役,周囲を見てバランスを取る人,活動的でリスクを極端に避け、探求心がある性格,自由主義で現実的な側面を考慮する
外向,超慎重,少挑戦,少孤独,少理想,調整役,周囲を見てバランスを取る人,活動的でリスクを極端に避け、探求心がある性格,自由主義で夢見がち
外向,超慎重,少挑戦,少孤独,理想,情熱家,夢と理想に燃える人物,活動的でリスクを極端に避け、探求心がある性格,自由主義で理想的
外向,超慎重,少挑戦,少孤独,超理想,情熱家,夢と理想に燃える人物,活動的でリスクを極端に避け、探求心がある性格,自由主義で地に足がついていない
外向,超慎重,少挑戦,少仲間,超現実,調整役,周囲を見てバランスを取る人,活動的でリスクを極端に避け、探求心がある性格,温厚で超現実主義
外向,超慎重,少挑戦,少仲間,現実,調整役,周囲を見てバランスを取る人,活動的でリスクを極端に避け、探求心がある性格,温厚で現実主義
外向,超慎重,少挑戦,少仲間,少現実,調整役,周囲を見てバランスを取る人,活動的でリスクを極端に避け、探求心がある性格,温厚で現実的な側面を考慮する
外向,超慎重,少挑戦,少仲間,少理想,調整役,周囲を見てバランスを取る人,活動的でリスクを極端に避け、探求心がある性格,温厚で夢見がち
外向,超慎重,少挑戦,少仲間,理想,情熱家,夢と理想に燃える人物,活動的でリスクを極端に避け、探求心がある性格,温厚で理想的
外向,超慎重,少挑戦,少仲間,超理想,情熱家,夢と理想に燃える人物,活動的でリスクを極端に避け、探求心がある性格,温厚で地に足がついていない
外向,超慎重,少挑戦,仲間派,超現実,調整役,周囲を見てバランスを取る人,活動的でリスクを極端に避け、探求心がある性格,仲間思いで超現実主義
外向,超慎重,少挑戦,仲間派,現実,調整役,周囲を見てバランスを取る人,活動的でリスクを極端に避け、探求心がある性格,仲間思いで現実主義
外向,超慎重,少挑戦,仲間派,少現実,調整役,周囲を見てバランスを取る人,活動的でリスクを極端に避け、探求心がある性格,仲間思いで現実的な側面を考慮する
外向,超慎重,少挑戦,仲間派,少理想,調整役,周囲を見てバランスを取る人,活動的でリスクを極端に避け、探求心がある性格,仲間思いで夢見がち
外向,超慎重,少挑戦,仲間派,理想,情熱家,夢と理想に燃える人物,活動的でリスクを極端に避け、探求心がある性格,仲間思いで理想的
外向,超慎重,少挑戦,仲間派,超理想,情熱家,夢と理想に燃える人物,活動的でリスクを極端に避け、探求心がある性格,仲間思いで地に足がついていない
外向,超慎重,少挑戦,超仲間,超現実,調整役,周囲を見てバランスを取る人,活動的でリスクを極端に避け、探求心がある性格,自己犠牲精神で超現実主義
外向,超慎重,少挑戦,超仲間,現実,調整役,周囲を見てバランスを取る人,活動的でリスクを極端に避け、探求心がある性格,自己犠牲精神で現実主義
外向,超慎重,少挑戦,超仲間,少現実,調整役,周囲を見てバランスを取る人,活動的でリスクを極端に避け、探求心がある性格,自己犠牲精神で現実的な側面を考慮する
外向,超慎重,少挑戦,超仲間,少理想,調整役,周囲を見てバランスを取る人,活動的でリスクを極端に避け、探求心がある性格,自己犠牲精神で夢見がち
外向,超慎重,少挑戦,超仲間,理想,情熱家,夢と理想に燃える人物,活動的でリスクを極端に避け、探求心がある性格,自己犠牲精神で理想的
外向,超慎重,少挑戦,超仲間,超理想,情熱家,夢と理想に燃える人物,活動的でリスクを極端に避け、探求心がある性格,自己犠牲精神で地に足がついていない
外向,超慎重,挑戦,孤高,超現実,孤高の戦士,誰にも頼らず突き進む,活動的でリスクを極端に避け、挑戦的な性格,孤高の存在で超現実主義
外向,超慎重,挑戦,孤高,現実,孤高の戦士,誰にも頼らず突き進む,活動的でリスクを極端に避け、挑戦的な性格,孤高の存在で現実主義
外向,超慎重,挑戦,孤高,少現実,策略家,冷静に挑む策士,活動的でリスクを極端に避け、挑戦的な性格,孤高の存在で現実的な側面を考慮する
外向,超慎重,挑戦,孤高,少理想,策略家,冷静に挑む策士,活動的でリスクを極端に避け、挑戦的な性格,孤高の存在で夢見がち
外向,超慎重,挑戦,孤高,理想,策略家,冷静に挑む策士,活動的でリスクを極端に避け、挑戦的な性格,孤高の存在で理想的
外向,超慎重,挑戦,孤高,超理想,策略家,冷静に挑む策士,活動的でリスクを極端に避け、挑戦的な性格,孤高の存在で地に足がついていない
外向,超慎重,挑戦,一匹狼,超現実,孤高の戦士,誰にも頼らず突き進む,活動的でリスクを極端に避け、挑戦的な性格,一匹狼で超現実主義
外向,超慎重,挑戦,一匹狼,現実,孤高の戦士,誰にも頼らず突き進む,活動的でリスクを極端に避け、挑戦的な性格,一匹狼で現実主義
外向,超慎重,挑戦,一匹狼,少現実,策略家,冷静に挑む策士,活動的でリスクを極端に避け、挑戦的な性格,一匹狼で現実的な側面を考慮する
外向,超慎重,挑戦,一匹狼,少理想,策略家,冷静に挑む策士,活動的でリスクを極端に避け、挑戦的な性格,一匹狼で夢見がち
外向,超慎重,挑戦,一匹狼,理想,策略家,冷静に挑む策士,活動的でリスクを極端に避け、挑戦的な性格,一匹狼で理想的
外向,超慎重,挑戦,一匹狼,超理想,策略家,冷静に挑む策士,活動的でリスクを極端に避け、挑戦的な性格,一匹狼で地に足がついていない
外向,超慎重,挑戦,少孤独,超現実,策略家,冷静に挑む策士,活動的でリスクを極端に避け、挑戦的な性格,自由主義で超現実主義
外向,超慎重,挑戦,少孤独,現実,策略家,冷静に挑む策士,活動的でリスクを極端に避け、挑戦的な性格,自由主義で現実主義
外向,超慎重,挑戦,少孤独,少現実,策略家,冷静に挑む策士,活動的でリスクを極端に避け、挑戦的な性格,自由主義で現実的な側面を考慮する
外向,超慎重,挑戦,少孤独,少理想,策略家,冷静に挑む策士,活動的でリスクを極端に避け、挑戦的な性格,自由主義で夢見がち
外向,超慎重,挑戦,少孤独,理想,策略家,冷静に挑む策士,活動的でリスクを極端に避け、挑戦的な性格,自由主義で理想的
外向,超慎重,挑戦,少孤独,超理想,策略家,冷静に挑む策士,活動的でリスクを極端に避け、挑戦的な性格,自由主義で地に足がついていない
外向,超慎重,挑戦,少仲間,超現実,策略家,冷静に挑む策士,活動的でリスクを極端に避け、挑戦的な性格,温厚で超現実主義
外向,超慎重,挑戦,少仲間,現実,策略家,冷静に挑む策士,活動的でリスクを極端に避け、挑戦的な性格,温厚で現実主義
外向,超慎重,挑戦,少仲間,少現実,策略家,冷静に挑む策士,活動的でリスクを極端に避け、挑戦的な性格,温厚で現実的な側面を考慮する
外向,超慎重,挑戦,少仲間,少理想,策略家,冷静に挑む策士,活動的でリスクを極端に避け、挑戦的な性格,温厚で夢見がち
外向,超慎重,挑戦,少仲間,理想,策略家,冷静に挑む策士,活動的でリスクを極端に避け、挑戦的な性格,温厚で理想的
外向,超慎重,挑戦,少仲間,超理想,策略家,冷静に挑む策士,活動的でリスクを極端に避け、挑戦的な性格,温厚で地に足がついていない
外向,超慎重,挑戦,仲間派,超現実,策略家,冷静に挑む策士,活動的でリスクを極端に避け、挑戦的な性格,仲間思いで超現実主義
外向,超慎重,挑戦,仲間派,現実,策略家,冷静に挑む策士,活動的でリスクを極端に避け、挑戦的な性格,仲間思いで現実主義
外向,超慎重,挑戦,仲間派,少現実,策略家,冷静に挑む策士,活動的でリスクを極端に避け、挑戦的な性格,仲間思いで現実的な側面を考慮する
外向,超慎重,挑戦,仲間派,少理想,策略家,冷静に挑む策士,活動的でリスクを極端に避け、挑戦的な性格,仲間思いで夢見がち
外向,超慎重,挑戦,仲間派,理想,挑戦家,理想を掲げ挑戦を恐れない,活動的でリスクを極端に避け、挑戦的な性格,仲間思いで理想的
外向,超慎重,挑戦,仲間派,超理想,挑戦家,理想を掲げ挑戦を恐れない,活動的でリスクを極端に避け、挑戦的な性格,仲間思いで地に足がついていない
外向,超慎重,挑戦,超仲間,超現実,策略家,冷静に挑む策士,活動的でリスクを極端に避け、挑戦的な性格,自己犠牲精神で超現実主義
外向,超慎重,挑戦,超仲間,現実,策略家,冷静に挑む策士,活動的でリスクを極端に避け、挑戦的な性格,自己犠牲精神で現実主義
外向,超慎重,挑戦,超仲間,少現実,策略家,冷静に挑む策士,活動的でリスクを極端に避け、挑戦的な性格,自己犠牲精神で現実的な側面を考慮する
外向,超慎重,挑戦,超仲間,少理想,策略家,冷静に挑む策士,活動的でリスクを極端に避け、挑戦的な性格,自己犠牲精神で夢見がち
外向,超慎重,挑戦,超仲間,理想,挑戦家,理想を掲げ挑戦を恐れない,活動的でリスクを極端に避け、挑戦的な性格,自己犠牲精神で理想的
外向,超慎重,挑戦,超仲間,超理想,挑戦家,理想を掲げ挑戦を恐れない,活動的でリスクを極端に避け、挑戦的な性格,自己犠牲精神で地に足がついていない
外向,超慎重,超挑戦,孤高,超現実,孤高の戦士,誰にも頼らず突き進む,活動的でリスクを極端に避け、果敢な性格,孤高の存在で超現実主義
外向,超慎重,超挑戦,孤高,現実,孤高の戦士,誰にも頼らず突き進む,活動的でリスクを極端に避け、果敢な性格,孤高の存在で現実主義
外向,超慎重,超挑戦,孤高,少現実,策略家,冷静に挑む策士,活動的でリスクを極端に避け、果敢な性格,孤高の存在で現実的な側面を考慮する
外向,超慎重,超挑戦,孤高,少理想,策略家,冷静に挑む策士,活動的でリスクを極端に避け、果敢な性格,孤高の存在で夢見がち
外向,超慎重,超挑戦,孤高,理想,策略家,冷静に挑む策士,活動的でリスクを極端に避け、果敢な性格,孤高の存在で理想的
外向,超慎重,超挑戦,孤高,超理想,策略家,冷静に挑む策士,活動的でリスクを極端に避け、果敢な性格,孤高の存在で地に足がついていない
外向,超慎重,超挑戦,一匹狼,超現実,孤高の戦士,誰にも頼らず突き進む,活動的でリスクを極端に避け、果敢な性格,一匹狼で超現実主義
外向,超慎重,超挑戦,一匹狼,現実,孤高の戦士,誰にも頼らず突き進む,活動的でリスクを極端に避け、果敢な性格,一匹狼で現実主義
外向,超慎重,超挑戦,一匹狼,少現実,策略家,冷静に挑む策士,活動的でリスクを極端に避け、果敢な性格,一匹狼で現実的な側面を考慮する
外向,超慎重,超挑戦,一匹狼,少理想,策略家,冷静に挑む策士,活動的でリスクを極端に避け、果敢な性格,一匹狼で夢見がち
外向,超慎重,超挑戦,一匹狼,理想,策略家,冷静に挑む策士,活動的でリスクを極端に避け、果敢な性格,一匹狼で理想的
外向,超慎重,超挑戦,一匹狼,超理想,策略家,冷静に挑む策士,活動的でリスクを極端に避け、果敢な性格,一匹狼で地に足がついていない
外向,超慎重,超挑戦,少孤独,超現実,策略家,冷静に挑む策士,活動的でリスクを極端に避け、果敢な性格,自由主義で超現実主義
外向,超慎重,超挑戦,少孤独,現実,策略家,冷静に挑む策士,活動的でリスクを極端に避け、果敢な性格,自由主義で現実主義
外向,超慎重,超挑戦,少孤独,少現実,策略家,冷静に挑む策士,活動的でリスクを極端に避け、果敢な性格,自由主義で現実的な側面を考慮する
外向,超慎重,超挑戦,少孤独,少理想,策略家,冷静に挑む策士,活動的でリスクを極端に避け、果敢な性格,自由主義で夢見がち
外向,超慎重,超挑戦,少孤独,理想,策略家,冷静に挑む策士,活動的でリスクを極端に避け、果敢な性格,自由主義で理想的
外向,超慎重,超挑戦,少孤独,超理想,策略家,冷静に挑む策士,活動的でリスクを極端に避け、果敢な性格,自由主義で地に足がついていない
外向,超慎重,超挑戦,少仲間,超現実,策略家,冷静に挑む策士,活動的でリスクを極端に避け、果敢な性格,温厚で超現実主義
外向,超慎重,超挑戦,少仲間,現実,策略家,冷静に挑む策士,活動的でリスクを極端に避け、果敢な性格,温厚で現実主義
外向,超慎重,超挑戦,少仲間,少現実,策略家,冷静に挑む策士,活動的でリスクを極端に避け、果敢な性格,温厚で現実的な側面を考慮する
外向,超慎重,超挑戦,少仲間,少理想,策略家,冷静に挑む策士,活動的でリスクを極端に避け、果敢な性格,温厚で夢見がち
外向,超慎重,超挑戦,少仲間,理想,策略家,冷静に挑む策士,活動的でリスクを極端に避け、果敢な性格,温厚で理想的
外向,超慎重,超挑戦,少仲間,超理想,策略家,冷静に挑む策士,活動的でリスクを極端に避け、果敢な性格,温厚で地に足がついていない
外向,超慎重,超挑戦,仲間派,超現実,策略家,冷静に挑む策士,活動的でリスクを極端に避け、果敢な性格,仲間思いで超現実主義
外向,超慎重,超挑戦,仲間派,現実,策略家,冷静に挑む策士,活動的でリスクを極端に避け、果敢な性格,仲間思いで現実主義
外向,超慎重,超挑戦,仲間派,少現実,策略家,冷静に挑む策士,活動的でリスクを極端に避け、果敢な性格,仲間思いで現実的な側面を考慮する
外向,超慎重,超挑戦,仲間派,少理想,策略家,冷静に挑む策士,活動的でリスクを極端に避け、果敢な性格,仲間思いで夢見がち
外向,超慎重,超挑戦,仲間派,理想,挑戦家,理想を掲げ挑戦を恐れない,活動的でリスクを極端に避け、果敢な性格,仲間思いで理想的
外向,超慎重,超挑戦,仲間派,超理想,挑戦家,理想を掲げ挑戦を恐れない,活動的でリスクを極端に避け、果敢な性格,仲間思いで地に足がついていない
外向,超慎重,超挑戦,超仲間,超現実,策略家,冷静に挑む策士,活動的でリスクを極端に避け、果敢な性格,自己犠牲精神で超現実主義
外向,超慎重,超挑戦,超仲間,現実,策略家,冷静に挑む策士,活動的でリスクを極端に避け、果敢な性格,自己犠牲精神で現実主義
外向,超慎重,超挑戦,超仲間,少現実,策略家,冷静に挑む策士,活動的でリスクを極端に避け、果敢な性格,自己犠牲精神で現実的な側面を考慮する
外向,超慎重,超挑戦,超仲間,少理想,策略家,冷静に挑む策士,活動的でリスクを極端に避け、果敢な性格,自己犠牲精神で夢見がち
外向,超慎重,超挑戦,超仲間,理想,挑戦家,理想を掲げ挑戦を恐れない,活動的でリスクを極端に避け、果敢な性格,自己犠牲精神で理想的
外向,超慎重,超挑戦,超仲間,超理想,挑戦家,理想を掲げ挑戦を恐れない,活動的でリスクを極端に避け、果敢な性格,自己犠牲精神で地に足がついていない
外向,慎重,超回避,孤高,超現実,ムードメーカー,明るく場を和ませる,活動的で慎重的、対立を徹底的に避ける性格,孤高の存在で超現実主義
外向,慎重,超回避,孤高,現実,ムードメーカー,明るく場を和ませる,活動的で慎重的、対立を徹底的に避ける性格,孤高の存在で現実主義
外向,慎重,超回避,孤高,少現実,ムードメーカー,明るく場を和ませる,活動的で慎重的、対立を徹底的に避ける性格,孤高の存在で現実的な側面を考慮する
外向,慎重,超回避,孤高,少理想,ムードメーカー,明るく場を和ませる,活動的で慎重的、対立を徹底的に避ける性格,孤高の存在で夢見がち
外向,慎重,超回避,孤高,理想,ムードメーカー,明るく場を和ませる,活動的で慎重的、対立を徹底的に避ける性格,孤高の存在で理想的
外向,慎重,超回避,孤高,超理想,ムードメーカー,明るく場を和ませる,活動的で慎重的、対立を徹底的に避ける性格,孤高の存在で地に足がついていない
外向,慎重,超回避,一匹狼,超現実,ムードメーカー,明るく場を和ませる,活動的で慎重的、対立を徹底的に避ける性格,一匹狼で超現実主義
外向,慎重,超回避,一匹狼,現実,ムードメーカー,明るく場を和ませる,活動的で慎重的、対立を徹底的に避ける性格,一匹狼で現実主義
外向,慎重,超回避,一匹狼,少現実,ムードメーカー,明るく場を和ませる,活動的で慎重的、対立を徹底的に避ける性格,一匹狼で現実的な側面を考慮する
外向,慎重,超回避,一匹狼,少理想,ムードメーカー,明るく場を和ませる,活動的で慎重的、対立を徹底的に避ける性格,一匹狼で夢見がち
外向,慎重,超回避,一匹狼,理想,ムードメーカー,明るく場を和ませる,活動的で慎重的、対立を徹底的に避ける性格,一匹狼で理想的
外向,慎重,超回避,一匹狼,超理想,ムードメーカー,明るく場を和ませる,活動的で慎重的、対立を徹底的に避ける性格,一匹狼で地に足がついていない
外向,慎重,超回避,少孤独,超現実,ムードメーカー,明るく場を和ませる,活動的で慎重的、対立を徹底的に避ける性格,自由主義で超現実主義
外向,慎重,超回避,少孤独,現実,ムードメーカー,明るく場を和ませる,活動的で慎重的、対立を徹底的に避ける性格,自由主義で現実主義
外向,慎重,超回避,少孤独,少現実,ムードメーカー,明るく場を和ませる,活動的で慎重的、対立を徹底的に避ける性格,自由主義で現実的な側面を考慮する
外向,慎重,超回避,少孤独,少理想,ムードメーカー,明るく場を和ませる,活動的で慎重的、対立を徹底的に避ける性格,自由主義で夢見がち
外向,慎重,超回避,少孤独,理想,ムードメーカー,明るく場を和ませる,活動的で慎重的、対立を徹底的に避ける性格,自由主義で理想的
外向,慎重,超回避,少孤独,超理想,ムードメーカー,明るく場を和ませる,活動的で慎重的、対立を徹底的に避ける性格,自由主義で地に足がついていない
外向,慎重,超回避,少仲間,超現実,ムードメーカー,明るく場を和ませる,活動的で慎重的、対立を徹底的に避ける性格,温厚で超現実主義
外向,慎重,超回避,少仲間,現実,ムードメーカー,明るく場を和ませる,活動的で慎重的、対立を徹底的に避ける性格,温厚で現実主義
外向,慎重,超回避,少仲間,少現実,ムードメーカー,明るく場を和ませる,活動的で慎重的、対立を徹底的に避ける性格,温厚で現実的な側面を考慮する
外向,慎重,超回避,少仲間,少理想,ムードメーカー,明るく場を和ませる,活動的で慎重的、対立を徹底的に避ける性格,温厚で夢見がち
外向,慎重,超回避,少仲間,理想,ムードメーカー,明るく場を和ませる,活動的で慎重的、対立を徹底的に避ける性格,温厚で理想的
外向,慎重,超回避,少仲間,超理想,ムードメーカー,明るく場を和ませる,活動的で慎重的、対立を徹底的に避ける性格,温厚で地に足がついていない
外向,慎重,超回避,仲間派,超現実,ムードメーカー,明るく場を和ませる,活動的で慎重的、対立を徹底的に避ける性格,仲間思いで超現実主義
外向,慎重,超回避,仲間派,現実,ムードメーカー,明るく場を和ませる,活動的で慎重的、対立を徹底的に避ける性格,仲間思いで現実主義
外向,慎重,超回避,仲間派,少現実,ムードメーカー,明るく場を和ませる,活動的で慎重的、対立を徹底的に避ける性格,仲間思いで現実的な側面を考慮する
外向,慎重,超回避,仲間派,少理想,ムードメーカー,明るく場を和ませる,活動的で慎重的、対立を徹底的に避ける性格,仲間思いで夢見がち
外向,慎重,超回避,仲間派,理想,ムードメーカー,明るく場を和ませる,活動的で慎重的、対立を徹底的に避ける性格,仲間思いで理想的
外向,慎重,超回避,仲間派,超理想,ムードメーカー,明るく場を和ませる,活動的で慎重的、対立を徹底的に避ける性格,仲間思いで地に足がついていない
外向,慎重,超回避,超仲間,超現実,ムードメーカー,明るく場を和ませる,活動的で慎重的、対立を徹底的に避ける性格,自己犠牲精神で超現実主義
外向,慎重,超回避,超仲間,現実,ムードメーカー,明るく場を和ませる,活動的で慎重的、対立を徹底的に避ける性格,自己犠牲精神で現実主義
外向,慎重,超回避,超仲間,少現実,ムードメーカー,明るく場を和ませる,活動的で慎重的、対立を徹底的に避ける性格,自己犠牲精神で現実的な側面を考慮する
外向,慎重,超回避,超仲間,少理想,ムードメーカー,明るく場を和ませる,活動的で慎重的、対立を徹底的に避ける性格,自己犠牲精神で夢見がち
外向,慎重,超回避,超仲間,理想,ムードメーカー,明るく場を和ませる,活動的で慎重的、対立を徹底的に避ける性格,自己犠牲精神で理想的
外向,慎重,超回避,超仲間,超理想,ムードメーカー,明るく場を和ませる,活動的で慎重的、対立を徹底的に避ける性格,自己犠牲精神で地に足がついていない
外向,慎重,回避,孤高,超現実,ムードメーカー,明るく場を和ませる,活動的で慎重的、直接的な対応を好まない性格,孤高の存在で超現実主義
外向,慎重,回避,孤高,現実,ムードメーカー,明るく場を和ませる,活動的で慎重的、直接的な対応を好まない性格,孤高の存在で現実主義
外向,慎重,回避,孤高,少現実,ムードメーカー,明るく場を和ませる,活動的で慎重的、直接的な対応を好まない性格,孤高の存在で現実的な側面を考慮する
外向,慎重,回避,孤高,少理想,ムードメーカー,明るく場を和ませる,活動的で慎重的、直接的な対応を好まない性格,孤高の存在で夢見がち
外向,慎重,回避,孤高,理想,ムードメーカー,明るく場を和ませる,活動的で慎重的、直接的な対応を好まない性格,孤高の存在で理想的
外向,慎重,回避,孤高,超理想,ムードメーカー,明るく場を和ませる,活動的で慎重的、直接的な対応を好まない性格,孤高の存在で地に足がついていない
外向,慎重,回避,一匹狼,超現実,ムードメーカー,明るく場を和ませる,活動的で慎重的、直接的な対応を好まない性格,一匹狼で超現実主義
外向,慎重,回避,一匹狼,現実,ムードメーカー,明るく場を和ませる,活動的で慎重的、直接的な対応を好まない性格,一匹狼で現実主義
外向,慎重,回避,一匹狼,少現実,ムードメーカー,明るく場を和ませる,活動的で慎重的、直接的な対応を好まない性格,一匹狼で現実的な側面を考慮する
外向,慎重,回避,一匹狼,少理想,ムードメーカー,明るく場を和ませる,活動的で慎重的、直接的な対応を好まない性格,一匹狼で夢見がち
外向,慎重,回避,一匹狼,理想,ムードメーカー,明るく場を和ませる,活動的で慎重的、直接的な対応を好まない性格,一匹狼で理想的
外向,慎重,回避,一匹狼,超理想,ムードメーカー,明るく場を和ませる,活動的で慎重的、直接的な対応を好まない性格,一匹狼で地に足がついていない
外向,慎重,回避,少孤独,超現実,ムードメーカー,明るく場を和ませる,活動的で慎重的、直接的な対応を好まない性格,自由主義で超現実主義
外向,慎重,回避,少孤独,現実,ムードメーカー,明るく場を和ませる,活動的で慎重的、直接的な対応を好まない性格,自由主義で現実主義
外向,慎重,回避,少孤独,少現実,ムードメーカー,明るく場を和ませる,活動的で慎重的、直接的な対応を好まない性格,自由主義で現実的な側面を考慮する
外向,慎重,回避,少孤独,少理想,ムードメーカー,明るく場を和ませる,活動的で慎重的、直接的な対応を好まない性格,自由主義で夢見がち
外向,慎重,回避,少孤独,理想,ムードメーカー,明るく場を和ませる,活動的で慎重的、直接的な対応を好まない性格,自由主義で理想的
外向,慎重,回避,少孤独,超理想,ムードメーカー,明るく場を和ませる,活動的で慎重的、直接的な対応を好まない性格,自由主義で地に足がついていない
外向,慎重,回避,少仲間,超現実,ムードメーカー,明るく場を和ませる,活動的で慎重的、直接的な対応を好まない性格,温厚で超現実主義
外向,慎重,回避,少仲間,現実,ムードメーカー,明るく場を和ませる,活動的で慎重的、直接的な対応を好まない性格,温厚で現実主義
外向,慎重,回避,少仲間,少現実,ムードメーカー,明るく場を和ませる,活動的で慎重的、直接的な対応を好まない性格,温厚で現実的な側面を考慮する
外向,慎重,回避,少仲間,少理想,ムードメーカー,明るく場を和ませる,活動的で慎重的、直接的な対応を好まない性格,温厚で夢見がち
外向,慎重,回避,少仲間,理想,ムードメーカー,明るく場を和ませる,活動的で慎重的、直接的な対応を好まない性格,温厚で理想的
外向,慎重,回避,少仲間,超理想,ムードメーカー,明るく場を和ませる,活動的で慎重的、直接的な対応を好まない性格,温厚で地に足がついていない
外向,慎重,回避,仲間派,超現実,ムードメーカー,明るく場を和ませる,活動的で慎重的、直接的な対応を好まない性格,仲間思いで超現実主義
外向,慎重,回避,仲間派,現実,ムードメーカー,明るく場を和ませる,活動的で慎重的、直接的な対応を好まない性格,仲間思いで現実主義
外向,慎重,回避,仲間派,少現実,ムードメーカー,明るく場を和ませる,活動的で慎重的、直接的な対応を好まない性格,仲間思いで現実的な側面を考慮する
外向,慎重,回避,仲間派,少理想,ムードメーカー,明るく場を和ませる,活動的で慎重的、直接的な対応を好まない性格,仲間思いで夢見がち
外向,慎重,回避,仲間派,理想,ムードメーカー,明るく場を和ませる,活動的で慎重的、直接的な対応を好まない性格,仲間思いで理想的
外向,慎重,回避,仲間派,超理想,ムードメーカー,明るく場を和ませる,活動的で慎重的、直接的な対応を好まない性格,仲間思いで地に足がついていない
外向,慎重,回避,超仲間,超現実,ムードメーカー,明るく場を和ませる,活動的で慎重的、直接的な対応を好まない性格,自己犠牲精神で超現実主義
外向,慎重,回避,超仲間,現実,ムードメーカー,明るく場を和ませる,活動的で慎重的、直接的な対応を好まない性格,自己犠牲精神で現実主義
外向,慎重,回避,超仲間,少現実,ムードメーカー,明るく場を和ませる,活動的で慎重的、直接的な対応を好まない性格,自己犠牲精神で現実的な側面を考慮する
外向,慎重,回避,超仲間,少理想,ムードメーカー,明るく場を和ませる,活動的で慎重的、直接的な対応を好まない性格,自己犠牲精神で夢見がち
外向,慎重,回避,超仲間,理想,ムードメーカー,明るく場を和ませる,活動的で慎重的、直接的な対応を好まない性格,自己犠牲精神で理想的
外向,慎重,回避,超仲間,超理想,ムードメーカー,明るく場を和ませる,活動的で慎重的、直接的な対応を好まない性格,自己犠牲精神で地に足がついていない
外向,慎重,少回避,孤高,超現実,調整役,周囲を見てバランスを取る人,活動的で慎重的、争いごとを好まない性格,孤高の存在で超現実主義
外向,慎重,少回避,孤高,現実,調整役,周囲を見てバランスを取る人,活動的で慎重的、争いごとを好まない性格,孤高の存在で現実主義
外向,慎重,少回避,孤高,少現実,調整役,周囲を見てバランスを取る人,活動的で慎重的、争いごとを好まない性格,孤高の存在で現実的な側面を考慮する
外向,慎重,少回避,孤高,少理想,調整役,周囲を見てバランスを取る人,活動的で慎重的、争いごとを好まない性格,孤高の存在で夢見がち
外向,慎重,少回避,孤高,理想,情熱家,夢と理想に燃える人物,活動的で慎重的、争いごとを好まない性格,孤高の存在で理想的
外向,慎重,少回避,孤高,超理想,情熱家,夢と理想に燃える人物,活動的で慎重的、争いごとを好まない性格,孤高の存在で地に足がついていない
外向,慎重,少回避,一匹狼,超現実,調整役,周囲を見てバランスを取る人,活動的で慎重的、争いごとを好まない性格,一匹狼で超現実主義
外向,慎重,少回避,一匹狼,現実,調整役,周囲を見てバランスを取る人,活動的で慎重的、争いごとを好まない性格,一匹狼で現実主義
外向,慎重,少回避,一匹狼,少現実,調整役,周囲を見てバランスを取る人,活動的で慎重的、争いごとを好まない性格,一匹狼で現実的な側面を考慮する
外向,慎重,少回避,一匹狼,少理想,調整役,周囲を見てバランスを取る人,活動的で慎重的、争いごとを好まない性格,一匹狼で夢見がち
外向,慎重,少回避,一匹狼,理想,情熱家,夢と理想に燃える人物,活動的で慎重的、争いごとを好まない性格,一匹狼で理想的
外向,慎重,少回避,一匹狼,超理想,情熱家,夢と理想に燃える人物,活動的で慎重的、争いごとを好まない性格,一匹狼で地に足がついていない
外向,慎重,少回避,少孤独,超現実,調整役,周囲を見てバランスを取る人,活動的で慎重的、争いごとを好まない性格,自由主義で超現実主義
外向,慎重,少回避,少孤独,現実,調整役,周囲を見てバランスを取る人,活動的で慎重的、争いごとを好まない性格,自由主義で現実主義
外向,慎重,少回避,少孤独,少現実,調整役,周囲を見てバランスを取る人,活動的で慎重的、争いごとを好まない性格,自由主義で現実的な側面を考慮する
外向,慎重,少回避,少孤独,少理想,調整役,周囲を見てバランスを取る人,活動的で慎重的、争いごとを好まない性格,自由主義で夢見がち
外向,慎重,少回避,少孤独,理想,情熱家,夢と理想に燃える人物,活動的で慎重的、争いごとを好まない性格,自由主義で理想的
外向,慎重,少回避,少孤独,超理想,情熱家,夢と理想に燃える人物,活動的で慎重的、争いごとを好まない性格,自由主義で地に足がついていない
外向,慎重,少回避,少仲間,超現実,調整役,周囲を見てバランスを取る人,活動的で慎重的、争いごとを好まない性格,温厚で超現実主義
外向,慎重,少回避,少仲間,現実,調整役,周囲を見てバランスを取る人,活動的で慎重的、争いごとを好まない性格,温厚で現実主義
外向,慎重,少回避,少仲間,少現実,調整役,周囲を見てバランスを取る人,活動的で慎重的、争いごとを好まない性格,温厚で現実的な側面を考慮する
外向,慎重,少回避,少仲間,少理想,調整役,周囲を見てバランスを取る人,活動的で慎重的、争いごとを好まない性格,温厚で夢見がち
外向,慎重,少回避,少仲間,理想,情熱家,夢と理想に燃える人物,活動的で慎重的、争いごとを好まない性格,温厚で理想的
外向,慎重,少回避,少仲間,超理想,情熱家,夢と理想に燃える人物,活動的で慎重的、争いごとを好まない性格,温厚で地に足がついていない
外向,慎重,少回避,仲間派,超現実,守護者,仲間を守る頼れる存在,活動的で慎重的、争いごとを好まない性格,仲間思いで超現実主義
外向,慎重,少回避,仲間派,現実,守護者,仲間を守る頼れる存在,活動的で慎重的、争いごとを好まない性格,仲間思いで現実主義
外向,慎重,少回避,仲間派,少現実,守護者,仲間を守る頼れる存在,活動的で慎重的、争いごとを好まない性格,仲間思いで現実的な側面を考慮する
外向,慎重,少回避,仲間派,少理想,守護者,仲間を守る頼れる存在,活動的で慎重的、争いごとを好まない性格,仲間思いで夢見がち
外向,慎重,少回避,仲間派,理想,守護者,仲間を守る頼れる存在,活動的で慎重的、争いごとを好まない性格,仲間思いで理想的
外向,慎重,少回避,仲間派,超理想,守護者,仲間を守る頼れる存在,活動的で慎重的、争いごとを好まない性格,仲間思いで地に足がついていない
外向,慎重,少回避,超仲間,超現実,守護者,仲間を守る頼れる存在,活動的で慎重的、争いごとを好まない性格,自己犠牲精神で超現実主義
外向,慎重,少回避,超仲間,現実,守護者,仲間を守る頼れる存在,活動的で慎重的、争いごとを好まない性格,自己犠牲精神で現実主義
外向,慎重,少回避,超仲間,少現実,守護者,仲間を守る頼れる存在,活動的で慎重的、争いごとを好まない性格,自己犠牲精神で現実的な側面を考慮する
外向,慎重,少回避,超仲間,少理想,守護者,仲間を守る頼れる存在,活動的で慎重的、争いごとを好まない性格,自己犠牲精神で夢見がち
外向,慎重,少回避,超仲間,理想,守護者,仲間を守る頼れる存在,活動的で慎重的、争いごとを好まない性格,自己犠牲精神で理想的
外向,慎重,少回避,超仲間,超理想,守護者,仲間を守る頼れる存在,活動的で慎重的、争いごとを好まない性格,自己犠牲精神で地に足がついていない
外向,慎重,少挑戦,孤高,超現実,調整役,周囲を見てバランスを取る人,活動的で慎重的、探求心がある性格,孤高の存在で超現実主義
外向,慎重,少挑戦,孤高,現実,調整役,周囲を見てバランスを取る人,活動的で慎重的、探求心がある性格,孤高の存在で現実主義
外向,慎重,少挑戦,孤高,少現実,調整役,周囲を見てバランスを取る人,活動的で慎重的、探求心がある性格,孤高の存在で現実的な側面を考慮する
外向,慎重,少挑戦,孤高,少理想,調整役,周囲を見てバランスを取る人,活動的で慎重的、探求心がある性格,孤高の存在で夢見がち
外向,慎重,少挑戦,孤高,理想,情熱家,夢と理想に燃える人物,活動的で慎重的、探求心がある性格,孤高の存在で理想的
外向,慎重,少挑戦,孤高,超理想,情熱家,夢と理想に燃える人物,活動的で慎重的、探求心がある性格,孤高の存在で地に足がついていない
外向,慎重,少挑戦,一匹狼,超現実,調整役,周囲を見てバランスを取る人,活動的で慎重的、探求心がある性格,一匹狼で超現実主義
外向,慎重,少挑戦,一匹狼,現実,調整役,周囲を見てバランスを取る人,活動的で慎重的、探求心がある性格,一匹狼で現実主義
外向,慎重,少挑戦,一匹狼,少現実,調整役,周囲を見てバランスを取る人,活動的で慎重的、探求心がある性格,一匹狼で現実的な側面を考慮する
外向,慎重,少挑戦,一匹狼,少理想,調整役,周囲を見てバランスを取る人,活動的で慎重的、探求心がある性格,一匹狼で夢見がち
外向,慎重,少挑戦,一匹狼,理想,情熱家,夢と理想に燃える人物,活動的で慎重的、探求心がある性格,一匹狼で理想的
外向,慎重,少挑戦,一匹狼,超理想,情熱家,夢と理想に燃える人物,活動的で慎重的、探求心がある性格,一匹狼で地に足がついていない
外向,慎重,少挑戦,少孤独,超現実,調整役,周囲を見てバランスを取る人,活動的で慎重的、探求心がある性格,自由主義で超現実主義
外向,慎重,少挑戦,少孤独,現実,調整役,周囲を見てバランスを取る人,活動的で慎重的、探求心がある性格,自由主義で現実主義
外向,慎重,少挑戦,少孤独,少現実,調整役,周囲を見てバランスを取る人,活動的で慎重的、探求心がある性格,自由主義で現実的な側面を考慮する
外向,慎重,少挑戦,少孤独,少理想,調整役,周囲を見てバランスを取る人,活動的で慎重的、探求心がある性格,自由主義で夢見がち
外向,慎重,少挑戦,少孤独,理想,情熱家,夢と理想に燃える人物,活動的で慎重的、探求心がある性格,自由主義で理想的
外向,慎重,少挑戦,少孤独,超理想,情熱家,夢と理想に燃える人物,活動的で慎重的、探求心がある性格,自由主義で地に足がついていない
外向,慎重,少挑戦,少仲間,超現実,調整役,周囲を見てバランスを取る人,活動的で慎重的、探求心がある性格,温厚で超現実主義
外向,慎重,少挑戦,少仲間,現実,調整役,周囲を見てバランスを取る人,活動的で慎重的、探求心がある性格,温厚で現実主義
外向,慎重,少挑戦,少仲間,少現実,調整役,周囲を見てバランスを取る人,活動的で慎重的、探求心がある性格,温厚で現実的な側面を考慮する
外向,慎重,少挑戦,少仲間,少理想,調整役,周囲を見てバランスを取る人,活動的で慎重的、探求心がある性格,温厚で夢見がち
外向,慎重,少挑戦,少仲間,理想,情熱家,夢と理想に燃える人物,活動的で慎重的、探求心がある性格,温厚で理想的
外向,慎重,少挑戦,少仲間,超理想,情熱家,夢と理想に燃える人物,活動的で慎重的、探求心がある性格,温厚で地に足がついていない
外向,慎重,少挑戦,仲間派,超現実,調整役,周囲を見てバランスを取る人,活動的で慎重的、探求心がある性格,仲間思いで超現実主義
外向,慎重,少挑戦,仲間派,現実,調整役,周囲を見てバランスを取る人,活動的で慎重的、探求心がある性格,仲間思いで現実主義
外向,慎重,少挑戦,仲間派,少現実,調整役,周囲を見てバランスを取る人,活動的で慎重的、探求心がある性格,仲間思いで現実的な側面を考慮する
外向,慎重,少挑戦,仲間派,少理想,調整役,周囲を見てバランスを取る人,活動的で慎重的、探求心がある性格,仲間思いで夢見がち
外向,慎重,少挑戦,仲間派,理想,情熱家,夢と理想に燃える人物,活動的で慎重的、探求心がある性格,仲間思いで理想的
外向,慎重,少挑戦,仲間派,超理想,情熱家,夢と理想に燃える人物,活動的で慎重的、探求心がある性格,仲間思いで地に足がついていない
外向,慎重,少挑戦,超仲間,超現実,調整役,周囲を見てバランスを取る人,活動的で慎重的、探求心がある性格,自己犠牲精神で超現実主義
外向,慎重,少挑戦,超仲間,現実,調整役,周囲を見てバランスを取る人,活動的で慎重的、探求心がある性格,自己犠牲精神で現実主義
外向,慎重,少挑戦,超仲間,少現実,調整役,周囲を見てバランスを取る人,活動的で慎重的、探求心がある性格,自己犠牲精神で現実的な側面を考慮する
外向,慎重,少挑戦,超仲間,少理想,調整役,周囲を見てバランスを取る人,活動的で慎重的、探求心がある性格,自己犠牲精神で夢見がち
外向,慎重,少挑戦,超仲間,理想,情熱家,夢と理想に燃える人物,活動的で慎重的、探求心がある性格,自己犠牲精神で理想的
外向,慎重,少挑戦,超仲間,超理想,情熱家,夢と理想に燃える人物,活動的で慎重的、探求心がある性格,自己犠牲精神で地に足がついていない
外向,慎重,挑戦,孤高,超現実,孤高の戦士,誰にも頼らず突き進む,活動的で慎重的、挑戦的な性格,孤高の存在で超現実主義
外向,慎重,挑戦,孤高,現実,孤高の戦士,誰にも頼らず突き進む,活動的で慎重的、挑戦的な性格,孤高の存在で現実主義
外向,慎重,挑戦,孤高,少現実,策略家,冷静に挑む策士,活動的で慎重的、挑戦的な性格,孤高の存在で現実的な側面を考慮する
外向,慎重,挑戦,孤高,少理想,策略家,冷静に挑む策士,活動的で慎重的、挑戦的な性格,孤高の存在で夢見がち
外向,慎重,挑戦,孤高,理想,策略家,冷静に挑む策士,活動的で慎重的、挑戦的な性格,孤高の存在で理想的
外向,慎重,挑戦,孤高,超理想,策略家,冷静に挑む策士,活動的で慎重的、挑戦的な性格,孤高の存在で地に足がついていない
外向,慎重,挑戦,一匹狼,超現実,孤高の戦士,誰にも頼らず突き進む,活動的で慎重的、挑戦的な性格,一匹狼で超現実主義
外向,慎重,挑戦,一匹狼,現実,孤高の戦士,誰にも頼らず突き進む,活動的で慎重的、挑戦的な性格,一匹狼で現実主義
外向,慎重,挑戦,一匹狼,少現実,策略家,冷静に挑む策士,活動的で慎重的、挑戦的な性格,一匹狼で現実的な側面を考慮する
外向,慎重,挑戦,一匹狼,少理想,策略家,冷静に挑む策士,活動的で慎重的、挑戦的な性格,一匹狼で夢見がち
外向,慎重,挑戦,一匹狼,理想,策略家,冷静に挑む策士,活動的で慎重的、挑戦的な性格,一匹狼で理想的
外向,慎重,挑戦,一匹狼,超理想,策略家,冷静に挑む策士,活動的で慎重的、挑戦的な性格,一匹狼で地に足がついていない
外向,慎重,挑戦,少孤独,超現実,策略家,冷静に挑む策士,活動的で慎重的、挑戦的な性格,自由主義で超現実主義
外向,慎重,挑戦,少孤独,現実,策略家,冷静に挑む策士,活動的で慎重的、挑戦的な性格,自由主義で現実主義
外向,慎重,挑戦,少孤独,少現実,策略家,冷静に挑む策士,活動的で慎重的、挑戦的な性格,自由主義で現実的な側面を考慮する
外向,慎重,挑戦,少孤独,少理想,策略家,冷静に挑む策士,活動的で慎重的、挑戦的な性格,自由主義で夢見がち
外向,慎重,挑戦,少孤独,理想,策略家,冷静に挑む策士,活動的で慎重的、挑戦的な性格,自由主義で理想的
外向,慎重,挑戦,少孤独,超理想,策略家,冷静に挑む策士,活動的で慎重的、挑戦的な性格,自由主義で地に足がついていない
外向,慎重,挑戦,少仲間,超現実,策略家,冷静に挑む策士,活動的で慎重的、挑戦的な性格,温厚で超現実主義
外向,慎重,挑戦,少仲間,現実,策略家,冷静に挑む策士,活動的で慎重的、挑戦的な性格,温厚で現実主義
外向,慎重,挑戦,少仲間,少現実,策略家,冷静に挑む策士,活動的で慎重的、挑戦的な性格,温厚で現実的な側面を考慮する
外向,慎重,挑戦,少仲間,少理想,策略家,冷静に挑む策士,活動的で慎重的、挑戦的な性格,温厚で夢見がち
外向,慎重,挑戦,少仲間,理想,策略家,冷静に挑む策士,活動的で慎重的、挑戦的な性格,温厚で理想的
外向,慎重,挑戦,少仲間,超理想,策略家,冷静に挑む策士,活動的で慎重的、挑戦的な性格,温厚で地に足がついていない
外向,慎重,挑戦,仲間派,超現実,策略家,冷静に挑む策士,活動的で慎重的、挑戦的な性格,仲間思いで超現実主義
外向,慎重,挑戦,仲間派,現実,策略家,冷静に挑む策士,活動的で慎重的、挑戦的な性格,仲間思いで現実主義
外向,慎重,挑戦,仲間派,少現実,策略家,冷静に挑む策士,活動的で慎重的、挑戦的な性格,仲間思いで現実的な側面を考慮する
外向,慎重,挑戦,仲間派,少理想,策略家,冷静に挑む策士,活動的で慎重的、挑戦的な性格,仲間思いで夢見がち
外向,慎重,挑戦,仲間派,理想,挑戦家,理想を掲げ挑戦を恐れない,活動的で慎重的、挑戦的な性格,仲間思いで理想的
外向,慎重,挑戦,仲間派,超理想,挑戦家,理想を掲げ挑戦を恐れない,活動的で慎重的、挑戦的な性格,仲間思いで地に足がついていない
外向,慎重,挑戦,超仲間,超現実,策略家,冷静に挑む策士,活動的で慎重的、挑戦的な性格,自己犠牲精神で超現実主義
外向,慎重,挑戦,超仲間,現実,策略家,冷静に挑む策士,活動的で慎重的、挑戦的な性格,自己犠牲精神で現実主義
外向,慎重,挑戦,超仲間,少現実,策略家,冷静に挑む策士,活動的で慎重的、挑戦的な性格,自己犠牲精神で現実的な側面を考慮する
外向,慎重,挑戦,超仲間,少理想,策略家,冷静に挑む策士,活動的で慎重的、挑戦的な性格,自己犠牲精神で夢見がち
外向,慎重,挑戦,超仲間,理想,挑戦家,理想を掲げ挑戦を恐れない,活動的で慎重的、挑戦的な性格,自己犠牲精神で理想的
外向,慎重,挑戦,超仲間,超理想,挑戦家,理想を掲げ挑戦を恐れない,活動的で慎重的、挑戦的な性格,自己犠牲精神で地に足がついていない
外向,慎重,超挑戦,孤高,超現実,孤高の戦士,誰にも頼らず突き進む,活動的で慎重的、果敢な性格,孤高の存在で超現実主義
外向,慎重,超挑戦,孤高,現実,孤高の戦士,誰にも頼らず突き進む,活動的で慎重的、果敢な性格,孤高の存在で現実主義
外向,慎重,超挑戦,孤高,少現実,策略家,冷静に挑む策士,活動的で慎重的、果敢な性格,孤高の存在で現実的な側面を考慮する
外向,慎重,超挑戦,孤高,少理想,策略家,冷静に挑む策士,活動的で慎重的、果敢な性格,孤高の存在で夢見がち
外向,慎重,超挑戦,孤高,理想,策略家,冷静に挑む策士,活動的で慎重的、果敢な性格,孤高の存在で理想的
外向,慎重,超挑戦,孤高,超理想,策略家,冷静に挑む策士,活動的で慎重的、果敢な性格,孤高の存在で地に足がついていない
外向,慎重,超挑戦,一匹狼,超現実,孤高の戦士,誰にも頼らず突き進む,活動的で慎重的、果敢な性格,一匹狼で超現実主義
外向,慎重,超挑戦,一匹狼,現実,孤高の戦士,誰にも頼らず突き進む,活動的で慎重的、果敢な性格,一匹狼で現実主義
外向,慎重,超挑戦,一匹狼,少現実,策略家,冷静に挑む策士,活動的で慎重的、果敢な性格,一匹狼で現実的な側面を考慮する
外向,慎重,超挑戦,一匹狼,少理想,策略家,冷静に挑む策士,活動的で慎重的、果敢な性格,一匹狼で夢見がち
外向,慎重,超挑戦,一匹狼,理想,策略家,冷静に挑む策士,活動的で慎重的、果敢な性格,一匹狼で理想的
外向,慎重,超挑戦,一匹狼,超理想,策略家,冷静に挑む策士,活動的で慎重的、果敢な性格,一匹狼で地に足がついていない
外向,慎重,超挑戦,少孤独,超現実,策略家,冷静に挑む策士,活動的で慎重的、果敢な性格,自由主義で超現実主義
外向,慎重,超挑戦,少孤独,現実,策略家,冷静に挑む策士,活動的で慎重的、果敢な性格,自由主義で現実主義
外向,慎重,超挑戦,少孤独,少現実,策略家,冷静に挑む策士,活動的で慎重的、果敢な性格,自由主義で現実的な側面を考慮する
外向,慎重,超挑戦,少孤独,少理想,策略家,冷静に挑む策士,活動的で慎重的、果敢な性格,自由主義で夢見がち
外向,慎重,超挑戦,少孤独,理想,策略家,冷静に挑む策士,活動的で慎重的、果敢な性格,自由主義で理想的
外向,慎重,超挑戦,少孤独,超理想,策略家,冷静に挑む策士,活動的で慎重的、果敢な性格,自由主義で地に足がついていない
外向,慎重,超挑戦,少仲間,超現実,策略家,冷静に挑む策士,活動的で慎重的、果敢な性格,温厚で超現実主義
外向,慎重,超挑戦,少仲間,現実,策略家,冷静に挑む策士,活動的で慎重的、果敢な性格,温厚で現実主義
外向,慎重,超挑戦,少仲間,少現実,策略家,冷静に挑む策士,活動的で慎重的、果敢な性格,温厚で現実的な側面を考慮する
外向,慎重,超挑戦,少仲間,少理想,策略家,冷静に挑む策士,活動的で慎重的、果敢な性格,温厚で夢見がち
外向,慎重,超挑戦,少仲間,理想,策略家,冷静に挑む策士,活動的で慎重的、果敢な性格,温厚で理想的
外向,慎重,超挑戦,少仲間,超理想,策略家,冷静に挑む策士,活動的で慎重的、果敢な性格,温厚で地に足がついていない
外向,慎重,超挑戦,仲間派,超現実,策略家,冷静に挑む策士,活動的で慎重的、果敢な性格,仲間思いで超現実主義
外向,慎重,超挑戦,仲間派,現実,策略家,冷静に挑む策士,活動的で慎重的、果敢な性格,仲間思いで現実主義
外向,慎重,超挑戦,仲間派,少現実,策略家,冷静に挑む策士,活動的で慎重的、果敢な性格,仲間思いで現実的な側面を考慮する
外向,慎重,超挑戦,仲間派,少理想,策略家,冷静に挑む策士,活動的で慎重的、果敢な性格,仲間思いで夢見がち
外向,慎重,超挑戦,仲間派,理想,挑戦家,理想を掲げ挑戦を恐れない,活動的で慎重的、果敢な性格,仲間思いで理想的
外向,慎重,超挑戦,仲間派,超理想,挑戦家,理想を掲げ挑戦を恐れない,活動的で慎重的、果敢な性格,仲間思いで地に足がついていない
外向,慎重,超挑戦,超仲間,超現実,策略家,冷静に挑む策士,活動的で慎重的、果敢な性格,自己犠牲精神で超現実主義
外向,慎重,超挑戦,超仲間,現実,策略家,冷静に挑む策士,活動的で慎重的、果敢な性格,自己犠牲精神で現実主義
外向,慎重,超挑戦,超仲間,少現実,策略家,冷静に挑む策士,活動的で慎重的、果敢な性格,自己犠牲精神で現実的な側面を考慮する
外向,慎重,超挑戦,超仲間,少理想,策略家,冷静に挑む策士,活動的で慎重的、果敢な性格,自己犠牲精神で夢見がち
外向,慎重,超挑戦,超仲間,理想,挑戦家,理想を掲げ挑戦を恐れない,活動的で慎重的、果敢な性格,自己犠牲精神で理想的
外向,慎重,超挑戦,超仲間,超理想,挑戦家,理想を掲げ挑戦を恐れない,活動的で慎重的、果敢な性格,自己犠牲精神で地に足がついていない
外向,少慎重,超回避,孤高,超現実,ムードメーカー,明るく場を和ませる,活動的で少し用心深く、対立を徹底的に避ける性格,孤高の存在で超現実主義
外向,少慎重,超回避,孤高,現実,ムードメーカー,明るく場を和ませる,活動的で少し用心深く、対立を徹底的に避ける性格,孤高の存在で現実主義
外向,少慎重,超回避,孤高,少現実,ムードメーカー,明るく場を和ませる,活動的で少し用心深く、対立を徹底的に避ける性格,孤高の存在で現実的な側面を考慮する
外向,少慎重,超回避,孤高,少理想,ムードメーカー,明るく場を和ませる,活動的で少し用心深く、対立を徹底的に避ける性格,孤高の存在で夢見がち
外向,少慎重,超回避,孤高,理想,ムードメーカー,明るく場を和ませる,活動的で少し用心深く、対立を徹底的に避ける性格,孤高の存在で理想的
外向,少慎重,超回避,孤高,超理想,ムードメーカー,明るく場を和ませる,活動的で少し用心深く、対立を徹底的に避ける性格,孤高の存在で地に足がついていない
外向,少慎重,超回避,一匹狼,超現実,ムードメーカー,明るく場を和ませる,活動的で少し用心深く、対立を徹底的に避ける性格,一匹狼で超現実主義
外向,少慎重,超回避,一匹狼,現実,ムードメーカー,明るく場を和ませる,活動的で少し用心深く、対立を徹底的に避ける性格,一匹狼で現実主義
外向,少慎重,超回避,一匹狼,少現実,ムードメーカー,明るく場を和ませる,活動的で少し用心深く、対立を徹底的に避ける性格,一匹狼で現実的な側面を考慮する
外向,少慎重,超回避,一匹狼,少理想,ムードメーカー,明るく場を和ませる,活動的で少し用心深く、対立を徹底的に避ける性格,一匹狼で夢見がち
外向,少慎重,超回避,一匹狼,理想,ムードメーカー,明るく場を和ませる,活動的で少し用心深く、対立を徹底的に避ける性格,一匹狼で理想的
外向,少慎重,超回避,一匹狼,超理想,ムードメーカー,明るく場を和ませる,活動的で少し用心深く、対立を徹底的に避ける性格,一匹狼で地に足がついていない
外向,少慎重,超回避,少孤独,超現実,ムードメーカー,明るく場を和ませる,活動的で少し用心深く、対立を徹底的に避ける性格,自由主義で超現実主義
外向,少慎重,超回避,少孤独,現実,ムードメーカー,明るく場を和ませる,活動的で少し用心深く、対立を徹底的に避ける性格,自由主義で現実主義
外向,少慎重,超回避,少孤独,少現実,ムードメーカー,明るく場を和ませる,活動的で少し用心深く、対立を徹底的に避ける性格,自由主義で現実的な側面を考慮する
外向,少慎重,超回避,少孤独,少理想,ムードメーカー,明るく場を和ませる,活動的で少し用心深く、対立を徹底的に避ける性格,自由主義で夢見がち
外向,少慎重,超回避,少孤独,理想,ムードメーカー,明るく場を和ませる,活動的で少し用心深く、対立を徹底的に避ける性格,自由主義で理想的
外向,少慎重,超回避,少孤独,超理想,ムードメーカー,明るく場を和ませる,活動的で少し用心深く、対立を徹底的に避ける性格,自由主義で地に足がついていない
外向,少慎重,超回避,少仲間,超現実,ムードメーカー,明るく場を和ませる,活動的で少し用心深く、対立を徹底的に避ける性格,温厚で超現実主義
外向,少慎重,超回避,少仲間,現実,ムードメーカー,明るく場を和ませる,活動的で少し用心深く、対立を徹底的に避ける性格,温厚で現実主義
外向,少慎重,超回避,少仲間,少現実,ムードメーカー,明るく場を和ませる,活動的で少し用心深く、対立を徹底的に避ける性格,温厚で現実的な側面を考慮する
外向,少慎重,超回避,少仲間,少理想,ムードメーカー,明るく場を和ませる,活動的で少し用心深く、対立を徹底的に避ける性格,温厚で夢見がち
外向,少慎重,超回避,少仲間,理想,ムードメーカー,明るく場を和ませる,活動的で少し用心深く、対立を徹底的に避ける性格,温厚で理想的
外向,少慎重,超回避,少仲間,超理想,ムードメーカー,明るく場を和ませる,活動的で少し用心深く、対立を徹底的に避ける性格,温厚で地に足がついていない
外向,少慎重,超回避,仲間派,超現実,ムードメーカー,明るく場を和ませる,活動的で少し用心深く、対立を徹底的に避ける性格,仲間思いで超現実主義
外向,少慎重,超回避,仲間派,現実,ムードメーカー,明るく場を和ませる,活動的で少し用心深く、対立を徹底的に避ける性格,仲間思いで現実主義
外向,少慎重,超回避,仲間派,少現実,ムードメーカー,明るく場を和ませる,活動的で少し用心深く、対立を徹底的に避ける性格,仲間思いで現実的な側面を考慮する
外向,少慎重,超回避,仲間派,少理想,ムードメーカー,明るく場を和ませる,活動的で少し用心深く、対立を徹底的に避ける性格,仲間思いで夢見がち
外向,少慎重,超回避,仲間派,理想,ムードメーカー,明るく場を和ませる,活動的で少し用心深く、対立を徹底的に避ける性格,仲間思いで理想的
外向,少慎重,超回避,仲間派,超理想,ムードメーカー,明るく場を和ませる,活動的で少し用心深く、対立を徹底的に避ける性格,仲間思いで地に足がついていない
外向,少慎重,超回避,超仲間,超現実,ムードメーカー,明るく場を和ませる,活動的で少し用心深く、対立を徹底的に避ける性格,自己犠牲精神で超現実主義
外向,少慎重,超回避,超仲間,現実,ムードメーカー,明るく場を和ませる,活動的で少し用心深く、対立を徹底的に避ける性格,自己犠牲精神で現実主義
外向,少慎重,超回避,超仲間,少現実,ムードメーカー,明るく場を和ませる,活動的で少し用心深く、対立を徹底的に避ける性格,自己犠牲精神で現実的な側面を考慮する
外向,少慎重,超回避,超仲間,少理想,ムードメーカー,明るく場を和ませる,活動的で少し用心深く、対立を徹底的に避ける性格,自己犠牲精神で夢見がち
外向,少慎重,超回避,超仲間,理想,ムードメーカー,明るく場を和ませる,活動的で少し用心深く、対立を徹底的に避ける性格,自己犠牲精神で理想的
外向,少慎重,超回避,超仲間,超理想,ムードメーカー,明るく場を和ませる,活動的で少し用心深く、対立を徹底的に避ける性格,自己犠牲精神で地に足がついていない
外向,少慎重,回避,孤高,超現実,ムードメーカー,明るく場を和ませる,活動的で少し用心深く、直接的な対応を好まない性格,孤高の存在で超現実主義
外向,少慎重,回避,孤高,現実,ムードメーカー,明るく場を和ませる,活動的で少し用心深く、直接的な対応を好まない性格,孤高の存在で現実主義
外向,少慎重,回避,孤高,少現実,ムードメーカー,明るく場を和ませる,活動的で少し用心深く、直接的な対応を好まない性格,孤高の存在で現実的な側面を考慮する
外向,少慎重,回避,孤高,少理想,ムードメーカー,明るく場を和ませる,活動的で少し用心深く、直接的な対応を好まない性格,孤高の存在で夢見がち
外向,少慎重,回避,孤高,理想,ムードメーカー,明るく場を和ませる,活動的で少し用心深く、直接的な対応を好まない性格,孤高の存在で理想的
外向,少慎重,回避,孤高,超理想,ムードメーカー,明るく場を和ませる,活動的で少し用心深く、直接的な対応を好まない性格,孤高の存在で地に足がついていない
外向,少慎重,回避,一匹狼,超現実,ムードメーカー,明るく場を和ませる,活動的で少し用心深く、直接的な対応を好まない性格,一匹狼で超現実主義
外向,少慎重,回避,一匹狼,現実,ムードメーカー,明るく場を和ませる,活動的で少し用心深く、直接的な対応を好まない性格,一匹狼で現実主義
外向,少慎重,回避,一匹狼,少現実,ムードメーカー,明るく場を和ませる,活動的で少し用心深く、直接的な対応を好まない性格,一匹狼で現実的な側面を考慮する
外向,少慎重,回避,一匹狼,少理想,ムードメーカー,明るく場を和ませる,活動的で少し用心深く、直接的な対応を好まない性格,一匹狼で夢見がち
外向,少慎重,回避,一匹狼,理想,ムードメーカー,明るく場を和ませる,活動的で少し用心深く、直接的な対応を好まない性格,一匹狼で理想的
外向,少慎重,回避,一匹狼,超理想,ムードメーカー,明るく場を和ませる,活動的で少し用心深く、直接的な対応を好まない性格,一匹狼で地に足がついていない
外向,少慎重,回避,少孤独,超現実,ムードメーカー,明るく場を和ませる,活動的で少し用心深く、直接的な対応を好まない性格,自由主義で超現実主義
外向,少慎重,回避,少孤独,現実,ムードメーカー,明るく場を和ませる,活動的で少し用心深く、直接的な対応を好まない性格,自由主義で現実主義
外向,少慎重,回避,少孤独,少現実,ムードメーカー,明るく場を和ませる,活動的で少し用心深く、直接的な対応を好まない性格,自由主義で現実的な側面を考慮する
外向,少慎重,回避,少孤独,少理想,ムードメーカー,明るく場を和ませる,活動的で少し用心深く、直接的な対応を好まない性格,自由主義で夢見がち
外向,少慎重,回避,少孤独,理想,ムードメーカー,明るく場を和ませる,活動的で少し用心深く、直接的な対応を好まない性格,自由主義で理想的
外向,少慎重,回避,少孤独,超理想,ムードメーカー,明るく場を和ませる,活動的で少し用心深く、直接的な対応を好まない性格,自由主義で地に足がついていない
外向,少慎重,回避,少仲間,超現実,ムードメーカー,明るく場を和ませる,活動的で少し用心深く、直接的な対応を好まない性格,温厚で超現実主義
外向,少慎重,回避,少仲間,現実,ムードメーカー,明るく場を和ませる,活動的で少し用心深く、直接的な対応を好まない性格,温厚で現実主義
外向,少慎重,回避,少仲間,少現実,ムードメーカー,明るく場を和ませる,活動的で少し用心深く、直接的な対応を好まない性格,温厚で現実的な側面を考慮する
外向,少慎重,回避,少仲間,少理想,ムードメーカー,明るく場を和ませる,活動的で少し用心深く、直接的な対応を好まない性格,温厚で夢見がち
外向,少慎重,回避,少仲間,理想,ムードメーカー,明るく場を和ませる,活動的で少し用心深く、直接的な対応を好まない性格,温厚で理想的
外向,少慎重,回避,少仲間,超理想,ムードメーカー,明るく場を和ませる,活動的で少し用心深く、直接的な対応を好まない性格,温厚で地に足がついていない
外向,少慎重,回避,仲間派,超現実,ムードメーカー,明るく場を和ませる,活動的で少し用心深く、直接的な対応を好まない性格,仲間思いで超現実主義
外向,少慎重,回避,仲間派,現実,ムードメーカー,明るく場を和ませる,活動的で少し用心深く、直接的な対応を好まない性格,仲間思いで現実主義
外向,少慎重,回避,仲間派,少現実,ムードメーカー,明るく場を和ませる,活動的で少し用心深く、直接的な対応を好まない性格,仲間思いで現実的な側面を考慮する
外向,少慎重,回避,仲間派,少理想,ムードメーカー,明るく場を和ませる,活動的で少し用心深く、直接的な対応を好まない性格,仲間思いで夢見がち
外向,少慎重,回避,仲間派,理想,ムードメーカー,明るく場を和ませる,活動的で少し用心深く、直接的な対応を好まない性格,仲間思いで理想的
外向,少慎重,回避,仲間派,超理想,ムードメーカー,明るく場を和ませる,活動的で少し用心深く、直接的な対応を好まない性格,仲間思いで地に足がついていない
外向,少慎重,回避,超仲間,超現実,ムードメーカー,明るく場を和ませる,活動的で少し用心深く、直接的な対応を好まない性格,自己犠牲精神で超現実主義
外向,少慎重,回避,超仲間,現実,ムードメーカー,明るく場を和ませる,活動的で少し用心深く、直接的な対応を好まない性格,自己犠牲精神で現実主義
外向,少慎重,回避,超仲間,少現実,ムードメーカー,明るく場を和ませる,活動的で少し用心深く、直接的な対応を好まない性格,自己犠牲精神で現実的な側面を考慮する
外向,少慎重,回避,超仲間,少理想,ムードメーカー,明るく場を和ませる,活動的で少し用心深く、直接的な対応を好まない性格,自己犠牲精神で夢見がち
外向,少慎重,回避,超仲間,理想,ムードメーカー,明るく場を和ませる,活動的で少し用心深く、直接的な対応を好まない性格,自己犠牲精神で理想的
外向,少慎重,回避,超仲間,超理想,ムードメーカー,明るく場を和ませる,活動的で少し用心深く、直接的な対応を好まない性格,自己犠牲精神で地に足がついていない
外向,少慎重,少回避,孤高,超現実,調整役,周囲を見てバランスを取る人,活動的で少し用心深く、争いごとを好まない性格,孤高の存在で超現実主義
外向,少慎重,少回避,孤高,現実,調整役,周囲を見てバランスを取る人,活動的で少し用心深く、争いごとを好まない性格,孤高の存在で現実主義
外向,少慎重,少回避,孤高,少現実,調整役,周囲を見てバランスを取る人,活動的で少し用心深く、争いごとを好まない性格,孤高の存在で現実的な側面を考慮する
外向,少慎重,少回避,孤高,少理想,調整役,周囲を見てバランスを取る人,活動的で少し用心深く、争いごとを好まない性格,孤高の存在で夢見がち
外向,少慎重,少回避,孤高,理想,情熱家,夢と理想に燃える人物,活動的で少し用心深く、争いごとを好まない性格,孤高の存在で理想的
外向,少慎重,少回避,孤高,超理想,情熱家,夢と理想に燃える人物,活動的で少し用心深く、争いごとを好まない性格,孤高の存在で地に足がついていない
外向,少慎重,少回避,一匹狼,超現実,調整役,周囲を見てバランスを取る人,活動的で少し用心深く、争いごとを好まない性格,一匹狼で超現実主義
外向,少慎重,少回避,一匹狼,現実,調整役,周囲を見てバランスを取る人,活動的で少し用心深く、争いごとを好まない性格,一匹狼で現実主義
外向,少慎重,少回避,一匹狼,少現実,調整役,周囲を見てバランスを取る人,活動的で少し用心深く、争いごとを好まない性格,一匹狼で現実的な側面を考慮する
外向,少慎重,少回避,一匹狼,少理想,調整役,周囲を見てバランスを取る人,活動的で少し用心深く、争いごとを好まない性格,一匹狼で夢見がち
外向,少慎重,少回避,一匹狼,理想,情熱家,夢と理想に燃える人物,活動的で少し用心深く、争いごとを好まない性格,一匹狼で理想的
外向,少慎重,少回避,一匹狼,超理想,情熱家,夢と理想に燃える人物,活動的で少し用心深く、争いごとを好まない性格,一匹狼で地に足がついていない
外向,少慎重,少回避,少孤独,超現実,調整役,周囲を見てバランスを取る人,活動的で少し用心深く、争いごとを好まない性格,自由主義で超現実主義
外向,少慎重,少回避,少孤独,現実,調整役,周囲を見てバランスを取る人,活動的で少し用心深く、争いごとを好まない性格,自由主義で現実主義
外向,少慎重,少回避,少孤独,少現実,調整役,周囲を見てバランスを取る人,活動的で少し用心深く、争いごとを好まない性格,自由主義で現実的な側面を考慮する
外向,少慎重,少回避,少孤独,少理想,調整役,周囲を見てバランスを取る人,活動的で少し用心深く、争いごとを好まない性格,自由主義で夢見がち
外向,少慎重,少回避,少孤独,理想,情熱家,夢と理想に燃える人物,活動的で少し用心深く、争いごとを好まない性格,自由主義で理想的
外向,少慎重,少回避,少孤独,超理想,情熱家,夢と理想に燃える人物,活動的で少し用心深く、争いごとを好まない性格,自由主義で地に足がついていない
外向,少慎重,少回避,少仲間,超現実,調整役,周囲を見てバランスを取る人,活動的で少し用心深く、争いごとを好まない性格,温厚で超現実主義
外向,少慎重,少回避,少仲間,現実,調整役,周囲を見てバランスを取る人,活動的で少し用心深く、争いごとを好まない性格,温厚で現実主義
外向,少慎重,少回避,少仲間,少現実,調整役,周囲を見てバランスを取る人,活動的で少し用心深く、争いごとを好まない性格,温厚で現実的な側面を考慮する
外向,少慎重,少回避,少仲間,少理想,調整役,周囲を見てバランスを取る人,活動的で少し用心深く、争いごとを好まない性格,温厚で夢見がち
外向,少慎重,少回避,少仲間,理想,情熱家,夢と理想に燃える人物,活動的で少し用心深く、争いごとを好まない性格,温厚で理想的
外向,少慎重,少回避,少仲間,超理想,情熱家,夢と理想に燃える人物,活動的で少し用心深く、争いごとを好まない性格,温厚で地に足がついていない
外向,少慎重,少回避,仲間派,超現実,守護者,仲間を守る頼れる存在,活動的で少し用心深く、争いごとを好まない性格,仲間思いで超現実主義
外向,少慎重,少回避,仲間派,現実,守護者,仲間を守る頼れる存在,活動的で少し用心深く、争いごとを好まない性格,仲間思いで現実主義
外向,少慎重,少回避,仲間派,少現実,守護者,仲間を守る頼れる存在,活動的で少し用心深く、争いごとを好まない性格,仲間思いで現実的な側面を考慮する
外向,少慎重,少回避,仲間派,少理想,守護者,仲間を守る頼れる存在,活動的で少し用心深く、争いごとを好まない性格,仲間思いで夢見がち
外向,少慎重,少回避,仲間派,理想,守護者,仲間を守る頼れる存在,活動的で少し用心深く、争いごとを好まない性格,仲間思いで理想的
外向,少慎重,少回避,仲間派,超理想,守護者,仲間を守る頼れる存在,活動的で少し用心深く、争いごとを好まない性格,仲間思いで地に足がついていない
外向,少慎重,少回避,超仲間,超現実,守護者,仲間を守る頼れる存在,活動的で少し用心深く、争いごとを好まない性格,自己犠牲精神で超現実主義
外向,少慎重,少回避,超仲間,現実,守護者,仲間を守る頼れる存在,活動的で少し用心深く、争いごとを好まない性格,自己犠牲精神で現実主義
外向,少慎重,少回避,超仲間,少現実,守護者,仲間を守る頼れる存在,活動的で少し用心深く、争いごとを好まない性格,自己犠牲精神で現実的な側面を考慮する
外向,少慎重,少回避,超仲間,少理想,守護者,仲間を守る頼れる存在,活動的で少し用心深く、争いごとを好まない性格,自己犠牲精神で夢見がち
外向,少慎重,少回避,超仲間,理想,守護者,仲間を守る頼れる存在,活動的で少し用心深く、争いごとを好まない性格,自己犠牲精神で理想的
外向,少慎重,少回避,超仲間,超理想,守護者,仲間を守る頼れる存在,活動的で少し用心深く、争いごとを好まない性格,自己犠牲精神で地に足がついていない
外向,少慎重,少挑戦,孤高,超現実,調整役,周囲を見てバランスを取る人,活動的で少し用心深く、探求心がある性格,孤高の存在で超現実主義
外向,少慎重,少挑戦,孤高,現実,調整役,周囲を見てバランスを取る人,活動的で少し用心深く、探求心がある性格,孤高の存在で現実主義
外向,少慎重,少挑戦,孤高,少現実,調整役,周囲を見てバランスを取る人,活動的で少し用心深く、探求心がある性格,孤高の存在で現実的な側面を考慮する
外向,少慎重,少挑戦,孤高,少理想,調整役,周囲を見てバランスを取る人,活動的で少し用心深く、探求心がある性格,孤高の存在で夢見がち
外向,少慎重,少挑戦,孤高,理想,情熱家,夢と理想に燃える人物,活動的で少し用心深く、探求心がある性格,孤高の存在で理想的
外向,少慎重,少挑戦,孤高,超理想,情熱家,夢と理想に燃える人物,活動的で少し用心深く、探求心がある性格,孤高の存在で地に足がついていない
外向,少慎重,少挑戦,一匹狼,超現実,調整役,周囲を見てバランスを取る人,活動的で少し用心深く、探求心がある性格,一匹狼で超現実主義
外向,少慎重,少挑戦,一匹狼,現実,調整役,周囲を見てバランスを取る人,活動的で少し用心深く、探求心がある性格,一匹狼で現実主義
外向,少慎重,少挑戦,一匹狼,少現実,調整役,周囲を見てバランスを取る人,活動的で少し用心深く、探求心がある性格,一匹狼で現実的な側面を考慮する
外向,少慎重,少挑戦,一匹狼,少理想,調整役,周囲を見てバランスを取る人,活動的で少し用心深く、探求心がある性格,一匹狼で夢見がち
外向,少慎重,少挑戦,一匹狼,理想,情熱家,夢と理想に燃える人物,活動的で少し用心深く、探求心がある性格,一匹狼で理想的
外向,少慎重,少挑戦,一匹狼,超理想,情熱家,夢と理想に燃える人物,活動的で少し用心深く、探求心がある性格,一匹狼で地に足がついていない
外向,少慎重,少挑戦,少孤独,超現実,調整役,周囲を見てバランスを取る人,活動的で少し用心深く、探求心がある性格,自由主義で超現実主義
外向,少慎重,少挑戦,少孤独,現実,調整役,周囲を見てバランスを取る人,活動的で少し用心深く、探求心がある性格,自由主義で現実主義
外向,少慎重,少挑戦,少孤独,少現実,調整役,周囲を見てバランスを取る人,活動的で少し用心深く、探求心がある性格,自由主義で現実的な側面を考慮する
外向,少慎重,少挑戦,少孤独,少理想,調整役,周囲を見てバランスを取る人,活動的で少し用心深く、探求心がある性格,自由主義で夢見がち
外向,少慎重,少挑戦,少孤独,理想,情熱家,夢と理想に燃える人物,活動的で少し用心深く、探求心がある性格,自由主義で理想的
外向,少慎重,少挑戦,少孤独,超理想,情熱家,夢と理想に燃える人物,活動的で少し用心深く、探求心がある性格,自由主義で地に足がついていない
外向,少慎重,少挑戦,少仲間,超現実,調整役,周囲を見てバランスを取る人,活動的で少し用心深く、探求心がある性格,温厚で超現実主義
外向,少慎重,少挑戦,少仲間,現実,調整役,周囲を見てバランスを取る人,活動的で少し用心深く、探求心がある性格,温厚で現実主義
外向,少慎重,少挑戦,少仲間,少現実,調整役,周囲を見てバランスを取る人,活動的で少し用心深く、探求心がある性格,温厚で現実的な側面を考慮する
外向,少慎重,少挑戦,少仲間,少理想,調整役,周囲を見てバランスを取る人,活動的で少し用心深く、探求心がある性格,温厚で夢見がち
外向,少慎重,少挑戦,少仲間,理想,情熱家,夢と理想に燃える人物,活動的で少し用心深く、探求心がある性格,温厚で理想的
外向,少慎重,少挑戦,少仲間,超理想,情熱家,夢と理想に燃える人物,活動的で少し用心深く、探求心がある性格,温厚で地に足がついていない
外向,少慎重,少挑戦,仲間派,超現実,調整役,周囲を見てバランスを取る人,活動的で少し用心深く、探求心がある性格,仲間思いで超現実主義
外向,少慎重,少挑戦,仲間派,現実,調整役,周囲を見てバランスを取る人,活動的で少し用心深く、探求心がある性格,仲間思いで現実主義
外向,少慎重,少挑戦,仲間派,少現実,調整役,周囲を見てバランスを取る人,活動的で少し用心深く、探求心がある性格,仲間思いで現実的な側面を考慮する
外向,少慎重,少挑戦,仲間派,少理想,調整役,周囲を見てバランスを取る人,活動的で少し用心深く、探求心がある性格,仲間思いで夢見がち
外向,少慎重,少挑戦,仲間派,理想,情熱家,夢と理想に燃える人物,活動的で少し用心深く、探求心がある性格,仲間思いで理想的
外向,少慎重,少挑戦,仲間派,超理想,情熱家,夢と理想に燃える人物,活動的で少し用心深く、探求心がある性格,仲間思いで地に足がついていない
外向,少慎重,少挑戦,超仲間,超現実,調整役,周囲を見てバランスを取る人,活動的で少し用心深く、探求心がある性格,自己犠牲精神で超現実主義
外向,少慎重,少挑戦,超仲間,現実,調整役,周囲を見てバランスを取る人,活動的で少し用心深く、探求心がある性格,自己犠牲精神で現実主義
外向,少慎重,少挑戦,超仲間,少現実,調整役,周囲を見てバランスを取る人,活動的で少し用心深く、探求心がある性格,自己犠牲精神で現実的な側面を考慮する
外向,少慎重,少挑戦,超仲間,少理想,調整役,周囲を見てバランスを取る人,活動的で少し用心深く、探求心がある性格,自己犠牲精神で夢見がち
外向,少慎重,少挑戦,超仲間,理想,情熱家,夢と理想に燃える人物,活動的で少し用心深く、探求心がある性格,自己犠牲精神で理想的
外向,少慎重,少挑戦,超仲間,超理想,情熱家,夢と理想に燃える人物,活動的で少し用心深く、探求心がある性格,自己犠牲精神で地に足がついていない
外向,少慎重,挑戦,孤高,超現実,孤高の戦士,誰にも頼らず突き進む,活動的で少し用心深く、挑戦的な性格,孤高の存在で超現実主義
外向,少慎重,挑戦,孤高,現実,孤高の戦士,誰にも頼らず突き進む,活動的で少し用心深く、挑戦的な性格,孤高の存在で現実主義
外向,少慎重,挑戦,孤高,少現実,調整役,周囲を見てバランスを取る人,活動的で少し用心深く、挑戦的な性格,孤高の存在で現実的な側面を考慮する
外向,少慎重,挑戦,孤高,少理想,調整役,周囲を見てバランスを取る人,活動的で少し用心深く、挑戦的な性格,孤高の存在で夢見がち
外向,少慎重,挑戦,孤高,理想,情熱家,夢と理想に燃える人物,活動的で少し用心深く、挑戦的な性格,孤高の存在で理想的
外向,少慎重,挑戦,孤高,超理想,情熱家,夢と理想に燃える人物,活動的で少し用心深く、挑戦的な性格,孤高の存在で地に足がついていない
外向,少慎重,挑戦,一匹狼,超現実,孤高の戦士,誰にも頼らず突き進む,活動的で少し用心深く、挑戦的な性格,一匹狼で超現実主義
外向,少慎重,挑戦,一匹狼,現実,孤高の戦士,誰にも頼らず突き進む,活動的で少し用心深く、挑戦的な性格,一匹狼で現実主義
外向,少慎重,挑戦,一匹狼,少現実,調整役,周囲を見てバランスを取る人,活動的で少し用心深く、挑戦的な性格,一匹狼で現実的な側面を考慮する
外向,少慎重,挑戦,一匹狼,少理想,調整役,周囲を見てバランスを取る人,活動的で少し用心深く、挑戦的な性格,一匹狼で夢見がち
外向,少慎重,挑戦,一匹狼,理想,情熱家,夢と理想に燃える人物,活動的で少し用心深く、挑戦的な性格,一匹狼で理想的
外向,少慎重,挑戦,一匹狼,超理想,情熱家,夢と理想に燃える人物,活動的で少し用心深く、挑戦的な性格,一匹狼で地に足がついていない
外向,少慎重,挑戦,少孤独,超現実,調整役,周囲を見てバランスを取る人,活動的で少し用心深く、挑戦的な性格,自由主義で超現実主義
外向,少慎重,挑戦,少孤独,現実,調整役,周囲を見てバランスを取る人,活動的で少し用心深く、挑戦的な性格,自由主義で現実主義
外向,少慎重,挑戦,少孤独,少現実,調整役,周囲を見てバランスを取る人,活動的で少し用心深く、挑戦的な性格,自由主義で現実的な側面を考慮する
外向,少慎重,挑戦,少孤独,少理想,調整役,周囲を見てバランスを取る人,活動的で少し用心深く、挑戦的な性格,自由主義で夢見がち
外向,少慎重,挑戦,少孤独,理想,情熱家,夢と理想に燃える人物,活動的で少し用心深く、挑戦的な性格,自由主義で理想的
外向,少慎重,挑戦,少孤独,超理想,情熱家,夢と理想に燃える人物,活動的で少し用心深く、挑戦的な性格,自由主義で地に足がついていない
外向,少慎重,挑戦,少仲間,超現実,調整役,周囲を見てバランスを取る人,活動的で少し用心深く、挑戦的な性格,温厚で超現実主義
外向,少慎重,挑戦,少仲間,現実,調整役,周囲を見てバランスを取る人,活動的で少し用心深く、挑戦的な性格,温厚で現実主義
外向,少慎重,挑戦,少仲間,少現実,調整役,周囲を見てバランスを取る人,活動的で少し用心深く、挑戦的な性格,温厚で現実的な側面を考慮する
外向,少慎重,挑戦,少仲間,少理想,調整役,周囲を見てバランスを取る人,活動的で少し用心深く、挑戦的な性格,温厚で夢見がち
外向,少慎重,挑戦,少仲間,理想,情熱家,夢と理想に燃える人物,活動的で少し用心深く、挑戦的な性格,温厚で理想的
外向,少慎重,挑戦,少仲間,超理想,情熱家,夢と理想に燃える人物,活動的で少し用心深く、挑戦的な性格,温厚で地に足がついていない
外向,少慎重,挑戦,仲間派,超現実,調整役,周囲を見てバランスを取る人,活動的で少し用心深く、挑戦的な性格,仲間思いで超現実主義
外向,少慎重,挑戦,仲間派,現実,調整役,周囲を見てバランスを取る人,活動的で少し用心深く、挑戦的な性格,仲間思いで現実主義
外向,少慎重,挑戦,仲間派,少現実,調整役,周囲を見てバランスを取る人,活動的で少し用心深く、挑戦的な性格,仲間思いで現実的な側面を考慮する
外向,少慎重,挑戦,仲間派,少理想,調整役,周囲を見てバランスを取る人,活動的で少し用心深く、挑戦的な性格,仲間思いで夢見がち
外向,少慎重,挑戦,仲間派,理想,挑戦家,理想を掲げ挑戦を恐れない,活動的で少し用心深く、挑戦的な性格,仲間思いで理想的
外向,少慎重,挑戦,仲間派,超理想,挑戦家,理想を掲げ挑戦を恐れない,活動的で少し用心深く、挑戦的な性格,仲間思いで地に足がついていない
外向,少慎重,挑戦,超仲間,超現実,調整役,周囲を見てバランスを取る人,活動的で少し用心深く、挑戦的な性格,自己犠牲精神で超現実主義
外向,少慎重,挑戦,超仲間,現実,調整役,周囲を見てバランスを取る人,活動的で少し用心深く、挑戦的な性格,自己犠牲精神で現実主義
外向,少慎重,挑戦,超仲間,少現実,調整役,周囲を見てバランスを取る人,活動的で少し用心深く、挑戦的な性格,自己犠牲精神で現実的な側面を考慮する
外向,少慎重,挑戦,超仲間,少理想,調整役,周囲を見てバランスを取る人,活動的で少し用心深く、挑戦的な性格,自己犠牲精神で夢見がち
外向,少慎重,挑戦,超仲間,理想,挑戦家,理想を掲げ挑戦を恐れない,活動的で少し用心深く、挑戦的な性格,自己犠牲精神で理想的
外向,少慎重,挑戦,超仲間,超理想,挑戦家,理想を掲げ挑戦を恐れない,活動的で少し用心深く、挑戦的な性格,自己犠牲精神で地に足がついていない
外向,少慎重,超挑戦,孤高,超現実,孤高の戦士,誰にも頼らず突き進む,活動的で少し用心深く、果敢な性格,孤高の存在で超現実主義
外向,少慎重,超挑戦,孤高,現実,孤高の戦士,誰にも頼らず突き進む,活動的で少し用心深く、果敢な性格,孤高の存在で現実主義
外向,少慎重,超挑戦,孤高,少現実,調整役,周囲を見てバランスを取る人,活動的で少し用心深く、果敢な性格,孤高の存在で現実的な側面を考慮する
外向,少慎重,超挑戦,孤高,少理想,調整役,周囲を見てバランスを取る人,活動的で少し用心深く、果敢な性格,孤高の存在で夢見がち
外向,少慎重,超挑戦,孤高,理想,情熱家,夢と理想に燃える人物,活動的で少し用心深く、果敢な性格,孤高の存在で理想的
外向,少慎重,超挑戦,孤高,超理想,情熱家,夢と理想に燃える人物,活動的で少し用心深く、果敢な性格,孤高の存在で地に足がついていない
外向,少慎重,超挑戦,一匹狼,超現実,孤高の戦士,誰にも頼らず突き進む,活動的で少し用心深く、果敢な性格,一匹狼で超現実主義
外向,少慎重,超挑戦,一匹狼,現実,孤高の戦士,誰にも頼らず突き進む,活動的で少し用心深く、果敢な性格,一匹狼で現実主義
外向,少慎重,超挑戦,一匹狼,少現実,調整役,周囲を見てバランスを取る人,活動的で少し用心深く、果敢な性格,一匹狼で現実的な側面を考慮する
外向,少慎重,超挑戦,一匹狼,少理想,調整役,周囲を見てバランスを取る人,活動的で少し用心深く、果敢な性格,一匹狼で夢見がち
外向,少慎重,超挑戦,一匹狼,理想,情熱家,夢と理想に燃える人物,活動的で少し用心深く、果敢な性格,一匹狼で理想的
外向,少慎重,超挑戦,一匹狼,超理想,情熱家,夢と理想に燃える人物,活動的で少し用心深く、果敢な性格,一匹狼で地に足がついていない
外向,少慎重,超挑戦,少孤独,超現実,調整役,周囲を見てバランスを取る人,活動的で少し用心深く、果敢な性格,自由主義で超現実主義
外向,少慎重,超挑戦,少孤独,現実,調整役,周囲を見てバランスを取る人,活動的で少し用心深く、果敢な性格,自由主義で現実主義
外向,少慎重,超挑戦,少孤独,少現実,調整役,周囲を見てバランスを取る人,活動的で少し用心深く、果敢な性格,自由主義で現実的な側面を考慮する
外向,少慎重,超挑戦,少孤独,少理想,調整役,周囲を見てバランスを取る人,活動的で少し用心深く、果敢な性格,自由主義で夢見がち
外向,少慎重,超挑戦,少孤独,理想,情熱家,夢と理想に燃える人物,活動的で少し用心深く、果敢な性格,自由主義で理想的
外向,少慎重,超挑戦,少孤独,超理想,情熱家,夢と理想に燃える人物,活動的で少し用心深く、果敢な性格,自由主義で地に足がついていない
外向,少慎重,超挑戦,少仲間,超現実,調整役,周囲を見てバランスを取る人,活動的で少し用心深く、果敢な性格,温厚で超現実主義
外向,少慎重,超挑戦,少仲間,現実,調整役,周囲を見てバランスを取る人,活動的で少し用心深く、果敢な性格,温厚で現実主義
外向,少慎重,超挑戦,少仲間,少現実,調整役,周囲を見てバランスを取る人,活動的で少し用心深く、果敢な性格,温厚で現実的な側面を考慮する
外向,少慎重,超挑戦,少仲間,少理想,調整役,周囲を見てバランスを取る人,活動的で少し用心深く、果敢な性格,温厚で夢見がち
外向,少慎重,超挑戦,少仲間,理想,情熱家,夢と理想に燃える人物,活動的で少し用心深く、果敢な性格,温厚で理想的
外向,少慎重,超挑戦,少仲間,超理想,情熱家,夢と理想に燃える人物,活動的で少し用心深く、果敢な性格,温厚で地に足がついていない
外向,少慎重,超挑戦,仲間派,超現実,調整役,周囲を見てバランスを取る人,活動的で少し用心深く、果敢な性格,仲間思いで超現実主義
外向,少慎重,超挑戦,仲間派,現実,調整役,周囲を見てバランスを取る人,活動的で少し用心深く、果敢な性格,仲間思いで現実主義
外向,少慎重,超挑戦,仲間派,少現実,調整役,周囲を見てバランスを取る人,活動的で少し用心深く、果敢な性格,仲間思いで現実的な側面を考慮する
外向,少慎重,超挑戦,仲間派,少理想,調整役,周囲を見てバランスを取る人,活動的で少し用心深く、果敢な性格,仲間思いで夢見がち
外向,少慎重,超挑戦,仲間派,理想,挑戦家,理想を掲げ挑戦を恐れない,活動的で少し用心深く、果敢な性格,仲間思いで理想的
外向,少慎重,超挑戦,仲間派,超理想,挑戦家,理想を掲げ挑戦を恐れない,活動的で少し用心深く、果敢な性格,仲間思いで地に足がついていない
外向,少慎重,超挑戦,超仲間,超現実,調整役,周囲を見てバランスを取る人,活動的で少し用心深く、果敢な性格,自己犠牲精神で超現実主義
外向,少慎重,超挑戦,超仲間,現実,調整役,周囲を見てバランスを取る人,活動的で少し用心深く、果敢な性格,自己犠牲精神で現実主義
外向,少慎重,超挑戦,超仲間,少現実,調整役,周囲を見てバランスを取る人,活動的で少し用心深く、果敢な性格,自己犠牲精神で現実的な側面を考慮する
外向,少慎重,超挑戦,超仲間,少理想,調整役,周囲を見てバランスを取る人,活動的で少し用心深く、果敢な性格,自己犠牲精神で夢見がち
外向,少慎重,超挑戦,超仲間,理想,挑戦家,理想を掲げ挑戦を恐れない,活動的で少し用心深く、果敢な性格,自己犠牲精神で理想的
外向,少慎重,超挑戦,超仲間,超理想,挑戦家,理想を掲げ挑戦を恐れない,活動的で少し用心深く、果敢な性格,自己犠牲精神で地に足がついていない
外向,少即決,超回避,孤高,超現実,ムードメーカー,明るく場を和ませる,活動的で少しせっかちな面があり、対立を徹底的に避ける性格,孤高の存在で超現実主義
外向,少即決,超回避,孤高,現実,ムードメーカー,明るく場を和ませる,活動的で少しせっかちな面があり、対立を徹底的に避ける性格,孤高の存在で現実主義
外向,少即決,超回避,孤高,少現実,ムードメーカー,明るく場を和ませる,活動的で少しせっかちな面があり、対立を徹底的に避ける性格,孤高の存在で現実的な側面を考慮する
外向,少即決,超回避,孤高,少理想,ムードメーカー,明るく場を和ませる,活動的で少しせっかちな面があり、対立を徹底的に避ける性格,孤高の存在で夢見がち
外向,少即決,超回避,孤高,理想,ムードメーカー,明るく場を和ませる,活動的で少しせっかちな面があり、対立を徹底的に避ける性格,孤高の存在で理想的
外向,少即決,超回避,孤高,超理想,ムードメーカー,明るく場を和ませる,活動的で少しせっかちな面があり、対立を徹底的に避ける性格,孤高の存在で地に足がついていない
外向,少即決,超回避,一匹狼,超現実,ムードメーカー,明るく場を和ませる,活動的で少しせっかちな面があり、対立を徹底的に避ける性格,一匹狼で超現実主義
外向,少即決,超回避,一匹狼,現実,ムードメーカー,明るく場を和ませる,活動的で少しせっかちな面があり、対立を徹底的に避ける性格,一匹狼で現実主義
外向,少即決,超回避,一匹狼,少現実,ムードメーカー,明るく場を和ませる,活動的で少しせっかちな面があり、対立を徹底的に避ける性格,一匹狼で現実的な側面を考慮する
外向,少即決,超回避,一匹狼,少理想,ムードメーカー,明るく場を和ませる,活動的で少しせっかちな面があり、対立を徹底的に避ける性格,一匹狼で夢見がち
外向,少即決,超回避,一匹狼,理想,ムードメーカー,明るく場を和ませる,活動的で少しせっかちな面があり、対立を徹底的に避ける性格,一匹狼で理想的
外向,少即決,超回避,一匹狼,超理想,ムードメーカー,明るく場を和ませる,活動的で少しせっかちな面があり、対立を徹底的に避ける性格,一匹狼で地に足がついていない
外向,少即決,超回避,少孤独,超現実,ムードメーカー,明るく場を和ませる,活動的で少しせっかちな面があり、対立を徹底的に避ける性格,自由主義で超現実主義
外向,少即決,超回避,少孤独,現実,ムードメーカー,明るく場を和ませる,活動的で少しせっかちな面があり、対立を徹底的に避ける性格,自由主義で現実主義
外向,少即決,超回避,少孤独,少現実,ムードメーカー,明るく場を和ませる,活動的で少しせっかちな面があり、対立を徹底的に避ける性格,自由主義で現実的な側面を考慮する
外向,少即決,超回避,少孤独,少理想,ムードメーカー,明るく場を和ませる,活動的で少しせっかちな面があり、対立を徹底的に避ける性格,自由主義で夢見がち
外向,少即決,超回避,少孤独,理想,ムードメーカー,明るく場を和ませる,活動的で少しせっかちな面があり、対立を徹底的に避ける性格,自由主義で理想的
外向,少即決,超回避,少孤独,超理想,ムードメーカー,明るく場を和ませる,活動的で少しせっかちな面があり、対立を徹底的に避ける性格,自由主義で地に足がついていない
外向,少即決,超回避,少仲間,超現実,ムードメーカー,明るく場を和ませる,活動的で少しせっかちな面があり、対立を徹底的に避ける性格,温厚で超現実主義
外向,少即決,超回避,少仲間,現実,ムードメーカー,明るく場を和ませる,活動的で少しせっかちな面があり、対立を徹底的に避ける性格,温厚で現実主義
外向,少即決,超回避,少仲間,少現実,ムードメーカー,明るく場を和ませる,活動的で少しせっかちな面があり、対立を徹底的に避ける性格,温厚で現実的な側面を考慮する
外向,少即決,超回避,少仲間,少理想,ムードメーカー,明るく場を和ませる,活動的で少しせっかちな面があり、対立を徹底的に避ける性格,温厚で夢見がち
外向,少即決,超回避,少仲間,理想,ムードメーカー,明るく場を和ませる,活動的で少しせっかちな面があり、対立を徹底的に避ける性格,温厚で理想的
外向,少即決,超回避,少仲間,超理想,ムードメーカー,明るく場を和ませる,活動的で少しせっかちな面があり、対立を徹底的に避ける性格,温厚で地に足がついていない
外向,少即決,超回避,仲間派,超現実,ムードメーカー,明るく場を和ませる,活動的で少しせっかちな面があり、対立を徹底的に避ける性格,仲間思いで超現実主義
外向,少即決,超回避,仲間派,現実,ムードメーカー,明るく場を和ませる,活動的で少しせっかちな面があり、対立を徹底的に避ける性格,仲間思いで現実主義
外向,少即決,超回避,仲間派,少現実,ムードメーカー,明るく場を和ませる,活動的で少しせっかちな面があり、対立を徹底的に避ける性格,仲間思いで現実的な側面を考慮する
外向,少即決,超回避,仲間派,少理想,ムードメーカー,明るく場を和ませる,活動的で少しせっかちな面があり、対立を徹底的に避ける性格,仲間思いで夢見がち
外向,少即決,超回避,仲間派,理想,ムードメーカー,明るく場を和ませる,活動的で少しせっかちな面があり、対立を徹底的に避ける性格,仲間思いで理想的
外向,少即決,超回避,仲間派,超理想,ムードメーカー,明るく場を和ませる,活動的で少しせっかちな面があり、対立を徹底的に避ける性格,仲間思いで地に足がついていない
外向,少即決,超回避,超仲間,超現実,ムードメーカー,明るく場を和ませる,活動的で少しせっかちな面があり、対立を徹底的に避ける性格,自己犠牲精神で超現実主義
外向,少即決,超回避,超仲間,現実,ムードメーカー,明るく場を和ませる,活動的で少しせっかちな面があり、対立を徹底的に避ける性格,自己犠牲精神で現実主義
外向,少即決,超回避,超仲間,少現実,ムードメーカー,明るく場を和ませる,活動的で少しせっかちな面があり、対立を徹底的に避ける性格,自己犠牲精神で現実的な側面を考慮する
外向,少即決,超回避,超仲間,少理想,ムードメーカー,明るく場を和ませる,活動的で少しせっかちな面があり、対立を徹底的に避ける性格,自己犠牲精神で夢見がち
外向,少即決,超回避,超仲間,理想,ムードメーカー,明るく場を和ませる,活動的で少しせっかちな面があり、対立を徹底的に避ける性格,自己犠牲精神で理想的
外向,少即決,超回避,超仲間,超理想,ムードメーカー,明るく場を和ませる,活動的で少しせっかちな面があり、対立を徹底的に避ける性格,自己犠牲精神で地に足がついていない
外向,少即決,回避,孤高,超現実,ムードメーカー,明るく場を和ませる,活動的で少しせっかちな面があり、直接的な対応を好まない性格,孤高の存在で超現実主義
外向,少即決,回避,孤高,現実,ムードメーカー,明るく場を和ませる,活動的で少しせっかちな面があり、直接的な対応を好まない性格,孤高の存在で現実主義
外向,少即決,回避,孤高,少現実,ムードメーカー,明るく場を和ませる,活動的で少しせっかちな面があり、直接的な対応を好まない性格,孤高の存在で現実的な側面を考慮する
外向,少即決,回避,孤高,少理想,ムードメーカー,明るく場を和ませる,活動的で少しせっかちな面があり、直接的な対応を好まない性格,孤高の存在で夢見がち
外向,少即決,回避,孤高,理想,ムードメーカー,明るく場を和ませる,活動的で少しせっかちな面があり、直接的な対応を好まない性格,孤高の存在で理想的
外向,少即決,回避,孤高,超理想,ムードメーカー,明るく場を和ませる,活動的で少しせっかちな面があり、直接的な対応を好まない性格,孤高の存在で地に足がついていない
外向,少即決,回避,一匹狼,超現実,ムードメーカー,明るく場を和ませる,活動的で少しせっかちな面があり、直接的な対応を好まない性格,一匹狼で超現実主義
外向,少即決,回避,一匹狼,現実,ムードメーカー,明るく場を和ませる,活動的で少しせっかちな面があり、直接的な対応を好まない性格,一匹狼で現実主義
外向,少即決,回避,一匹狼,少現実,ムードメーカー,明るく場を和ませる,活動的で少しせっかちな面があり、直接的な対応を好まない性格,一匹狼で現実的な側面を考慮する
外向,少即決,回避,一匹狼,少理想,ムードメーカー,明るく場を和ませる,活動的で少しせっかちな面があり、直接的な対応を好まない性格,一匹狼で夢見がち
外向,少即決,回避,一匹狼,理想,ムードメーカー,明るく場を和ませる,活動的で少しせっかちな面があり、直接的な対応を好まない性格,一匹狼で理想的
外向,少即決,回避,一匹狼,超理想,ムードメーカー,明るく場を和ませる,活動的で少しせっかちな面があり、直接的な対応を好まない性格,一匹狼で地に足がついていない
外向,少即決,回避,少孤独,超現実,ムードメーカー,明るく場を和ませる,活動的で少しせっかちな面があり、直接的な対応を好まない性格,自由主義で超現実主義
外向,少即決,回避,少孤独,現実,ムードメーカー,明るく場を和ませる,活動的で少しせっかちな面があり、直接的な対応を好まない性格,自由主義で現実主義
外向,少即決,回避,少孤独,少現実,ムードメーカー,明るく場を和ませる,活動的で少しせっかちな面があり、直接的な対応を好まない性格,自由主義で現実的な側面を考慮する
外向,少即決,回避,少孤独,少理想,ムードメーカー,明るく場を和ませる,活動的で少しせっかちな面があり、直接的な対応を好まない性格,自由主義で夢見がち
外向,少即決,回避,少孤独,理想,ムードメーカー,明るく場を和ませる,活動的で少しせっかちな面があり、直接的な対応を好まない性格,自由主義で理想的
外向,少即決,回避,少孤独,超理想,ムードメーカー,明るく場を和ませる,活動的で少しせっかちな面があり、直接的な対応を好まない性格,自由主義で地に足がついていない
外向,少即決,回避,少仲間,超現実,ムードメーカー,明るく場を和ませる,活動的で少しせっかちな面があり、直接的な対応を好まない性格,温厚で超現実主義
外向,少即決,回避,少仲間,現実,ムードメーカー,明るく場を和ませる,活動的で少しせっかちな面があり、直接的な対応を好まない性格,温厚で現実主義
外向,少即決,回避,少仲間,少現実,ムードメーカー,明るく場を和ませる,活動的で少しせっかちな面があり、直接的な対応を好まない性格,温厚で現実的な側面を考慮する
外向,少即決,回避,少仲間,少理想,ムードメーカー,明るく場を和ませる,活動的で少しせっかちな面があり、直接的な対応を好まない性格,温厚で夢見がち
外向,少即決,回避,少仲間,理想,ムードメーカー,明るく場を和ませる,活動的で少しせっかちな面があり、直接的な対応を好まない性格,温厚で理想的
外向,少即決,回避,少仲間,超理想,ムードメーカー,明るく場を和ませる,活動的で少しせっかちな面があり、直接的な対応を好まない性格,温厚で地に足がついていない
外向,少即決,回避,仲間派,超現実,ムードメーカー,明るく場を和ませる,活動的で少しせっかちな面があり、直接的な対応を好まない性格,仲間思いで超現実主義
外向,少即決,回避,仲間派,現実,ムードメーカー,明るく場を和ませる,活動的で少しせっかちな面があり、直接的な対応を好まない性格,仲間思いで現実主義
外向,少即決,回避,仲間派,少現実,ムードメーカー,明るく場を和ませる,活動的で少しせっかちな面があり、直接的な対応を好まない性格,仲間思いで現実的な側面を考慮する
外向,少即決,回避,仲間派,少理想,ムードメーカー,明るく場を和ませる,活動的で少しせっかちな面があり、直接的な対応を好まない性格,仲間思いで夢見がち
外向,少即決,回避,仲間派,理想,ムードメーカー,明るく場を和ませる,活動的で少しせっかちな面があり、直接的な対応を好まない性格,仲間思いで理想的
外向,少即決,回避,仲間派,超理想,ムードメーカー,明るく場を和ませる,活動的で少しせっかちな面があり、直接的な対応を好まない性格,仲間思いで地に足がついていない
外向,少即決,回避,超仲間,超現実,ムードメーカー,明るく場を和ませる,活動的で少しせっかちな面があり、直接的な対応を好まない性格,自己犠牲精神で超現実主義
外向,少即決,回避,超仲間,現実,ムードメーカー,明るく場を和ませる,活動的で少しせっかちな面があり、直接的な対応を好まない性格,自己犠牲精神で現実主義
外向,少即決,回避,超仲間,少現実,ムードメーカー,明るく場を和ませる,活動的で少しせっかちな面があり、直接的な対応を好まない性格,自己犠牲精神で現実的な側面を考慮する
外向,少即決,回避,超仲間,少理想,ムードメーカー,明るく場を和ませる,活動的で少しせっかちな面があり、直接的な対応を好まない性格,自己犠牲精神で夢見がち
外向,少即決,回避,超仲間,理想,ムードメーカー,明るく場を和ませる,活動的で少しせっかちな面があり、直接的な対応を好まない性格,自己犠牲精神で理想的
外向,少即決,回避,超仲間,超理想,ムードメーカー,明るく場を和ませる,活動的で少しせっかちな面があり、直接的な対応を好まない性格,自己犠牲精神で地に足がついていない
外向,少即決,少回避,孤高,超現実,調整役,周囲を見てバランスを取る人,活動的で少しせっかちな面があり、争いごとを好まない性格,孤高の存在で超現実主義
外向,少即決,少回避,孤高,現実,調整役,周囲を見てバランスを取る人,活動的で少しせっかちな面があり、争いごとを好まない性格,孤高の存在で現実主義
外向,少即決,少回避,孤高,少現実,調整役,周囲を見てバランスを取る人,活動的で少しせっかちな面があり、争いごとを好まない性格,孤高の存在で現実的な側面を考慮する
外向,少即決,少回避,孤高,少理想,調整役,周囲を見てバランスを取る人,活動的で少しせっかちな面があり、争いごとを好まない性格,孤高の存在で夢見がち
外向,少即決,少回避,孤高,理想,情熱家,夢と理想に燃える人物,活動的で少しせっかちな面があり、争いごとを好まない性格,孤高の存在で理想的
外向,少即決,少回避,孤高,超理想,情熱家,夢と理想に燃える人物,活動的で少しせっかちな面があり、争いごとを好まない性格,孤高の存在で地に足がついていない
外向,少即決,少回避,一匹狼,超現実,調整役,周囲を見てバランスを取る人,活動的で少しせっかちな面があり、争いごとを好まない性格,一匹狼で超現実主義
外向,少即決,少回避,一匹狼,現実,調整役,周囲を見てバランスを取る人,活動的で少しせっかちな面があり、争いごとを好まない性格,一匹狼で現実主義
外向,少即決,少回避,一匹狼,少現実,調整役,周囲を見てバランスを取る人,活動的で少しせっかちな面があり、争いごとを好まない性格,一匹狼で現実的な側面を考慮する
外向,少即決,少回避,一匹狼,少理想,調整役,周囲を見てバランスを取る人,活動的で少しせっかちな面があり、争いごとを好まない性格,一匹狼で夢見がち
外向,少即決,少回避,一匹狼,理想,情熱家,夢と理想に燃える人物,活動的で少しせっかちな面があり、争いごとを好まない性格,一匹狼で理想的
外向,少即決,少回避,一匹狼,超理想,情熱家,夢と理想に燃える人物,活動的で少しせっかちな面があり、争いごとを好まない性格,一匹狼で地に足がついていない
外向,少即決,少回避,少孤独,超現実,調整役,周囲を見てバランスを取る人,活動的で少しせっかちな面があり、争いごとを好まない性格,自由主義で超現実主義
外向,少即決,少回避,少孤独,現実,調整役,周囲を見てバランスを取る人,活動的で少しせっかちな面があり、争いごとを好まない性格,自由主義で現実主義
外向,少即決,少回避,少孤独,少現実,調整役,周囲を見てバランスを取る人,活動的で少しせっかちな面があり、争いごとを好まない性格,自由主義で現実的な側面を考慮する
外向,少即決,少回避,少孤独,少理想,調整役,周囲を見てバランスを取る人,活動的で少しせっかちな面があり、争いごとを好まない性格,自由主義で夢見がち
外向,少即決,少回避,少孤独,理想,情熱家,夢と理想に燃える人物,活動的で少しせっかちな面があり、争いごとを好まない性格,自由主義で理想的
外向,少即決,少回避,少孤独,超理想,情熱家,夢と理想に燃える人物,活動的で少しせっかちな面があり、争いごとを好まない性格,自由主義で地に足がついていない
外向,少即決,少回避,少仲間,超現実,調整役,周囲を見てバランスを取る人,活動的で少しせっかちな面があり、争いごとを好まない性格,温厚で超現実主義
外向,少即決,少回避,少仲間,現実,調整役,周囲を見てバランスを取る人,活動的で少しせっかちな面があり、争いごとを好まない性格,温厚で現実主義
外向,少即決,少回避,少仲間,少現実,調整役,周囲を見てバランスを取る人,活動的で少しせっかちな面があり、争いごとを好まない性格,温厚で現実的な側面を考慮する
外向,少即決,少回避,少仲間,少理想,調整役,周囲を見てバランスを取る人,活動的で少しせっかちな面があり、争いごとを好まない性格,温厚で夢見がち
外向,少即決,少回避,少仲間,理想,情熱家,夢と理想に燃える人物,活動的で少しせっかちな面があり、争いごとを好まない性格,温厚で理想的
外向,少即決,少回避,少仲間,超理想,情熱家,夢と理想に燃える人物,活動的で少しせっかちな面があり、争いごとを好まない性格,温厚で地に足がついていない
外向,少即決,少回避,仲間派,超現実,守護者,仲間を守る頼れる存在,活動的で少しせっかちな面があり、争いごとを好まない性格,仲間思いで超現実主義
外向,少即決,少回避,仲間派,現実,守護者,仲間を守る頼れる存在,活動的で少しせっかちな面があり、争いごとを好まない性格,仲間思いで現実主義
外向,少即決,少回避,仲間派,少現実,守護者,仲間を守る頼れる存在,活動的で少しせっかちな面があり、争いごとを好まない性格,仲間思いで現実的な側面を考慮する
外向,少即決,少回避,仲間派,少理想,守護者,仲間を守る頼れる存在,活動的で少しせっかちな面があり、争いごとを好まない性格,仲間思いで夢見がち
外向,少即決,少回避,仲間派,理想,守護者,仲間を守る頼れる存在,活動的で少しせっかちな面があり、争いごとを好まない性格,仲間思いで理想的
外向,少即決,少回避,仲間派,超理想,守護者,仲間を守る頼れる存在,活動的で少しせっかちな面があり、争いごとを好まない性格,仲間思いで地に足がついていない
外向,少即決,少回避,超仲間,超現実,守護者,仲間を守る頼れる存在,活動的で少しせっかちな面があり、争いごとを好まない性格,自己犠牲精神で超現実主義
外向,少即決,少回避,超仲間,現実,守護者,仲間を守る頼れる存在,活動的で少しせっかちな面があり、争いごとを好まない性格,自己犠牲精神で現実主義
外向,少即決,少回避,超仲間,少現実,守護者,仲間を守る頼れる存在,活動的で少しせっかちな面があり、争いごとを好まない性格,自己犠牲精神で現実的な側面を考慮する
外向,少即決,少回避,超仲間,少理想,守護者,仲間を守る頼れる存在,活動的で少しせっかちな面があり、争いごとを好まない性格,自己犠牲精神で夢見がち
外向,少即決,少回避,超仲間,理想,守護者,仲間を守る頼れる存在,活動的で少しせっかちな面があり、争いごとを好まない性格,自己犠牲精神で理想的
外向,少即決,少回避,超仲間,超理想,守護者,仲間を守る頼れる存在,活動的で少しせっかちな面があり、争いごとを好まない性格,自己犠牲精神で地に足がついていない
外向,少即決,少挑戦,孤高,超現実,調整役,周囲を見てバランスを取る人,活動的で少しせっかちな面があり、探求心がある性格,孤高の存在で超現実主義
外向,少即決,少挑戦,孤高,現実,調整役,周囲を見てバランスを取る人,活動的で少しせっかちな面があり、探求心がある性格,孤高の存在で現実主義
外向,少即決,少挑戦,孤高,少現実,調整役,周囲を見てバランスを取る人,活動的で少しせっかちな面があり、探求心がある性格,孤高の存在で現実的な側面を考慮する
外向,少即決,少挑戦,孤高,少理想,調整役,周囲を見てバランスを取る人,活動的で少しせっかちな面があり、探求心がある性格,孤高の存在で夢見がち
外向,少即決,少挑戦,孤高,理想,情熱家,夢と理想に燃える人物,活動的で少しせっかちな面があり、探求心がある性格,孤高の存在で理想的
外向,少即決,少挑戦,孤高,超理想,情熱家,夢と理想に燃える人物,活動的で少しせっかちな面があり、探求心がある性格,孤高の存在で地に足がついていない
外向,少即決,少挑戦,一匹狼,超現実,調整役,周囲を見てバランスを取る人,活動的で少しせっかちな面があり、探求心がある性格,一匹狼で超現実主義
外向,少即決,少挑戦,一匹狼,現実,調整役,周囲を見てバランスを取る人,活動的で少しせっかちな面があり、探求心がある性格,一匹狼で現実主義
外向,少即決,少挑戦,一匹狼,少現実,調整役,周囲を見てバランスを取る人,活動的で少しせっかちな面があり、探求心がある性格,一匹狼で現実的な側面を考慮する
外向,少即決,少挑戦,一匹狼,少理想,調整役,周囲を見てバランスを取る人,活動的で少しせっかちな面があり、探求心がある性格,一匹狼で夢見がち
外向,少即決,少挑戦,一匹狼,理想,情熱家,夢と理想に燃える人物,活動的で少しせっかちな面があり、探求心がある性格,一匹狼で理想的
外向,少即決,少挑戦,一匹狼,超理想,情熱家,夢と理想に燃える人物,活動的で少しせっかちな面があり、探求心がある性格,一匹狼で地に足がついていない
外向,少即決,少挑戦,少孤独,超現実,調整役,周囲を見てバランスを取る人,活動的で少しせっかちな面があり、探求心がある性格,自由主義で超現実主義
外向,少即決,少挑戦,少孤独,現実,調整役,周囲を見てバランスを取る人,活動的で少しせっかちな面があり、探求心がある性格,自由主義で現実主義
外向,少即決,少挑戦,少孤独,少現実,調整役,周囲を見てバランスを取る人,活動的で少しせっかちな面があり、探求心がある性格,自由主義で現実的な側面を考慮する
外向,少即決,少挑戦,少孤独,少理想,調整役,周囲を見てバランスを取る人,活動的で少しせっかちな面があり、探求心がある性格,自由主義で夢見がち
外向,少即決,少挑戦,少孤独,理想,情熱家,夢と理想に燃える人物,活動的で少しせっかちな面があり、探求心がある性格,自由主義で理想的
外向,少即決,少挑戦,少孤独,超理想,情熱家,夢と理想に燃える人物,活動的で少しせっかちな面があり、探求心がある性格,自由主義で地に足がついていない
外向,少即決,少挑戦,少仲間,超現実,調整役,周囲を見てバランスを取る人,活動的で少しせっかちな面があり、探求心がある性格,温厚で超現実主義
外向,少即決,少挑戦,少仲間,現実,調整役,周囲を見てバランスを取る人,活動的で少しせっかちな面があり、探求心がある性格,温厚で現実主義
外向,少即決,少挑戦,少仲間,少現実,調整役,周囲を見てバランスを取る人,活動的で少しせっかちな面があり、探求心がある性格,温厚で現実的な側面を考慮する
外向,少即決,少挑戦,少仲間,少理想,調整役,周囲を見てバランスを取る人,活動的で少しせっかちな面があり、探求心がある性格,温厚で夢見がち
外向,少即決,少挑戦,少仲間,理想,情熱家,夢と理想に燃える人物,活動的で少しせっかちな面があり、探求心がある性格,温厚で理想的
外向,少即決,少挑戦,少仲間,超理想,情熱家,夢と理想に燃える人物,活動的で少しせっかちな面があり、探求心がある性格,温厚で地に足がついていない
外向,少即決,少挑戦,仲間派,超現実,調整役,周囲を見てバランスを取る人,活動的で少しせっかちな面があり、探求心がある性格,仲間思いで超現実主義
外向,少即決,少挑戦,仲間派,現実,調整役,周囲を見てバランスを取る人,活動的で少しせっかちな面があり、探求心がある性格,仲間思いで現実主義
外向,少即決,少挑戦,仲間派,少現実,調整役,周囲を見てバランスを取る人,活動的で少しせっかちな面があり、探求心がある性格,仲間思いで現実的な側面を考慮する
外向,少即決,少挑戦,仲間派,少理想,調整役,周囲を見てバランスを取る人,活動的で少しせっかちな面があり、探求心がある性格,仲間思いで夢見がち
外向,少即決,少挑戦,仲間派,理想,情熱家,夢と理想に燃える人物,活動的で少しせっかちな面があり、探求心がある性格,仲間思いで理想的
外向,少即決,少挑戦,仲間派,超理想,情熱家,夢と理想に燃える人物,活動的で少しせっかちな面があり、探求心がある性格,仲間思いで地に足がついていない
外向,少即決,少挑戦,超仲間,超現実,調整役,周囲を見てバランスを取る人,活動的で少しせっかちな面があり、探求心がある性格,自己犠牲精神で超現実主義
外向,少即決,少挑戦,超仲間,現実,調整役,周囲を見てバランスを取る人,活動的で少しせっかちな面があり、探求心がある性格,自己犠牲精神で現実主義
外向,少即決,少挑戦,超仲間,少現実,調整役,周囲を見てバランスを取る人,活動的で少しせっかちな面があり、探求心がある性格,自己犠牲精神で現実的な側面を考慮する
外向,少即決,少挑戦,超仲間,少理想,調整役,周囲を見てバランスを取る人,活動的で少しせっかちな面があり、探求心がある性格,自己犠牲精神で夢見がち
外向,少即決,少挑戦,超仲間,理想,情熱家,夢と理想に燃える人物,活動的で少しせっかちな面があり、探求心がある性格,自己犠牲精神で理想的
外向,少即決,少挑戦,超仲間,超理想,情熱家,夢と理想に燃える人物,活動的で少しせっかちな面があり、探求心がある性格,自己犠牲精神で地に足がついていない
外向,少即決,挑戦,孤高,超現実,孤高の戦士,誰にも頼らず突き進む,活動的で少しせっかちな面があり、挑戦的な性格,孤高の存在で超現実主義
外向,少即決,挑戦,孤高,現実,孤高の戦士,誰にも頼らず突き進む,活動的で少しせっかちな面があり、挑戦的な性格,孤高の存在で現実主義
外向,少即決,挑戦,孤高,少現実,調整役,周囲を見てバランスを取る人,活動的で少しせっかちな面があり、挑戦的な性格,孤高の存在で現実的な側面を考慮する
外向,少即決,挑戦,孤高,少理想,調整役,周囲を見てバランスを取る人,活動的で少しせっかちな面があり、挑戦的な性格,孤高の存在で夢見がち
外向,少即決,挑戦,孤高,理想,情熱家,夢と理想に燃える人物,活動的で少しせっかちな面があり、挑戦的な性格,孤高の存在で理想的
外向,少即決,挑戦,孤高,超理想,情熱家,夢と理想に燃える人物,活動的で少しせっかちな面があり、挑戦的な性格,孤高の存在で地に足がついていない
外向,少即決,挑戦,一匹狼,超現実,孤高の戦士,誰にも頼らず突き進む,活動的で少しせっかちな面があり、挑戦的な性格,一匹狼で超現実主義
外向,少即決,挑戦,一匹狼,現実,孤高の戦士,誰にも頼らず突き進む,活動的で少しせっかちな面があり、挑戦的な性格,一匹狼で現実主義
外向,少即決,挑戦,一匹狼,少現実,調整役,周囲を見てバランスを取る人,活動的で少しせっかちな面があり、挑戦的な性格,一匹狼で現実的な側面を考慮する
外向,少即決,挑戦,一匹狼,少理想,調整役,周囲を見てバランスを取る人,活動的で少しせっかちな面があり、挑戦的な性格,一匹狼で夢見がち
外向,少即決,挑戦,一匹狼,理想,情熱家,夢と理想に燃える人物,活動的で少しせっかちな面があり、挑戦的な性格,一匹狼で理想的
外向,少即決,挑戦,一匹狼,超理想,情熱家,夢と理想に燃える人物,活動的で少しせっかちな面があり、挑戦的な性格,一匹狼で地に足がついていない
外向,少即決,挑戦,少孤独,超現実,調整役,周囲を見てバランスを取る人,活動的で少しせっかちな面があり、挑戦的な性格,自由主義で超現実主義
外向,少即決,挑戦,少孤独,現実,調整役,周囲を見てバランスを取る人,活動的で少しせっかちな面があり、挑戦的な性格,自由主義で現実主義
外向,少即決,挑戦,少孤独,少現実,調整役,周囲を見てバランスを取る人,活動的で少しせっかちな面があり、挑戦的な性格,自由主義で現実的な側面を考慮する
外向,少即決,挑戦,少孤独,少理想,調整役,周囲を見てバランスを取る人,活動的で少しせっかちな面があり、挑戦的な性格,自由主義で夢見がち
外向,少即決,挑戦,少孤独,理想,情熱家,夢と理想に燃える人物,活動的で少しせっかちな面があり、挑戦的な性格,自由主義で理想的
外向,少即決,挑戦,少孤独,超理想,情熱家,夢と理想に燃える人物,活動的で少しせっかちな面があり、挑戦的な性格,自由主義で地に足がついていない
外向,少即決,挑戦,少仲間,超現実,調整役,周囲を見てバランスを取る人,活動的で少しせっかちな面があり、挑戦的な性格,温厚で超現実主義
外向,少即決,挑戦,少仲間,現実,調整役,周囲を見てバランスを取る人,活動的で少しせっかちな面があり、挑戦的な性格,温厚で現実主義
外向,少即決,挑戦,少仲間,少現実,調整役,周囲を見てバランスを取る人,活動的で少しせっかちな面があり、挑戦的な性格,温厚で現実的な側面を考慮する
外向,少即決,挑戦,少仲間,少理想,調整役,周囲を見てバランスを取る人,活動的で少しせっかちな面があり、挑戦的な性格,温厚で夢見がち
外向,少即決,挑戦,少仲間,理想,情熱家,夢と理想に燃える人物,活動的で少しせっかちな面があり、挑戦的な性格,温厚で理想的
外向,少即決,挑戦,少仲間,超理想,情熱家,夢と理想に燃える人物,活動的で少しせっかちな面があり、挑戦的な性格,温厚で地に足がついていない
外向,少即決,挑戦,仲間派,超現実,調整役,周囲を見てバランスを取る人,活動的で少しせっかちな面があり、挑戦的な性格,仲間思いで超現実主義
外向,少即決,挑戦,仲間派,現実,調整役,周囲を見てバランスを取る人,活動的で少しせっかちな面があり、挑戦的な性格,仲間思いで現実主義
外向,少即決,挑戦,仲間派,少現実,調整役,周囲を見てバランスを取る人,活動的で少しせっかちな面があり、挑戦的な性格,仲間思いで現実的な側面を考慮する
外向,少即決,挑戦,仲間派,少理想,調整役,周囲を見てバランスを取る人,活動的で少しせっかちな面があり、挑戦的な性格,仲間思いで夢見がち
外向,少即決,挑戦,仲間派,理想,挑戦家,理想を掲げ挑戦を恐れない,活動的で少しせっかちな面があり、挑戦的な性格,仲間思いで理想的
外向,少即決,挑戦,仲間派,超理想,挑戦家,理想を掲げ挑戦を恐れない,活動的で少しせっかちな面があり、挑戦的な性格,仲間思いで地に足がついていない
外向,少即決,挑戦,超仲間,超現実,調整役,周囲を見てバランスを取る人,活動的で少しせっかちな面があり、挑戦的な性格,自己犠牲精神で超現実主義
外向,少即決,挑戦,超仲間,現実,調整役,周囲を見てバランスを取る人,活動的で少しせっかちな面があり、挑戦的な性格,自己犠牲精神で現実主義
外向,少即決,挑戦,超仲間,少現実,調整役,周囲を見てバランスを取る人,活動的で少しせっかちな面があり、挑戦的な性格,自己犠牲精神で現実的な側面を考慮する
外向,少即決,挑戦,超仲間,少理想,調整役,周囲を見てバランスを取る人,活動的で少しせっかちな面があり、挑戦的な性格,自己犠牲精神で夢見がち
外向,少即決,挑戦,超仲間,理想,挑戦家,理想を掲げ挑戦を恐れない,活動的で少しせっかちな面があり、挑戦的な性格,自己犠牲精神で理想的
外向,少即決,挑戦,超仲間,超理想,挑戦家,理想を掲げ挑戦を恐れない,活動的で少しせっかちな面があり、挑戦的な性格,自己犠牲精神で地に足がついていない
外向,少即決,超挑戦,孤高,超現実,孤高の戦士,誰にも頼らず突き進む,活動的で少しせっかちな面があり、果敢な性格,孤高の存在で超現実主義
外向,少即決,超挑戦,孤高,現実,孤高の戦士,誰にも頼らず突き進む,活動的で少しせっかちな面があり、果敢な性格,孤高の存在で現実主義
外向,少即決,超挑戦,孤高,少現実,調整役,周囲を見てバランスを取る人,活動的で少しせっかちな面があり、果敢な性格,孤高の存在で現実的な側面を考慮する
外向,少即決,超挑戦,孤高,少理想,調整役,周囲を見てバランスを取る人,活動的で少しせっかちな面があり、果敢な性格,孤高の存在で夢見がち
外向,少即決,超挑戦,孤高,理想,情熱家,夢と理想に燃える人物,活動的で少しせっかちな面があり、果敢な性格,孤高の存在で理想的
外向,少即決,超挑戦,孤高,超理想,情熱家,夢と理想に燃える人物,活動的で少しせっかちな面があり、果敢な性格,孤高の存在で地に足がついていない
外向,少即決,超挑戦,一匹狼,超現実,孤高の戦士,誰にも頼らず突き進む,活動的で少しせっかちな面があり、果敢な性格,一匹狼で超現実主義
外向,少即決,超挑戦,一匹狼,現実,孤高の戦士,誰にも頼らず突き進む,活動的で少しせっかちな面があり、果敢な性格,一匹狼で現実主義
外向,少即決,超挑戦,一匹狼,少現実,調整役,周囲を見てバランスを取る人,活動的で少しせっかちな面があり、果敢な性格,一匹狼で現実的な側面を考慮する
外向,少即決,超挑戦,一匹狼,少理想,調整役,周囲を見てバランスを取る人,活動的で少しせっかちな面があり、果敢な性格,一匹狼で夢見がち
外向,少即決,超挑戦,一匹狼,理想,情熱家,夢と理想に燃える人物,活動的で少しせっかちな面があり、果敢な性格,一匹狼で理想的
外向,少即決,超挑戦,一匹狼,超理想,情熱家,夢と理想に燃える人物,活動的で少しせっかちな面があり、果敢な性格,一匹狼で地に足がついていない
外向,少即決,超挑戦,少孤独,超現実,調整役,周囲を見てバランスを取る人,活動的で少しせっかちな面があり、果敢な性格,自由主義で超現実主義
外向,少即決,超挑戦,少孤独,現実,調整役,周囲を見てバランスを取る人,活動的で少しせっかちな面があり、果敢な性格,自由主義で現実主義
外向,少即決,超挑戦,少孤独,少現実,調整役,周囲を見てバランスを取る人,活動的で少しせっかちな面があり、果敢な性格,自由主義で現実的な側面を考慮する
外向,少即決,超挑戦,少孤独,少理想,調整役,周囲を見てバランスを取る人,活動的で少しせっかちな面があり、果敢な性格,自由主義で夢見がち
外向,少即決,超挑戦,少孤独,理想,情熱家,夢と理想に燃える人物,活動的で少しせっかちな面があり、果敢な性格,自由主義で理想的
外向,少即決,超挑戦,少孤独,超理想,情熱家,夢と理想に燃える人物,活動的で少しせっかちな面があり、果敢な性格,自由主義で地に足がついていない
外向,少即決,超挑戦,少仲間,超現実,調整役,周囲を見てバランスを取る人,活動的で少しせっかちな面があり、果敢な性格,温厚で超現実主義
外向,少即決,超挑戦,少仲間,現実,調整役,周囲を見てバランスを取る人,活動的で少しせっかちな面があり、果敢な性格,温厚で現実主義
外向,少即決,超挑戦,少仲間,少現実,調整役,周囲を見てバランスを取る人,活動的で少しせっかちな面があり、果敢な性格,温厚で現実的な側面を考慮する
外向,少即決,超挑戦,少仲間,少理想,調整役,周囲を見てバランスを取る人,活動的で少しせっかちな面があり、果敢な性格,温厚で夢見がち
外向,少即決,超挑戦,少仲間,理想,情熱家,夢と理想に燃える人物,活動的で少しせっかちな面があり、果敢な性格,温厚で理想的
外向,少即決,超挑戦,少仲間,超理想,情熱家,夢と理想に燃える人物,活動的で少しせっかちな面があり、果敢な性格,温厚で地に足がついていない
外向,少即決,超挑戦,仲間派,超現実,調整役,周囲を見てバランスを取る人,活動的で少しせっかちな面があり、果敢な性格,仲間思いで超現実主義
外向,少即決,超挑戦,仲間派,現実,調整役,周囲を見てバランスを取る人,活動的で少しせっかちな面があり、果敢な性格,仲間思いで現実主義
外向,少即決,超挑戦,仲間派,少現実,調整役,周囲を見てバランスを取る人,活動的で少しせっかちな面があり、果敢な性格,仲間思いで現実的な側面を考慮する
外向,少即決,超挑戦,仲間派,少理想,調整役,周囲を見てバランスを取る人,活動的で少しせっかちな面があり、果敢な性格,仲間思いで夢見がち
外向,少即決,超挑戦,仲間派,理想,挑戦家,理想を掲げ挑戦を恐れない,活動的で少しせっかちな面があり、果敢な性格,仲間思いで理想的
外向,少即決,超挑戦,仲間派,超理想,挑戦家,理想を掲げ挑戦を恐れない,活動的で少しせっかちな面があり、果敢な性格,仲間思いで地に足がついていない
外向,少即決,超挑戦,超仲間,超現実,調整役,周囲を見てバランスを取る人,活動的で少しせっかちな面があり、果敢な性格,自己犠牲精神で超現実主義
外向,少即決,超挑戦,超仲間,現実,調整役,周囲を見てバランスを取る人,活動的で少しせっかちな面があり、果敢な性格,自己犠牲精神で現実主義
外向,少即決,超挑戦,超仲間,少現実,調整役,周囲を見てバランスを取る人,活動的で少しせっかちな面があり、果敢な性格,自己犠牲精神で現実的な側面を考慮する
外向,少即決,超挑戦,超仲間,少理想,調整役,周囲を見てバランスを取る人,活動的で少しせっかちな面があり、果敢な性格,自己犠牲精神で夢見がち
外向,少即決,超挑戦,超仲間,理想,挑戦家,理想を掲げ挑戦を恐れない,活動的で少しせっかちな面があり、果敢な性格,自己犠牲精神で理想的
外向,少即決,超挑戦,超仲間,超理想,挑戦家,理想を掲げ挑戦を恐れない,活動的で少しせっかちな面があり、果敢な性格,自己犠牲精神で地に足がついていない
外向,即決,超回避,孤高,超現実,ムードメーカー,明るく場を和ませる,活動的で直感に従う、対立を徹底的に避ける性格,孤高の存在で超現実主義
外向,即決,超回避,孤高,現実,ムードメーカー,明るく場を和ませる,活動的で直感に従う、対立を徹底的に避ける性格,孤高の存在で現実主義
外向,即決,超回避,孤高,少現実,ムードメーカー,明るく場を和ませる,活動的で直感に従う、対立を徹底的に避ける性格,孤高の存在で現実的な側面を考慮する
外向,即決,超回避,孤高,少理想,ムードメーカー,明るく場を和ませる,活動的で直感に従う、対立を徹底的に避ける性格,孤高の存在で夢見がち
外向,即決,超回避,孤高,理想,ムードメーカー,明るく場を和ませる,活動的で直感に従う、対立を徹底的に避ける性格,孤高の存在で理想的
外向,即決,超回避,孤高,超理想,ムードメーカー,明るく場を和ませる,活動的で直感に従う、対立を徹底的に避ける性格,孤高の存在で地に足がついていない
外向,即決,超回避,一匹狼,超現実,ムードメーカー,明るく場を和ませる,活動的で直感に従う、対立を徹底的に避ける性格,一匹狼で超現実主義
外向,即決,超回避,一匹狼,現実,ムードメーカー,明るく場を和ませる,活動的で直感に従う、対立を徹底的に避ける性格,一匹狼で現実主義
外向,即決,超回避,一匹狼,少現実,ムードメーカー,明るく場を和ませる,活動的で直感に従う、対立を徹底的に避ける性格,一匹狼で現実的な側面を考慮する
外向,即決,超回避,一匹狼,少理想,ムードメーカー,明るく場を和ませる,活動的で直感に従う、対立を徹底的に避ける性格,一匹狼で夢見がち
外向,即決,超回避,一匹狼,理想,ムードメーカー,明るく場を和ませる,活動的で直感に従う、対立を徹底的に避ける性格,一匹狼で理想的
外向,即決,超回避,一匹狼,超理想,ムードメーカー,明るく場を和ませる,活動的で直感に従う、対立を徹底的に避ける性格,一匹狼で地に足がついていない
外向,即決,超回避,少孤独,超現実,ムードメーカー,明るく場を和ませる,活動的で直感に従う、対立を徹底的に避ける性格,自由主義で超現実主義
外向,即決,超回避,少孤独,現実,ムードメーカー,明るく場を和ませる,活動的で直感に従う、対立を徹底的に避ける性格,自由主義で現実主義
外向,即決,超回避,少孤独,少現実,ムードメーカー,明るく場を和ませる,活動的で直感に従う、対立を徹底的に避ける性格,自由主義で現実的な側面を考慮する
外向,即決,超回避,少孤独,少理想,ムードメーカー,明るく場を和ませる,活動的で直感に従う、対立を徹底的に避ける性格,自由主義で夢見がち
外向,即決,超回避,少孤独,理想,ムードメーカー,明るく場を和ませる,活動的で直感に従う、対立を徹底的に避ける性格,自由主義で理想的
外向,即決,超回避,少孤独,超理想,ムードメーカー,明るく場を和ませる,活動的で直感に従う、対立を徹底的に避ける性格,自由主義で地に足がついていない
外向,即決,超回避,少仲間,超現実,ムードメーカー,明るく場を和ませる,活動的で直感に従う、対立を徹底的に避ける性格,温厚で超現実主義
外向,即決,超回避,少仲間,現実,ムードメーカー,明るく場を和ませる,活動的で直感に従う、対立を徹底的に避ける性格,温厚で現実主義
外向,即決,超回避,少仲間,少現実,ムードメーカー,明るく場を和ませる,活動的で直感に従う、対立を徹底的に避ける性格,温厚で現実的な側面を考慮する
外向,即決,超回避,少仲間,少理想,ムードメーカー,明るく場を和ませる,活動的で直感に従う、対立を徹底的に避ける性格,温厚で夢見がち
外向,即決,超回避,少仲間,理想,ムードメーカー,明るく場を和ませる,活動的で直感に従う、対立を徹底的に避ける性格,温厚で理想的
外向,即決,超回避,少仲間,超理想,ムードメーカー,明るく場を和ませる,活動的で直感に従う、対立を徹底的に避ける性格,温厚で地に足がついていない
外向,即決,超回避,仲間派,超現実,ムードメーカー,明るく場を和ませる,活動的で直感に従う、対立を徹底的に避ける性格,仲間思いで超現実主義
外向,即決,超回避,仲間派,現実,ムードメーカー,明るく場を和ませる,活動的で直感に従う、対立を徹底的に避ける性格,仲間思いで現実主義
外向,即決,超回避,仲間派,少現実,ムードメーカー,明るく場を和ませる,活動的で直感に従う、対立を徹底的に避ける性格,仲間思いで現実的な側面を考慮する
外向,即決,超回避,仲間派,少理想,ムードメーカー,明るく場を和ませる,活動的で直感に従う、対立を徹底的に避ける性格,仲間思いで夢見がち
外向,即決,超回避,仲間派,理想,ムードメーカー,明るく場を和ませる,活動的で直感に従う、対立を徹底的に避ける性格,仲間思いで理想的
外向,即決,超回避,仲間派,超理想,ムードメーカー,明るく場を和ませる,活動的で直感に従う、対立を徹底的に避ける性格,仲間思いで地に足がついていない
外向,即決,超回避,超仲間,超現実,ムードメーカー,明るく場を和ませる,活動的で直感に従う、対立を徹底的に避ける性格,自己犠牲精神で超現実主義
外向,即決,超回避,超仲間,現実,ムードメーカー,明るく場を和ませる,活動的で直感に従う、対立を徹底的に避ける性格,自己犠牲精神で現実主義
外向,即決,超回避,超仲間,少現実,ムードメーカー,明るく場を和ませる,活動的で直感に従う、対立を徹底的に避ける性格,自己犠牲精神で現実的な側面を考慮する
外向,即決,超回避,超仲間,少理想,ムードメーカー,明るく場を和ませる,活動的で直感に従う、対立を徹底的に避ける性格,自己犠牲精神で夢見がち
外向,即決,超回避,超仲間,理想,ムードメーカー,明るく場を和ませる,活動的で直感に従う、対立を徹底的に避ける性格,自己犠牲精神で理想的
外向,即決,超回避,超仲間,超理想,ムードメーカー,明るく場を和ませる,活動的で直感に従う、対立を徹底的に避ける性格,自己犠牲精神で地に足がついていない
外向,即決,回避,孤高,超現実,ムードメーカー,明るく場を和ませる,活動的で直感に従う、直接的な対応を好まない性格,孤高の存在で超現実主義
外向,即決,回避,孤高,現実,ムードメーカー,明るく場を和ませる,活動的で直感に従う、直接的な対応を好まない性格,孤高の存在で現実主義
外向,即決,回避,孤高,少現実,ムードメーカー,明るく場を和ませる,活動的で直感に従う、直接的な対応を好まない性格,孤高の存在で現実的な側面を考慮する
外向,即決,回避,孤高,少理想,ムードメーカー,明るく場を和ませる,活動的で直感に従う、直接的な対応を好まない性格,孤高の存在で夢見がち
外向,即決,回避,孤高,理想,ムードメーカー,明るく場を和ませる,活動的で直感に従う、直接的な対応を好まない性格,孤高の存在で理想的
外向,即決,回避,孤高,超理想,ムードメーカー,明るく場を和ませる,活動的で直感に従う、直接的な対応を好まない性格,孤高の存在で地に足がついていない
外向,即決,回避,一匹狼,超現実,ムードメーカー,明るく場を和ませる,活動的で直感に従う、直接的な対応を好まない性格,一匹狼で超現実主義
外向,即決,回避,一匹狼,現実,ムードメーカー,明るく場を和ませる,活動的で直感に従う、直接的な対応を好まない性格,一匹狼で現実主義
外向,即決,回避,一匹狼,少現実,ムードメーカー,明るく場を和ませる,活動的で直感に従う、直接的な対応を好まない性格,一匹狼で現実的な側面を考慮する
外向,即決,回避,一匹狼,少理想,ムードメーカー,明るく場を和ませる,活動的で直感に従う、直接的な対応を好まない性格,一匹狼で夢見がち
外向,即決,回避,一匹狼,理想,ムードメーカー,明るく場を和ませる,活動的で直感に従う、直接的な対応を好まない性格,一匹狼で理想的
外向,即決,回避,一匹狼,超理想,ムードメーカー,明るく場を和ませる,活動的で直感に従う、直接的な対応を好まない性格,一匹狼で地に足がついていない
外向,即決,回避,少孤独,超現実,ムードメーカー,明るく場を和ませる,活動的で直感に従う、直接的な対応を好まない性格,自由主義で超現実主義
外向,即決,回避,少孤独,現実,ムードメーカー,明るく場を和ませる,活動的で直感に従う、直接的な対応を好まない性格,自由主義で現実主義
外向,即決,回避,少孤独,少現実,ムードメーカー,明るく場を和ませる,活動的で直感に従う、直接的な対応を好まない性格,自由主義で現実的な側面を考慮する
外向,即決,回避,少孤独,少理想,ムードメーカー,明るく場を和ませる,活動的で直感に従う、直接的な対応を好まない性格,自由主義で夢見がち
外向,即決,回避,少孤独,理想,ムードメーカー,明るく場を和ませる,活動的で直感に従う、直接的な対応を好まない性格,自由主義で理想的
外向,即決,回避,少孤独,超理想,ムードメーカー,明るく場を和ませる,活動的で直感に従う、直接的な対応を好まない性格,自由主義で地に足がついていない
外向,即決,回避,少仲間,超現実,ムードメーカー,明るく場を和ませる,活動的で直感に従う、直接的な対応を好まない性格,温厚で超現実主義
外向,即決,回避,少仲間,現実,ムードメーカー,明るく場を和ませる,活動的で直感に従う、直接的な対応を好まない性格,温厚で現実主義
外向,即決,回避,少仲間,少現実,ムードメーカー,明るく場を和ませる,活動的で直感に従う、直接的な対応を好まない性格,温厚で現実的な側面を考慮する
外向,即決,回避,少仲間,少理想,ムードメーカー,明るく場を和ませる,活動的で直感に従う、直接的な対応を好まない性格,温厚で夢見がち
外向,即決,回避,少仲間,理想,ムードメーカー,明るく場を和ませる,活動的で直感に従う、直接的な対応を好まない性格,温厚で理想的
外向,即決,回避,少仲間,超理想,ムードメーカー,明るく場を和ませる,活動的で直感に従う、直接的な対応を好まない性格,温厚で地に足がついていない
外向,即決,回避,仲間派,超現実,ムードメーカー,明るく場を和ませる,活動的で直感に従う、直接的な対応を好まない性格,仲間思いで超現実主義
外向,即決,回避,仲間派,現実,ムードメーカー,明るく場を和ませる,活動的で直感に従う、直接的な対応を好まない性格,仲間思いで現実主義
外向,即決,回避,仲間派,少現実,ムードメーカー,明るく場を和ませる,活動的で直感に従う、直接的な対応を好まない性格,仲間思いで現実的な側面を考慮する
外向,即決,回避,仲間派,少理想,ムードメーカー,明るく場を和ませる,活動的で直感に従う、直接的な対応を好まない性格,仲間思いで夢見がち
外向,即決,回避,仲間派,理想,ムードメーカー,明るく場を和ませる,活動的で直感に従う、直接的な対応を好まない性格,仲間思いで理想的
外向,即決,回避,仲間派,超理想,ムードメーカー,明るく場を和ませる,活動的で直感に従う、直接的な対応を好まない性格,仲間思いで地に足がついていない
外向,即決,回避,超仲間,超現実,ムードメーカー,明るく場を和ませる,活動的で直感に従う、直接的な対応を好まない性格,自己犠牲精神で超現実主義
外向,即決,回避,超仲間,現実,ムードメーカー,明るく場を和ませる,活動的で直感に従う、直接的な対応を好まない性格,自己犠牲精神で現実主義
外向,即決,回避,超仲間,少現実,ムードメーカー,明るく場を和ませる,活動的で直感に従う、直接的な対応を好まない性格,自己犠牲精神で現実的な側面を考慮する
外向,即決,回避,超仲間,少理想,ムードメーカー,明るく場を和ませる,活動的で直感に従う、直接的な対応を好まない性格,自己犠牲精神で夢見がち
外向,即決,回避,超仲間,理想,ムードメーカー,明るく場を和ませる,活動的で直感に従う、直接的な対応を好まない性格,自己犠牲精神で理想的
外向,即決,回避,超仲間,超理想,ムードメーカー,明るく場を和ませる,活動的で直感に従う、直接的な対応を好まない性格,自己犠牲精神で地に足がついていない
外向,即決,少回避,孤高,超現実,暴走隊長,突っ走る孤高タイプ,活動的で直感に従う、争いごとを好まない性格,孤高の存在で超現実主義
外向,即決,少回避,孤高,現実,暴走隊長,突っ走る孤高タイプ,活動的で直感に従う、争いごとを好まない性格,孤高の存在で現実主義
外向,即決,少回避,孤高,少現実,暴走隊長,突っ走る孤高タイプ,活動的で直感に従う、争いごとを好まない性格,孤高の存在で現実的な側面を考慮する
外向,即決,少回避,孤高,少理想,暴走隊長,突っ走る孤高タイプ,活動的で直感に従う、争いごとを好まない性格,孤高の存在で夢見がち
外向,即決,少回避,孤高,理想,暴走隊長,突っ走る孤高タイプ,活動的で直感に従う、争いごとを好まない性格,孤高の存在で理想的
外向,即決,少回避,孤高,超理想,暴走隊長,突っ走る孤高タイプ,活動的で直感に従う、争いごとを好まない性格,孤高の存在で地に足がついていない
外向,即決,少回避,一匹狼,超現実,暴走隊長,突っ走る孤高タイプ,活動的で直感に従う、争いごとを好まない性格,一匹狼で超現実主義
外向,即決,少回避,一匹狼,現実,暴走隊長,突っ走る孤高タイプ,活動的で直感に従う、争いごとを好まない性格,一匹狼で現実主義
外向,即決,少回避,一匹狼,少現実,暴走隊長,突っ走る孤高タイプ,活動的で直感に従う、争いごとを好まない性格,一匹狼で現実的な側面を考慮する
外向,即決,少回避,一匹狼,少理想,暴走隊長,突っ走る孤高タイプ,活動的で直感に従う、争いごとを好まない性格,一匹狼で夢見がち
外向,即決,少回避,一匹狼,理想,暴走隊長,突っ走る孤高タイプ,活動的で直感に従う、争いごとを好まない性格,一匹狼で理想的
外向,即決,少回避,一匹狼,超理想,暴走隊長,突っ走る孤高タイプ,活動的で直感に従う、争いごとを好まない性格,一匹狼で地に足がついていない
外向,即決,少回避,少孤独,超現実,調整役,周囲を見てバランスを取る人,活動的で直感に従う、争いごとを好まない性格,自由主義で超現実主義
外向,即決,少回避,少孤独,現実,調整役,周囲を見てバランスを取る人,活動的で直感に従う、争いごとを好まない性格,自由主義で現実主義
外向,即決,少回避,少孤独,少現実,調整役,周囲を見てバランスを取る人,活動的で直感に従う、争いごとを好まない性格,自由主義で現実的な側面を考慮する
外向,即決,少回避,少孤独,少理想,調整役,周囲を見てバランスを取る人,活動的で直感に従う、争いごとを好まない性格,自由主義で夢見がち
外向,即決,少回避,少孤独,理想,情熱家,夢と理想に燃える人物,活動的で直感に従う、争いごとを好まない性格,自由主義で理想的
外向,即決,少回避,少孤独,超理想,情熱家,夢と理想に燃える人物,活動的で直感に従う、争いごとを好まない性格,自由主義で地に足がついていない
外向,即決,少回避,少仲間,超現実,調整役,周囲を見てバランスを取る人,活動的で直感に従う、争いごとを好まない性格,温厚で超現実主義
外向,即決,少回避,少仲間,現実,調整役,周囲を見てバランスを取る人,活動的で直感に従う、争いごとを好まない性格,温厚で現実主義
外向,即決,少回避,少仲間,少現実,調整役,周囲を見てバランスを取る人,活動的で直感に従う、争いごとを好まない性格,温厚で現実的な側面を考慮する
外向,即決,少回避,少仲間,少理想,調整役,周囲を見てバランスを取る人,活動的で直感に従う、争いごとを好まない性格,温厚で夢見がち
外向,即決,少回避,少仲間,理想,情熱家,夢と理想に燃える人物,活動的で直感に従う、争いごとを好まない性格,温厚で理想的
外向,即決,少回避,少仲間,超理想,情熱家,夢と理想に燃える人物,活動的で直感に従う、争いごとを好まない性格,温厚で地に足がついていない
外向,即決,少回避,仲間派,超現実,守護者,仲間を守る頼れる存在,活動的で直感に従う、争いごとを好まない性格,仲間思いで超現実主義
外向,即決,少回避,仲間派,現実,守護者,仲間を守る頼れる存在,活動的で直感に従う、争いごとを好まない性格,仲間思いで現実主義
外向,即決,少回避,仲間派,少現実,守護者,仲間を守る頼れる存在,活動的で直感に従う、争いごとを好まない性格,仲間思いで現実的な側面を考慮する
外向,即決,少回避,仲間派,少理想,守護者,仲間を守る頼れる存在,活動的で直感に従う、争いごとを好まない性格,仲間思いで夢見がち
外向,即決,少回避,仲間派,理想,守護者,仲間を守る頼れる存在,活動的で直感に従う、争いごとを好まない性格,仲間思いで理想的
外向,即決,少回避,仲間派,超理想,守護者,仲間を守る頼れる存在,活動的で直感に従う、争いごとを好まない性格,仲間思いで地に足がついていない
外向,即決,少回避,超仲間,超現実,守護者,仲間を守る頼れる存在,活動的で直感に従う、争いごとを好まない性格,自己犠牲精神で超現実主義
外向,即決,少回避,超仲間,現実,守護者,仲間を守る頼れる存在,活動的で直感に従う、争いごとを好まない性格,自己犠牲精神で現実主義
外向,即決,少回避,超仲間,少現実,守護者,仲間を守る頼れる存在,活動的で直感に従う、争いごとを好まない性格,自己犠牲精神で現実的な側面を考慮する
外向,即決,少回避,超仲間,少理想,守護者,仲間を守る頼れる存在,活動的で直感に従う、争いごとを好まない性格,自己犠牲精神で夢見がち
外向,即決,少回避,超仲間,理想,守護者,仲間を守る頼れる存在,活動的で直感に従う、争いごとを好まない性格,自己犠牲精神で理想的
外向,即決,少回避,超仲間,超理想,守護者,仲間を守る頼れる存在,活動的で直感に従う、争いごとを好まない性格,自己犠牲精神で地に足がついていない
外向,即決,少挑戦,孤高,超現実,暴走隊長,突っ走る孤高タイプ,活動的で直感に従う、探求心がある性格,孤高の存在で超現実主義
外向,即決,少挑戦,孤高,現実,暴走隊長,突っ走る孤高タイプ,活動的で直感に従う、探求心がある性格,孤高の存在で現実主義
外向,即決,少挑戦,孤高,少現実,暴走隊長,突っ走る孤高タイプ,活動的で直感に従う、探求心がある性格,孤高の存在で現実的な側面を考慮する
外向,即決,少挑戦,孤高,少理想,暴走隊長,突っ走る孤高タイプ,活動的で直感に従う、探求心がある性格,孤高の存在で夢見がち
外向,即決,少挑戦,孤高,理想,暴走隊長,突っ走る孤高タイプ,活動的で直感に従う、探求心がある性格,孤高の存在で理想的
外向,即決,少挑戦,孤高,超理想,暴走隊長,突っ走る孤高タイプ,活動的で直感に従う、探求心がある性格,孤高の存在で地に足がついていない
外向,即決,少挑戦,一匹狼,超現実,暴走隊長,突っ走る孤高タイプ,活動的で直感に従う、探求心がある性格,一匹狼で超現実主義
外向,即決,少挑戦,一匹狼,現実,暴走隊長,突っ走る孤高タイプ,活動的で直感に従う、探求心がある性格,一匹狼で現実主義
外向,即決,少挑戦,一匹狼,少現実,暴走隊長,突っ走る孤高タイプ,活動的で直感に従う、探求心がある性格,一匹狼で現実的な側面を考慮する
外向,即決,少挑戦,一匹狼,少理想,暴走隊長,突っ走る孤高タイプ,活動的で直感に従う、探求心がある性格,一匹狼で夢見がち
外向,即決,少挑戦,一匹狼,理想,暴走隊長,突っ走る孤高タイプ,活動的で直感に従う、探求心がある性格,一匹狼で理想的
外向,即決,少挑戦,一匹狼,超理想,暴走隊長,突っ走る孤高タイプ,活動的で直感に従う、探求心がある性格,一匹狼で地に足がついていない
外向,即決,少挑戦,少孤独,超現実,調整役,周囲を見てバランスを取る人,活動的で直感に従う、探求心がある性格,自由主義で超現実主義
外向,即決,少挑戦,少孤独,現実,調整役,周囲を見てバランスを取る人,活動的で直感に従う、探求心がある性格,自由主義で現実主義
外向,即決,少挑戦,少孤独,少現実,調整役,周囲を見てバランスを取る人,活動的で直感に従う、探求心がある性格,自由主義で現実的な側面を考慮する
外向,即決,少挑戦,少孤独,少理想,調整役,周囲を見てバランスを取る人,活動的で直感に従う、探求心がある性格,自由主義で夢見がち
外向,即決,少挑戦,少孤独,理想,情熱家,夢と理想に燃える人物,活動的で直感に従う、探求心がある性格,自由主義で理想的
外向,即決,少挑戦,少孤独,超理想,情熱家,夢と理想に燃える人物,活動的で直感に従う、探求心がある性格,自由主義で地に足がついていない
外向,即決,少挑戦,少仲間,超現実,調整役,周囲を見てバランスを取る人,活動的で直感に従う、探求心がある性格,温厚で超現実主義
外向,即決,少挑戦,少仲間,現実,調整役,周囲を見てバランスを取る人,活動的で直感に従う、探求心がある性格,温厚で現実主義
外向,即決,少挑戦,少仲間,少現実,調整役,周囲を見てバランスを取る人,活動的で直感に従う、探求心がある性格,温厚で現実的な側面を考慮する
外向,即決,少挑戦,少仲間,少理想,調整役,周囲を見てバランスを取る人,活動的で直感に従う、探求心がある性格,温厚で夢見がち
外向,即決,少挑戦,少仲間,理想,情熱家,夢と理想に燃える人物,活動的で直感に従う、探求心がある性格,温厚で理想的
外向,即決,少挑戦,少仲間,超理想,情熱家,夢と理想に燃える人物,活動的で直感に従う、探求心がある性格,温厚で地に足がついていない
外向,即決,少挑戦,仲間派,超現実,調整役,周囲を見てバランスを取る人,活動的で直感に従う、探求心がある性格,仲間思いで超現実主義
外向,即決,少挑戦,仲間派,現実,調整役,周囲を見てバランスを取る人,活動的で直感に従う、探求心がある性格,仲間思いで現実主義
外向,即決,少挑戦,仲間派,少現実,調整役,周囲を見てバランスを取る人,活動的で直感に従う、探求心がある性格,仲間思いで現実的な側面を考慮する
外向,即決,少挑戦,仲間派,少理想,調整役,周囲を見てバランスを取る人,活動的で直感に従う、探求心がある性格,仲間思いで夢見がち
外向,即決,少挑戦,仲間派,理想,情熱家,夢と理想に燃える人物,活動的で直感に従う、探求心がある性格,仲間思いで理想的
外向,即決,少挑戦,仲間派,超理想,情熱家,夢と理想に燃える人物,活動的で直感に従う、探求心がある性格,仲間思いで地に足がついていない
外向,即決,少挑戦,超仲間,超現実,調整役,周囲を見てバランスを取る人,活動的で直感に従う、探求心がある性格,自己犠牲精神で超現実主義
外向,即決,少挑戦,超仲間,現実,調整役,周囲を見てバランスを取る人,活動的で直感に従う、探求心がある性格,自己犠牲精神で現実主義
外向,即決,少挑戦,超仲間,少現実,調整役,周囲を見てバランスを取る人,活動的で直感に従う、探求心がある性格,自己犠牲精神で現実的な側面を考慮する
外向,即決,少挑戦,超仲間,少理想,調整役,周囲を見てバランスを取る人,活動的で直感に従う、探求心がある性格,自己犠牲精神で夢見がち
外向,即決,少挑戦,超仲間,理想,情熱家,夢と理想に燃える人物,活動的で直感に従う、探求心がある性格,自己犠牲精神で理想的
外向,即決,少挑戦,超仲間,超理想,情熱家,夢と理想に燃える人物,活動的で直感に従う、探求心がある性格,自己犠牲精神で地に足がついていない
外向,即決,挑戦,孤高,超現実,孤高の戦士,誰にも頼らず突き進む,活動的で直感に従う、挑戦的な性格,孤高の存在で超現実主義
外向,即決,挑戦,孤高,現実,孤高の戦士,誰にも頼らず突き進む,活動的で直感に従う、挑戦的な性格,孤高の存在で現実主義
外向,即決,挑戦,孤高,少現実,暴走隊長,突っ走る孤高タイプ,活動的で直感に従う、挑戦的な性格,孤高の存在で現実的な側面を考慮する
外向,即決,挑戦,孤高,少理想,暴走隊長,突っ走る孤高タイプ,活動的で直感に従う、挑戦的な性格,孤高の存在で夢見がち
外向,即決,挑戦,孤高,理想,暴走隊長,突っ走る孤高タイプ,活動的で直感に従う、挑戦的な性格,孤高の存在で理想的
外向,即決,挑戦,孤高,超理想,暴走隊長,突っ走る孤高タイプ,活動的で直感に従う、挑戦的な性格,孤高の存在で地に足がついていない
外向,即決,挑戦,一匹狼,超現実,孤高の戦士,誰にも頼らず突き進む,活動的で直感に従う、挑戦的な性格,一匹狼で超現実主義
外向,即決,挑戦,一匹狼,現実,孤高の戦士,誰にも頼らず突き進む,活動的で直感に従う、挑戦的な性格,一匹狼で現実主義
外向,即決,挑戦,一匹狼,少現実,暴走隊長,突っ走る孤高タイプ,活動的で直感に従う、挑戦的な性格,一匹狼で現実的な側面を考慮する
外向,即決,挑戦,一匹狼,少理想,暴走隊長,突っ走る孤高タイプ,活動的で直感に従う、挑戦的な性格,一匹狼で夢見がち
外向,即決,挑戦,一匹狼,理想,暴走隊長,突っ走る孤高タイプ,活動的で直感に従う、挑戦的な性格,一匹狼で理想的
外向,即決,挑戦,一匹狼,超理想,暴走隊長,突っ走る孤高タイプ,活動的で直感に従う、挑戦的な性格,一匹狼で地に足がついていない
外向,即決,挑戦,少孤独,超現実,調整役,周囲を見てバランスを取る人,活動的で直感に従う、挑戦的な性格,自由主義で超現実主義
外向,即決,挑戦,少孤独,現実,調整役,周囲を見てバランスを取る人,活動的で直感に従う、挑戦的な性格,自由主義で現実主義
外向,即決,挑戦,少孤独,少現実,調整役,周囲を見てバランスを取る人,活動的で直感に従う、挑戦的な性格,自由主義で現実的な側面を考慮する
外向,即決,挑戦,少孤独,少理想,調整役,周囲を見てバランスを取る人,活動的で直感に従う、挑戦的な性格,自由主義で夢見がち
外向,即決,挑戦,少孤独,理想,情熱家,夢と理想に燃える人物,活動的で直感に従う、挑戦的な性格,自由主義で理想的
外向,即決,挑戦,少孤独,超理想,情熱家,夢と理想に燃える人物,活動的で直感に従う、挑戦的な性格,自由主義で地に足がついていない
外向,即決,挑戦,少仲間,超現実,調整役,周囲を見てバランスを取る人,活動的で直感に従う、挑戦的な性格,温厚で超現実主義
外向,即決,挑戦,少仲間,現実,調整役,周囲を見てバランスを取る人,活動的で直感に従う、挑戦的な性格,温厚で現実主義
外向,即決,挑戦,少仲間,少現実,調整役,周囲を見てバランスを取る人,活動的で直感に従う、挑戦的な性格,温厚で現実的な側面を考慮する
外向,即決,挑戦,少仲間,少理想,調整役,周囲を見てバランスを取る人,活動的で直感に従う、挑戦的な性格,温厚で夢見がち
外向,即決,挑戦,少仲間,理想,情熱家,夢と理想に燃える人物,活動的で直感に従う、挑戦的な性格,温厚で理想的
外向,即決,挑戦,少仲間,超理想,情熱家,夢と理想に燃える人物,活動的で直感に従う、挑戦的な性格,温厚で地に足がついていない
外向,即決,挑戦,仲間派,超現実,調整役,周囲を見てバランスを取る人,活動的で直感に従う、挑戦的な性格,仲間思いで超現実主義
外向,即決,挑戦,仲間派,現実,調整役,周囲を見てバランスを取る人,活動的で直感に従う、挑戦的な性格,仲間思いで現実主義
外向,即決,挑戦,仲間派,少現実,調整役,周囲を見てバランスを取る人,活動的で直感に従う、挑戦的な性格,仲間思いで現実的な側面を考慮する
外向,即決,挑戦,仲間派,少理想,調整役,周囲を見てバランスを取る人,活動的で直感に従う、挑戦的な性格,仲間思いで夢見がち
外向,即決,挑戦,仲間派,理想,カリスマリーダー,仲間を率いる熱血タイプ,活動的で直感に従う、挑戦的な性格,仲間思いで理想的
外向,即決,挑戦,仲間派,超理想,カリスマリーダー,仲間を率いる熱血タイプ,活動的で直感に従う、挑戦的な性格,仲間思いで地に足がついていない
外向,即決,挑戦,超仲間,超現実,調整役,周囲を見てバランスを取る人,活動的で直感に従う、挑戦的な性格,自己犠牲精神で超現実主義
外向,即決,挑戦,超仲間,現実,調整役,周囲を見てバランスを取る人,活動的で直感に従う、挑戦的な性格,自己犠牲精神で現実主義
外向,即決,挑戦,超仲間,少現実,調整役,周囲を見てバランスを取る人,活動的で直感に従う、挑戦的な性格,自己犠牲精神で現実的な側面を考慮する
外向,即決,挑戦,超仲間,少理想,調整役,周囲を見てバランスを取る人,活動的で直感に従う、挑戦的な性格,自己犠牲精神で夢見がち
外向,即決,挑戦,超仲間,理想,カリスマリーダー,仲間を率いる熱血タイプ,活動的で直感に従う、挑戦的な性格,自己犠牲精神で理想的
外向,即決,挑戦,超仲間,超理想,カリスマリーダー,仲間を率いる熱血タイプ,活動的で直感に従う、挑戦的な性格,自己犠牲精神で地に足がついていない
外向,即決,超挑戦,孤高,超現実,孤高の戦士,誰にも頼らず突き進む,活動的で直感に従う、果敢な性格,孤高の存在で超現実主義
外向,即決,超挑戦,孤高,現実,孤高の戦士,誰にも頼らず突き進む,活動的で直感に従う、果敢な性格,孤高の存在で現実主義
外向,即決,超挑戦,孤高,少現実,暴走隊長,突っ走る孤高タイプ,活動的で直感に従う、果敢な性格,孤高の存在で現実的な側面を考慮する
外向,即決,超挑戦,孤高,少理想,暴走隊長,突っ走る孤高タイプ,活動的で直感に従う、果敢な性格,孤高の存在で夢見がち
外向,即決,超挑戦,孤高,理想,暴走隊長,突っ走る孤高タイプ,活動的で直感に従う、果敢な性格,孤高の存在で理想的
外向,即決,超挑戦,孤高,超理想,暴走隊長,突っ走る孤高タイプ,活動的で直感に従う、果敢な性格,孤高の存在で地に足がついていない
外向,即決,超挑戦,一匹狼,超現実,孤高の戦士,誰にも頼らず突き進む,活動的で直感に従う、果敢な性格,一匹狼で超現実主義
外向,即決,超挑戦,一匹狼,現実,孤高の戦士,誰にも頼らず突き進む,活動的で直感に従う、果敢な性格,一匹狼で現実主義
外向,即決,超挑戦,一匹狼,少現実,暴走隊長,突っ走る孤高タイプ,活動的で直感に従う、果敢な性格,一匹狼で現実的な側面を考慮する
外向,即決,超挑戦,一匹狼,少理想,暴走隊長,突っ走る孤高タイプ,活動的で直感に従う、果敢な性格,一匹狼で夢見がち
外向,即決,超挑戦,一匹狼,理想,暴走隊長,突っ走る孤高タイプ,活動的で直感に従う、果敢な性格,一匹狼で理想的
外向,即決,超挑戦,一匹狼,超理想,暴走隊長,突っ走る孤高タイプ,活動的で直感に従う、果敢な性格,一匹狼で地に足がついていない
外向,即決,超挑戦,少孤独,超現実,調整役,周囲を見てバランスを取る人,活動的で直感に従う、果敢な性格,自由主義で超現実主義
外向,即決,超挑戦,少孤独,現実,調整役,周囲を見てバランスを取る人,活動的で直感に従う、果敢な性格,自由主義で現実主義
外向,即決,超挑戦,少孤独,少現実,調整役,周囲を見てバランスを取る人,活動的で直感に従う、果敢な性格,自由主義で現実的な側面を考慮する
外向,即決,超挑戦,少孤独,少理想,調整役,周囲を見てバランスを取る人,活動的で直感に従う、果敢な性格,自由主義で夢見がち
外向,即決,超挑戦,少孤独,理想,情熱家,夢と理想に燃える人物,活動的で直感に従う、果敢な性格,自由主義で理想的
外向,即決,超挑戦,少孤独,超理想,情熱家,夢と理想に燃える人物,活動的で直感に従う、果敢な性格,自由主義で地に足がついていない
外向,即決,超挑戦,少仲間,超現実,調整役,周囲を見てバランスを取る人,活動的で直感に従う、果敢な性格,温厚で超現実主義
外向,即決,超挑戦,少仲間,現実,調整役,周囲を見てバランスを取る人,活動的で直感に従う、果敢な性格,温厚で現実主義
外向,即決,超挑戦,少仲間,少現実,調整役,周囲を見てバランスを取る人,活動的で直感に従う、果敢な性格,温厚で現実的な側面を考慮する
外向,即決,超挑戦,少仲間,少理想,調整役,周囲を見てバランスを取る人,活動的で直感に従う、果敢な性格,温厚で夢見がち
外向,即決,超挑戦,少仲間,理想,情熱家,夢と理想に燃える人物,活動的で直感に従う、果敢な性格,温厚で理想的
外向,即決,超挑戦,少仲間,超理想,情熱家,夢と理想に燃える人物,活動的で直感に従う、果敢な性格,温厚で地に足がついていない
外向,即決,超挑戦,仲間派,超現実,調整役,周囲を見てバランスを取る人,活動的で直感に従う、果敢な性格,仲間思いで超現実主義
外向,即決,超挑戦,仲間派,現実,調整役,周囲を見てバランスを取る人,活動的で直感に従う、果敢な性格,仲間思いで現実主義
外向,即決,超挑戦,仲間派,少現実,調整役,周囲を見てバランスを取る人,活動的で直感に従う、果敢な性格,仲間思いで現実的な側面を考慮する
外向,即決,超挑戦,仲間派,少理想,調整役,周囲を見てバランスを取る人,活動的で直感に従う、果敢な性格,仲間思いで夢見がち
外向,即決,超挑戦,仲間派,理想,カリスマリーダー,仲間を率いる熱血タイプ,活動的で直感に従う、果敢な性格,仲間思いで理想的
外向,即決,超挑戦,仲間派,超理想,カリスマリーダー,仲間を率いる熱血タイプ,活動的で直感に従う、果敢な性格,仲間思いで地に足がついていない
外向,即決,超挑戦,超仲間,超現実,調整役,周囲を見てバランスを取る人,活動的で直感に従う、果敢な性格,自己犠牲精神で超現実主義
外向,即決,超挑戦,超仲間,現実,調整役,周囲を見てバランスを取る人,活動的で直感に従う、果敢な性格,自己犠牲精神で現実主義
外向,即決,超挑戦,超仲間,少現実,調整役,周囲を見てバランスを取る人,活動的で直感に従う、果敢な性格,自己犠牲精神で現実的な側面を考慮する
外向,即決,超挑戦,超仲間,少理想,調整役,周囲を見てバランスを取る人,活動的で直感に従う、果敢な性格,自己犠牲精神で夢見がち
外向,即決,超挑戦,超仲間,理想,カリスマリーダー,仲間を率いる熱血タイプ,活動的で直感に従う、果敢な性格,自己犠牲精神で理想的
外向,即決,超挑戦,超仲間,超理想,カリスマリーダー,仲間を率いる熱血タイプ,活動的で直感に従う、果敢な性格,自己犠牲精神で地に足がついていない
外向,超即決,超回避,孤高,超現実,ムードメーカー,明るく場を和ませる,活動的で後先考えず、対立を徹底的に避ける性格,孤高の存在で超現実主義
外向,超即決,超回避,孤高,現実,ムードメーカー,明るく場を和ませる,活動的で後先考えず、対立を徹底的に避ける性格,孤高の存在で現実主義
外向,超即決,超回避,孤高,少現実,ムードメーカー,明るく場を和ませる,活動的で後先考えず、対立を徹底的に避ける性格,孤高の存在で現実的な側面を考慮する
外向,超即決,超回避,孤高,少理想,ムードメーカー,明るく場を和ませる,活動的で後先考えず、対立を徹底的に避ける性格,孤高の存在で夢見がち
外向,超即決,超回避,孤高,理想,ムードメーカー,明るく場を和ませる,活動的で後先考えず、対立を徹底的に避ける性格,孤高の存在で理想的
外向,超即決,超回避,孤高,超理想,ムードメーカー,明るく場を和ませる,活動的で後先考えず、対立を徹底的に避ける性格,孤高の存在で地に足がついていない
外向,超即決,超回避,一匹狼,超現実,ムードメーカー,明るく場を和ませる,活動的で後先考えず、対立を徹底的に避ける性格,一匹狼で超現実主義
外向,超即決,超回避,一匹狼,現実,ムードメーカー,明るく場を和ませる,活動的で後先考えず、対立を徹底的に避ける性格,一匹狼で現実主義
外向,超即決,超回避,一匹狼,少現実,ムードメーカー,明るく場を和ませる,活動的で後先考えず、対立を徹底的に避ける性格,一匹狼で現実的な側面を考慮する
外向,超即決,超回避,一匹狼,少理想,ムードメーカー,明るく場を和ませる,活動的で後先考えず、対立を徹底的に避ける性格,一匹狼で夢見がち
外向,超即決,超回避,一匹狼,理想,ムードメーカー,明るく場を和ませる,活動的で後先考えず、対立を徹底的に避ける性格,一匹狼で理想的
外向,超即決,超回避,一匹狼,超理想,ムードメーカー,明るく場を和ませる,活動的で後先考えず、対立を徹底的に避ける性格,一匹狼で地に足がついていない
外向,超即決,超回避,少孤独,超現実,ムードメーカー,明るく場を和ませる,活動的で後先考えず、対立を徹底的に避ける性格,自由主義で超現実主義
外向,超即決,超回避,少孤独,現実,ムードメーカー,明るく場を和ませる,活動的で後先考えず、対立を徹底的に避ける性格,自由主義で現実主義
外向,超即決,超回避,少孤独,少現実,ムードメーカー,明るく場を和ませる,活動的で後先考えず、対立を徹底的に避ける性格,自由主義で現実的な側面を考慮する
外向,超即決,超回避,少孤独,少理想,ムードメーカー,明るく場を和ませる,活動的で後先考えず、対立を徹底的に避ける性格,自由主義で夢見がち
外向,超即決,超回避,少孤独,理想,ムードメーカー,明るく場を和ませる,活動的で後先考えず、対立を徹底的に避ける性格,自由主義で理想的
外向,超即決,超回避,少孤独,超理想,ムードメーカー,明るく場を和ませる,活動的で後先考えず、対立を徹底的に避ける性格,自由主義で地に足がついていない
外向,超即決,超回避,少仲間,超現実,ムードメーカー,明るく場を和ませる,活動的で後先考えず、対立を徹底的に避ける性格,温厚で超現実主義
外向,超即決,超回避,少仲間,現実,ムードメーカー,明るく場を和ませる,活動的で後先考えず、対立を徹底的に避ける性格,温厚で現実主義
外向,超即決,超回避,少仲間,少現実,ムードメーカー,明るく場を和ませる,活動的で後先考えず、対立を徹底的に避ける性格,温厚で現実的な側面を考慮する
外向,超即決,超回避,少仲間,少理想,ムードメーカー,明るく場を和ませる,活動的で後先考えず、対立を徹底的に避ける性格,温厚で夢見がち
外向,超即決,超回避,少仲間,理想,ムードメーカー,明るく場を和ませる,活動的で後先考えず、対立を徹底的に避ける性格,温厚で理想的
外向,超即決,超回避,少仲間,超理想,ムードメーカー,明るく場を和ませる,活動的で後先考えず、対立を徹底的に避ける性格,温厚で地に足がついていない
外向,超即決,超回避,仲間派,超現実,ムードメーカー,明るく場を和ませる,活動的で後先考えず、対立を徹底的に避ける性格,仲間思いで超現実主義
外向,超即決,超回避,仲間派,現実,ムードメーカー,明るく場を和ませる,活動的で後先考えず、対立を徹底的に避ける性格,仲間思いで現実主義
外向,超即決,超回避,仲間派,少現実,ムードメーカー,明るく場を和ませる,活動的で後先考えず、対立を徹底的に避ける性格,仲間思いで現実的な側面を考慮する
外向,超即決,超回避,仲間派,少理想,ムードメーカー,明るく場を和ませる,活動的で後先考えず、対立を徹底的に避ける性格,仲間思いで夢見がち
外向,超即決,超回避,仲間派,理想,ムードメーカー,明るく場を和ませる,活動的で後先考えず、対立を徹底的に避ける性格,仲間思いで理想的
外向,超即決,超回避,仲間派,超理想,ムードメーカー,明るく場を和ませる,活動的で後先考えず、対立を徹底的に避ける性格,仲間思いで地に足がついていない
外向,超即決,超回避,超仲間,超現実,ムードメーカー,明るく場を和ませる,活動的で後先考えず、対立を徹底的に避ける性格,自己犠牲精神で超現実主義
外向,超即決,超回避,超仲間,現実,ムードメーカー,明るく場を和ませる,活動的で後先考えず、対立を徹底的に避ける性格,自己犠牲精神で現実主義
外向,超即決,超回避,超仲間,少現実,ムードメーカー,明るく場を和ませる,活動的で後先考えず、対立を徹底的に避ける性格,自己犠牲精神で現実的な側面を考慮する
外向,超即決,超回避,超仲間,少理想,ムードメーカー,明るく場を和ませる,活動的で後先考えず、対立を徹底的に避ける性格,自己犠牲精神で夢見がち
外向,超即決,超回避,超仲間,理想,ムードメーカー,明るく場を和ませる,活動的で後先考えず、対立を徹底的に避ける性格,自己犠牲精神で理想的
外向,超即決,超回避,超仲間,超理想,ムードメーカー,明るく場を和ませる,活動的で後先考えず、対立を徹底的に避ける性格,自己犠牲精神で地に足がついていない
外向,超即決,回避,孤高,超現実,ムードメーカー,明るく場を和ませる,活動的で後先考えず、直接的な対応を好まない性格,孤高の存在で超現実主義
外向,超即決,回避,孤高,現実,ムードメーカー,明るく場を和ませる,活動的で後先考えず、直接的な対応を好まない性格,孤高の存在で現実主義
外向,超即決,回避,孤高,少現実,ムードメーカー,明るく場を和ませる,活動的で後先考えず、直接的な対応を好まない性格,孤高の存在で現実的な側面を考慮する
外向,超即決,回避,孤高,少理想,ムードメーカー,明るく場を和ませる,活動的で後先考えず、直接的な対応を好まない性格,孤高の存在で夢見がち
外向,超即決,回避,孤高,理想,ムードメーカー,明るく場を和ませる,活動的で後先考えず、直接的な対応を好まない性格,孤高の存在で理想的
外向,超即決,回避,孤高,超理想,ムードメーカー,明るく場を和ませる,活動的で後先考えず、直接的な対応を好まない性格,孤高の存在で地に足がついていない
外向,超即決,回避,一匹狼,超現実,ムードメーカー,明るく場を和ませる,活動的で後先考えず、直接的な対応を好まない性格,一匹狼で超現実主義
外向,超即決,回避,一匹狼,現実,ムードメーカー,明るく場を和ませる,活動的で後先考えず、直接的な対応を好まない性格,一匹狼で現実主義
外向,超即決,回避,一匹狼,少現実,ムードメーカー,明るく場を和ませる,活動的で後先考えず、直接的な対応を好まない性格,一匹狼で現実的な側面を考慮する
外向,超即決,回避,一匹狼,少理想,ムードメーカー,明るく場を和ませる,活動的で後先考えず、直接的な対応を好まない性格,一匹狼で夢見がち
外向,超即決,回避,一匹狼,理想,ムードメーカー,明るく場を和ませる,活動的で後先考えず、直接的な対応を好まない性格,一匹狼で理想的
外向,超即決,回避,一匹狼,超理想,ムードメーカー,明るく場を和ませる,活動的で後先考えず、直接的な対応を好まない性格,一匹狼で地に足がついていない
外向,超即決,回避,少孤独,超現実,ムードメーカー,明るく場を和ませる,活動的で後先考えず、直接的な対応を好まない性格,自由主義で超現実主義
外向,超即決,回避,少孤独,現実,ムードメーカー,明るく場を和ませる,活動的で後先考えず、直接的な対応を好まない性格,自由主義で現実主義
外向,超即決,回避,少孤独,少現実,ムードメーカー,明るく場を和ませる,活動的で後先考えず、直接的な対応を好まない性格,自由主義で現実的な側面を考慮する
外向,超即決,回避,少孤独,少理想,ムードメーカー,明るく場を和ませる,活動的で後先考えず、直接的な対応を好まない性格,自由主義で夢見がち
外向,超即決,回避,少孤独,理想,ムードメーカー,明るく場を和ませる,活動的で後先考えず、直接的な対応を好まない性格,自由主義で理想的
外向,超即決,回避,少孤独,超理想,ムードメーカー,明るく場を和ませる,活動的で後先考えず、直接的な対応を好まない性格,自由主義で地に足がついていない
外向,超即決,回避,少仲間,超現実,ムードメーカー,明るく場を和ませる,活動的で後先考えず、直接的な対応を好まない性格,温厚で超現実主義
外向,超即決,回避,少仲間,現実,ムードメーカー,明るく場を和ませる,活動的で後先考えず、直接的な対応を好まない性格,温厚で現実主義
外向,超即決,回避,少仲間,少現実,ムードメーカー,明るく場を和ませる,活動的で後先考えず、直接的な対応を好まない性格,温厚で現実的な側面を考慮する
外向,超即決,回避,少仲間,少理想,ムードメーカー,明るく場を和ませる,活動的で後先考えず、直接的な対応を好まない性格,温厚で夢見がち
外向,超即決,回避,少仲間,理想,ムードメーカー,明るく場を和ませる,活動的で後先考えず、直接的な対応を好まない性格,温厚で理想的
外向,超即決,回避,少仲間,超理想,ムードメーカー,明るく場を和ませる,活動的で後先考えず、直接的な対応を好まない性格,温厚で地に足がついていない
外向,超即決,回避,仲間派,超現実,ムードメーカー,明るく場を和ませる,活動的で後先考えず、直接的な対応を好まない性格,仲間思いで超現実主義
外向,超即決,回避,仲間派,現実,ムードメーカー,明るく場を和ませる,活動的で後先考えず、直接的な対応を好まない性格,仲間思いで現実主義
外向,超即決,回避,仲間派,少現実,ムードメーカー,明るく場を和ませる,活動的で後先考えず、直接的な対応を好まない性格,仲間思いで現実的な側面を考慮する
外向,超即決,回避,仲間派,少理想,ムードメーカー,明るく場を和ませる,活動的で後先考えず、直接的な対応を好まない性格,仲間思いで夢見がち
外向,超即決,回避,仲間派,理想,ムードメーカー,明るく場を和ませる,活動的で後先考えず、直接的な対応を好まない性格,仲間思いで理想的
外向,超即決,回避,仲間派,超理想,ムードメーカー,明るく場を和ませる,活動的で後先考えず、直接的な対応を好まない性格,仲間思いで地に足がついていない
外向,超即決,回避,超仲間,超現実,ムードメーカー,明るく場を和ませる,活動的で後先考えず、直接的な対応を好まない性格,自己犠牲精神で超現実主義
外向,超即決,回避,超仲間,現実,ムードメーカー,明るく場を和ませる,活動的で後先考えず、直接的な対応を好まない性格,自己犠牲精神で現実主義
外向,超即決,回避,超仲間,少現実,ムードメーカー,明るく場を和ませる,活動的で後先考えず、直接的な対応を好まない性格,自己犠牲精神で現実的な側面を考慮する
外向,超即決,回避,超仲間,少理想,ムードメーカー,明るく場を和ませる,活動的で後先考えず、直接的な対応を好まない性格,自己犠牲精神で夢見がち
外向,超即決,回避,超仲間,理想,ムードメーカー,明るく場を和ませる,活動的で後先考えず、直接的な対応を好まない性格,自己犠牲精神で理想的
外向,超即決,回避,超仲間,超理想,ムードメーカー,明るく場を和ませる,活動的で後先考えず、直接的な対応を好まない性格,自己犠牲精神で地に足がついていない
外向,超即決,少回避,孤高,超現実,暴走隊長,突っ走る孤高タイプ,活動的で後先考えず、争いごとを好まない性格,孤高の存在で超現実主義
外向,超即決,少回避,孤高,現実,暴走隊長,突っ走る孤高タイプ,活動的で後先考えず、争いごとを好まない性格,孤高の存在で現実主義
外向,超即決,少回避,孤高,少現実,暴走隊長,突っ走る孤高タイプ,活動的で後先考えず、争いごとを好まない性格,孤高の存在で現実的な側面を考慮する
外向,超即決,少回避,孤高,少理想,暴走隊長,突っ走る孤高タイプ,活動的で後先考えず、争いごとを好まない性格,孤高の存在で夢見がち
外向,超即決,少回避,孤高,理想,暴走隊長,突っ走る孤高タイプ,活動的で後先考えず、争いごとを好まない性格,孤高の存在で理想的
外向,超即決,少回避,孤高,超理想,暴走隊長,突っ走る孤高タイプ,活動的で後先考えず、争いごとを好まない性格,孤高の存在で地に足がついていない
外向,超即決,少回避,一匹狼,超現実,暴走隊長,突っ走る孤高タイプ,活動的で後先考えず、争いごとを好まない性格,一匹狼で超現実主義
外向,超即決,少回避,一匹狼,現実,暴走隊長,突っ走る孤高タイプ,活動的で後先考えず、争いごとを好まない性格,一匹狼で現実主義
外向,超即決,少回避,一匹狼,少現実,暴走隊長,突っ走る孤高タイプ,活動的で後先考えず、争いごとを好まない性格,一匹狼で現実的な側面を考慮する
外向,超即決,少回避,一匹狼,少理想,暴走隊長,突っ走る孤高タイプ,活動的で後先考えず、争いごとを好まない性格,一匹狼で夢見がち
外向,超即決,少回避,一匹狼,理想,暴走隊長,突っ走る孤高タイプ,活動的で後先考えず、争いごとを好まない性格,一匹狼で理想的
外向,超即決,少回避,一匹狼,超理想,暴走隊長,突っ走る孤高タイプ,活動的で後先考えず、争いごとを好まない性格,一匹狼で地に足がついていない
外向,超即決,少回避,少孤独,超現実,調整役,周囲を見てバランスを取る人,活動的で後先考えず、争いごとを好まない性格,自由主義で超現実主義
外向,超即決,少回避,少孤独,現実,調整役,周囲を見てバランスを取る人,活動的で後先考えず、争いごとを好まない性格,自由主義で現実主義
外向,超即決,少回避,少孤独,少現実,調整役,周囲を見てバランスを取る人,活動的で後先考えず、争いごとを好まない性格,自由主義で現実的な側面を考慮する
外向,超即決,少回避,少孤独,少理想,調整役,周囲を見てバランスを取る人,活動的で後先考えず、争いごとを好まない性格,自由主義で夢見がち
外向,超即決,少回避,少孤独,理想,情熱家,夢と理想に燃える人物,活動的で後先考えず、争いごとを好まない性格,自由主義で理想的
外向,超即決,少回避,少孤独,超理想,情熱家,夢と理想に燃える人物,活動的で後先考えず、争いごとを好まない性格,自由主義で地に足がついていない
外向,超即決,少回避,少仲間,超現実,調整役,周囲を見てバランスを取る人,活動的で後先考えず、争いごとを好まない性格,温厚で超現実主義
外向,超即決,少回避,少仲間,現実,調整役,周囲を見てバランスを取る人,活動的で後先考えず、争いごとを好まない性格,温厚で現実主義
外向,超即決,少回避,少仲間,少現実,調整役,周囲を見てバランスを取る人,活動的で後先考えず、争いごとを好まない性格,温厚で現実的な側面を考慮する
外向,超即決,少回避,少仲間,少理想,調整役,周囲を見てバランスを取る人,活動的で後先考えず、争いごとを好まない性格,温厚で夢見がち
外向,超即決,少回避,少仲間,理想,情熱家,夢と理想に燃える人物,活動的で後先考えず、争いごとを好まない性格,温厚で理想的
外向,超即決,少回避,少仲間,超理想,情熱家,夢と理想に燃える人物,活動的で後先考えず、争いごとを好まない性格,温厚で地に足がついていない
外向,超即決,少回避,仲間派,超現実,守護者,仲間を守る頼れる存在,活動的で後先考えず、争いごとを好まない性格,仲間思いで超現実主義
外向,超即決,少回避,仲間派,現実,守護者,仲間を守る頼れる存在,活動的で後先考えず、争いごとを好まない性格,仲間思いで現実主義
外向,超即決,少回避,仲間派,少現実,守護者,仲間を守る頼れる存在,活動的で後先考えず、争いごとを好まない性格,仲間思いで現実的な側面を考慮する
外向,超即決,少回避,仲間派,少理想,守護者,仲間を守る頼れる存在,活動的で後先考えず、争いごとを好まない性格,仲間思いで夢見がち
外向,超即決,少回避,仲間派,理想,守護者,仲間を守る頼れる存在,活動的で後先考えず、争いごとを好まない性格,仲間思いで理想的
外向,超即決,少回避,仲間派,超理想,守護者,仲間を守る頼れる存在,活動的で後先考えず、争いごとを好まない性格,仲間思いで地に足がついていない
外向,超即決,少回避,超仲間,超現実,守護者,仲間を守る頼れる存在,活動的で後先考えず、争いごとを好まない性格,自己犠牲精神で超現実主義
外向,超即決,少回避,超仲間,現実,守護者,仲間を守る頼れる存在,活動的で後先考えず、争いごとを好まない性格,自己犠牲精神で現実主義
外向,超即決,少回避,超仲間,少現実,守護者,仲間を守る頼れる存在,活動的で後先考えず、争いごとを好まない性格,自己犠牲精神で現実的な側面を考慮する
外向,超即決,少回避,超仲間,少理想,守護者,仲間を守る頼れる存在,活動的で後先考えず、争いごとを好まない性格,自己犠牲精神で夢見がち
外向,超即決,少回避,超仲間,理想,守護者,仲間を守る頼れる存在,活動的で後先考えず、争いごとを好まない性格,自己犠牲精神で理想的
外向,超即決,少回避,超仲間,超理想,守護者,仲間を守る頼れる存在,活動的で後先考えず、争いごとを好まない性格,自己犠牲精神で地に足がついていない
外向,超即決,少挑戦,孤高,超現実,暴走隊長,突っ走る孤高タイプ,活動的で後先考えず、探求心がある性格,孤高の存在で超現実主義
外向,超即決,少挑戦,孤高,現実,暴走隊長,突っ走る孤高タイプ,活動的で後先考えず、探求心がある性格,孤高の存在で現実主義
外向,超即決,少挑戦,孤高,少現実,暴走隊長,突っ走る孤高タイプ,活動的で後先考えず、探求心がある性格,孤高の存在で現実的な側面を考慮する
外向,超即決,少挑戦,孤高,少理想,暴走隊長,突っ走る孤高タイプ,活動的で後先考えず、探求心がある性格,孤高の存在で夢見がち
外向,超即決,少挑戦,孤高,理想,暴走隊長,突っ走る孤高タイプ,活動的で後先考えず、探求心がある性格,孤高の存在で理想的
外向,超即決,少挑戦,孤高,超理想,暴走隊長,突っ走る孤高タイプ,活動的で後先考えず、探求心がある性格,孤高の存在で地に足がついていない
外向,超即決,少挑戦,一匹狼,超現実,暴走隊長,突っ走る孤高タイプ,活動的で後先考えず、探求心がある性格,一匹狼で超現実主義
外向,超即決,少挑戦,一匹狼,現実,暴走隊長,突っ走る孤高タイプ,活動的で後先考えず、探求心がある性格,一匹狼で現実主義
外向,超即決,少挑戦,一匹狼,少現実,暴走隊長,突っ走る孤高タイプ,活動的で後先考えず、探求心がある性格,一匹狼で現実的な側面を考慮する
外向,超即決,少挑戦,一匹狼,少理想,暴走隊長,突っ走る孤高タイプ,活動的で後先考えず、探求心がある性格,一匹狼で夢見がち
外向,超即決,少挑戦,一匹狼,理想,暴走隊長,突っ走る孤高タイプ,活動的で後先考えず、探求心がある性格,一匹狼で理想的
外向,超即決,少挑戦,一匹狼,超理想,暴走隊長,突っ走る孤高タイプ,活動的で後先考えず、探求心がある性格,一匹狼で地に足がついていない
外向,超即決,少挑戦,少孤独,超現実,調整役,周囲を見てバランスを取る人,活動的で後先考えず、探求心がある性格,自由主義で超現実主義
外向,超即決,少挑戦,少孤独,現実,調整役,周囲を見てバランスを取る人,活動的で後先考えず、探求心がある性格,自由主義で現実主義
外向,超即決,少挑戦,少孤独,少現実,調整役,周囲を見てバランスを取る人,活動的で後先考えず、探求心がある性格,自由主義で現実的な側面を考慮する
外向,超即決,少挑戦,少孤独,少理想,調整役,周囲を見てバランスを取る人,活動的で後先考えず、探求心がある性格,自由主義で夢見がち
外向,超即決,少挑戦,少孤独,理想,情熱家,夢と理想に燃える人物,活動的で後先考えず、探求心がある性格,自由主義で理想的
外向,超即決,少挑戦,少孤独,超理想,情熱家,夢と理想に燃える人物,活動的で後先考えず、探求心がある性格,自由主義で地に足がついていない
外向,超即決,少挑戦,少仲間,超現実,調整役,周囲を見てバランスを取る人,活動的で後先考えず、探求心がある性格,温厚で超現実主義
外向,超即決,少挑戦,少仲間,現実,調整役,周囲を見てバランスを取る人,活動的で後先考えず、探求心がある性格,温厚で現実主義
外向,超即決,少挑戦,少仲間,少現実,調整役,周囲を見てバランスを取る人,活動的で後先考えず、探求心がある性格,温厚で現実的な側面を考慮する
外向,超即決,少挑戦,少仲間,少理想,調整役,周囲を見てバランスを取る人,活動的で後先考えず、探求心がある性格,温厚で夢見がち
外向,超即決,少挑戦,少仲間,理想,情熱家,夢と理想に燃える人物,活動的で後先考えず、探求心がある性格,温厚で理想的
外向,超即決,少挑戦,少仲間,超理想,情熱家,夢と理想に燃える人物,活動的で後先考えず、探求心がある性格,温厚で地に足がついていない
外向,超即決,少挑戦,仲間派,超現実,調整役,周囲を見てバランスを取る人,活動的で後先考えず、探求心がある性格,仲間思いで超現実主義
外向,超即決,少挑戦,仲間派,現実,調整役,周囲を見てバランスを取る人,活動的で後先考えず、探求心がある性格,仲間思いで現実主義
外向,超即決,少挑戦,仲間派,少現実,調整役,周囲を見てバランスを取る人,活動的で後先考えず、探求心がある性格,仲間思いで現実的な側面を考慮する
外向,超即決,少挑戦,仲間派,少理想,調整役,周囲を見てバランスを取る人,活動的で後先考えず、探求心がある性格,仲間思いで夢見がち
外向,超即決,少挑戦,仲間派,理想,情熱家,夢と理想に燃える人物,活動的で後先考えず、探求心がある性格,仲間思いで理想的
外向,超即決,少挑戦,仲間派,超理想,情熱家,夢と理想に燃える人物,活動的で後先考えず、探求心がある性格,仲間思いで地に足がついていない
外向,超即決,少挑戦,超仲間,超現実,調整役,周囲を見てバランスを取る人,活動的で後先考えず、探求心がある性格,自己犠牲精神で超現実主義
外向,超即決,少挑戦,超仲間,現実,調整役,周囲を見てバランスを取る人,活動的で後先考えず、探求心がある性格,自己犠牲精神で現実主義
外向,超即決,少挑戦,超仲間,少現実,調整役,周囲を見てバランスを取る人,活動的で後先考えず、探求心がある性格,自己犠牲精神で現実的な側面を考慮する
外向,超即決,少挑戦,超仲間,少理想,調整役,周囲を見てバランスを取る人,活動的で後先考えず、探求心がある性格,自己犠牲精神で夢見がち
外向,超即決,少挑戦,超仲間,理想,情熱家,夢と理想に燃える人物,活動的で後先考えず、探求心がある性格,自己犠牲精神で理想的
外向,超即決,少挑戦,超仲間,超理想,情熱家,夢と理想に燃える人物,活動的で後先考えず、探求心がある性格,自己犠牲精神で地に足がついていない
外向,超即決,挑戦,孤高,超現実,孤高の戦士,誰にも頼らず突き進む,活動的で後先考えず、挑戦的な性格,孤高の存在で超現実主義
外向,超即決,挑戦,孤高,現実,孤高の戦士,誰にも頼らず突き進む,活動的で後先考えず、挑戦的な性格,孤高の存在で現実主義
外向,超即決,挑戦,孤高,少現実,暴走隊長,突っ走る孤高タイプ,活動的で後先考えず、挑戦的な性格,孤高の存在で現実的な側面を考慮する
外向,超即決,挑戦,孤高,少理想,暴走隊長,突っ走る孤高タイプ,活動的で後先考えず、挑戦的な性格,孤高の存在で夢見がち
外向,超即決,挑戦,孤高,理想,暴走隊長,突っ走る孤高タイプ,活動的で後先考えず、挑戦的な性格,孤高の存在で理想的
外向,超即決,挑戦,孤高,超理想,暴走隊長,突っ走る孤高タイプ,活動的で後先考えず、挑戦的な性格,孤高の存在で地に足がついていない
外向,超即決,挑戦,一匹狼,超現実,孤高の戦士,誰にも頼らず突き進む,活動的で後先考えず、挑戦的な性格,一匹狼で超現実主義
外向,超即決,挑戦,一匹狼,現実,孤高の戦士,誰にも頼らず突き進む,活動的で後先考えず、挑戦的な性格,一匹狼で現実主義
外向,超即決,挑戦,一匹狼,少現実,暴走隊長,突っ走る孤高タイプ,活動的で後先考えず、挑戦的な性格,一匹狼で現実的な側面を考慮する
外向,超即決,挑戦,一匹狼,少理想,暴走隊長,突っ走る孤高タイプ,活動的で後先考えず、挑戦的な性格,一匹狼で夢見がち
外向,超即決,挑戦,一匹狼,理想,暴走隊長,突っ走る孤高タイプ,活動的で後先考えず、挑戦的な性格,一匹狼で理想的
外向,超即決,挑戦,一匹狼,超理想,暴走隊長,突っ走る孤高タイプ,活動的で後先考えず、挑戦的な性格,一匹狼で地に足がついていない
外向,超即決,挑戦,少孤独,超現実,調整役,周囲を見てバランスを取る人,活動的で後先考えず、挑戦的な性格,自由主義で超現実主義
外向,超即決,挑戦,少孤独,現実,調整役,周囲を見てバランスを取る人,活動的で後先考えず、挑戦的な性格,自由主義で現実主義
外向,超即決,挑戦,少孤独,少現実,調整役,周囲を見てバランスを取る人,活動的で後先考えず、挑戦的な性格,自由主義で現実的な側面を考慮する
外向,超即決,挑戦,少孤独,少理想,調整役,周囲を見てバランスを取る人,活動的で後先考えず、挑戦的な性格,自由主義で夢見がち
外向,超即決,挑戦,少孤独,理想,情熱家,夢と理想に燃える人物,活動的で後先考えず、挑戦的な性格,自由主義で理想的
外向,超即決,挑戦,少孤独,超理想,情熱家,夢と理想に燃える人物,活動的で後先考えず、挑戦的な性格,自由主義で地に足がついていない
外向,超即決,挑戦,少仲間,超現実,調整役,周囲を見てバランスを取る人,活動的で後先考えず、挑戦的な性格,温厚で超現実主義
外向,超即決,挑戦,少仲間,現実,調整役,周囲を見てバランスを取る人,活動的で後先考えず、挑戦的な性格,温厚で現実主義
外向,超即決,挑戦,少仲間,少現実,調整役,周囲を見てバランスを取る人,活動的で後先考えず、挑戦的な性格,温厚で現実的な側面を考慮する
外向,超即決,挑戦,少仲間,少理想,調整役,周囲を見てバランスを取る人,活動的で後先考えず、挑戦的な性格,温厚で夢見がち
外向,超即決,挑戦,少仲間,理想,情熱家,夢と理想に燃える人物,活動的で後先考えず、挑戦的な性格,温厚で理想的
外向,超即決,挑戦,少仲間,超理想,情熱家,夢と理想に燃える人物,活動的で後先考えず、挑戦的な性格,温厚で地に足がついていない
外向,超即決,挑戦,仲間派,超現実,調整役,周囲を見てバランスを取る人,活動的で後先考えず、挑戦的な性格,仲間思いで超現実主義
外向,超即決,挑戦,仲間派,現実,調整役,周囲を見てバランスを取る人,活動的で後先考えず、挑戦的な性格,仲間思いで現実主義
外向,超即決,挑戦,仲間派,少現実,調整役,周囲を見てバランスを取る人,活動的で後先考えず、挑戦的な性格,仲間思いで現実的な側面を考慮する
外向,超即決,挑戦,仲間派,少理想,調整役,周囲を見てバランスを取る人,活動的で後先考えず、挑戦的な性格,仲間思いで夢見がち
外向,超即決,挑戦,仲間派,理想,カリスマリーダー,仲間を率いる熱血タイプ,活動的で後先考えず、挑戦的な性格,仲間思いで理想的
外向,超即決,挑戦,仲間派,超理想,カリスマリーダー,仲間を率いる熱血タイプ,活動的で後先考えず、挑戦的な性格,仲間思いで地に足がついていない
外向,超即決,挑戦,超仲間,超現実,調整役,周囲を見てバランスを取る人,活動的で後先考えず、挑戦的な性格,自己犠牲精神で超現実主義
外向,超即決,挑戦,超仲間,現実,調整役,周囲を見てバランスを取る人,活動的で後先考えず、挑戦的な性格,自己犠牲精神で現実主義
外向,超即決,挑戦,超仲間,少現実,調整役,周囲を見てバランスを取る人,活動的で後先考えず、挑戦的な性格,自己犠牲精神で現実的な側面を考慮する
外向,超即決,挑戦,超仲間,少理想,調整役,周囲を見てバランスを取る人,活動的で後先考えず、挑戦的な性格,自己犠牲精神で夢見がち
外向,超即決,挑戦,超仲間,理想,カリスマリーダー,仲間を率いる熱血タイプ,活動的で後先考えず、挑戦的な性格,自己犠牲精神で理想的
外向,超即決,挑戦,超仲間,超理想,カリスマリーダー,仲間を率いる熱血タイプ,活動的で後先考えず、挑戦的な性格,自己犠牲精神で地に足がついていない
外向,超即決,超挑戦,孤高,超現実,孤高の戦士,誰にも頼らず突き進む,活動的で後先考えず、果敢な性格,孤高の存在で超現実主義
外向,超即決,超挑戦,孤高,現実,孤高の戦士,誰にも頼らず突き進む,活動的で後先考えず、果敢な性格,孤高の存在で現実主義
外向,超即決,超挑戦,孤高,少現実,暴走隊長,突っ走る孤高タイプ,活動的で後先考えず、果敢な性格,孤高の存在で現実的な側面を考慮する
外向,超即決,超挑戦,孤高,少理想,暴走隊長,突っ走る孤高タイプ,活動的で後先考えず、果敢な性格,孤高の存在で夢見がち
外向,超即決,超挑戦,孤高,理想,暴走隊長,突っ走る孤高タイプ,活動的で後先考えず、果敢な性格,孤高の存在で理想的
外向,超即決,超挑戦,孤高,超理想,暴走隊長,突っ走る孤高タイプ,活動的で後先考えず、果敢な性格,孤高の存在で地に足がついていない
外向,超即決,超挑戦,一匹狼,超現実,孤高の戦士,誰にも頼らず突き進む,活動的で後先考えず、果敢な性格,一匹狼で超現実主義
外向,超即決,超挑戦,一匹狼,現実,孤高の戦士,誰にも頼らず突き進む,活動的で後先考えず、果敢な性格,一匹狼で現実主義
外向,超即決,超挑戦,一匹狼,少現実,暴走隊長,突っ走る孤高タイプ,活動的で後先考えず、果敢な性格,一匹狼で現実的な側面を考慮する
外向,超即決,超挑戦,一匹狼,少理想,暴走隊長,突っ走る孤高タイプ,活動的で後先考えず、果敢な性格,一匹狼で夢見がち
外向,超即決,超挑戦,一匹狼,理想,暴走隊長,突っ走る孤高タイプ,活動的で後先考えず、果敢な性格,一匹狼で理想的
外向,超即決,超挑戦,一匹狼,超理想,暴走隊長,突っ走る孤高タイプ,活動的で後先考えず、果敢な性格,一匹狼で地に足がついていない
外向,超即決,超挑戦,少孤独,超現実,調整役,周囲を見てバランスを取る人,活動的で後先考えず、果敢な性格,自由主義で超現実主義
外向,超即決,超挑戦,少孤独,現実,調整役,周囲を見てバランスを取る人,活動的で後先考えず、果敢な性格,自由主義で現実主義
外向,超即決,超挑戦,少孤独,少現実,調整役,周囲を見てバランスを取る人,活動的で後先考えず、果敢な性格,自由主義で現実的な側面を考慮する
外向,超即決,超挑戦,少孤独,少理想,調整役,周囲を見てバランスを取る人,活動的で後先考えず、果敢な性格,自由主義で夢見がち
外向,超即決,超挑戦,少孤独,理想,情熱家,夢と理想に燃える人物,活動的で後先考えず、果敢な性格,自由主義で理想的
外向,超即決,超挑戦,少孤独,超理想,情熱家,夢と理想に燃える人物,活動的で後先考えず、果敢な性格,自由主義で地に足がついていない
外向,超即決,超挑戦,少仲間,超現実,調整役,周囲を見てバランスを取る人,活動的で後先考えず、果敢な性格,温厚で超現実主義
外向,超即決,超挑戦,少仲間,現実,調整役,周囲を見てバランスを取る人,活動的で後先考えず、果敢な性格,温厚で現実主義
外向,超即決,超挑戦,少仲間,少現実,調整役,周囲を見てバランスを取る人,活動的で後先考えず、果敢な性格,温厚で現実的な側面を考慮する
外向,超即決,超挑戦,少仲間,少理想,調整役,周囲を見てバランスを取る人,活動的で後先考えず、果敢な性格,温厚で夢見がち
外向,超即決,超挑戦,少仲間,理想,情熱家,夢と理想に燃える人物,活動的で後先考えず、果敢な性格,温厚で理想的
外向,超即決,超挑戦,少仲間,超理想,情熱家,夢と理想に燃える人物,活動的で後先考えず、果敢な性格,温厚で地に足がついていない
外向,超即決,超挑戦,仲間派,超現実,調整役,周囲を見てバランスを取る人,活動的で後先考えず、果敢な性格,仲間思いで超現実主義
外向,超即決,超挑戦,仲間派,現実,調整役,周囲を見てバランスを取る人,活動的で後先考えず、果敢な性格,仲間思いで現実主義
外向,超即決,超挑戦,仲間派,少現実,調整役,周囲を見てバランスを取る人,活動的で後先考えず、果敢な性格,仲間思いで現実的な側面を考慮する
外向,超即決,超挑戦,仲間派,少理想,調整役,周囲を見てバランスを取る人,活動的で後先考えず、果敢な性格,仲間思いで夢見がち
外向,超即決,超挑戦,仲間派,理想,カリスマリーダー,仲間を率いる熱血タイプ,活動的で後先考えず、果敢な性格,仲間思いで理想的
外向,超即決,超挑戦,仲間派,超理想,カリスマリーダー,仲間を率いる熱血タイプ,活動的で後先考えず、果敢な性格,仲間思いで地に足がついていない
外向,超即決,超挑戦,超仲間,超現実,調整役,周囲を見てバランスを取る人,活動的で後先考えず、果敢な性格,自己犠牲精神で超現実主義
外向,超即決,超挑戦,超仲間,現実,調整役,周囲を見てバランスを取る人,活動的で後先考えず、果敢な性格,自己犠牲精神で現実主義
外向,超即決,超挑戦,超仲間,少現実,調整役,周囲を見てバランスを取る人,活動的で後先考えず、果敢な性格,自己犠牲精神で現実的な側面を考慮する
外向,超即決,超挑戦,超仲間,少理想,調整役,周囲を見てバランスを取る人,活動的で後先考えず、果敢な性格,自己犠牲精神で夢見がち
外向,超即決,超挑戦,超仲間,理想,カリスマリーダー,仲間を率いる熱血タイプ,活動的で後先考えず、果敢な性格,自己犠牲精神で理想的
外向,超即決,超挑戦,超仲間,超理想,カリスマリーダー,仲間を率いる熱血タイプ,活動的で後先考えず、果敢な性格,自己犠牲精神で地に足がついていない
超外向,超慎重,超回避,孤高,超現実,ムードメーカー,明るく場を和ませる,非常に社交的でリスクを極端に避け、対立を徹底的に避ける性格,孤高の存在で超現実主義
超外向,超慎重,超回避,孤高,現実,ムードメーカー,明るく場を和ませる,非常に社交的でリスクを極端に避け、対立を徹底的に避ける性格,孤高の存在で現実主義
超外向,超慎重,超回避,孤高,少現実,ムードメーカー,明るく場を和ませる,非常に社交的でリスクを極端に避け、対立を徹底的に避ける性格,孤高の存在で現実的な側面を考慮する
超外向,超慎重,超回避,孤高,少理想,ムードメーカー,明るく場を和ませる,非常に社交的でリスクを極端に避け、対立を徹底的に避ける性格,孤高の存在で夢見がち
超外向,超慎重,超回避,孤高,理想,ムードメーカー,明るく場を和ませる,非常に社交的でリスクを極端に避け、対立を徹底的に避ける性格,孤高の存在で理想的
超外向,超慎重,超回避,孤高,超理想,ムードメーカー,明るく場を和ませる,非常に社交的でリスクを極端に避け、対立を徹底的に避ける性格,孤高の存在で地に足がついていない
超外向,超慎重,超回避,一匹狼,超現実,ムードメーカー,明るく場を和ませる,非常に社交的でリスクを極端に避け、対立を徹底的に避ける性格,一匹狼で超現実主義
超外向,超慎重,超回避,一匹狼,現実,ムードメーカー,明るく場を和ませる,非常に社交的でリスクを極端に避け、対立を徹底的に避ける性格,一匹狼で現実主義
超外向,超慎重,超回避,一匹狼,少現実,ムードメーカー,明るく場を和ませる,非常に社交的でリスクを極端に避け、対立を徹底的に避ける性格,一匹狼で現実的な側面を考慮する
超外向,超慎重,超回避,一匹狼,少理想,ムードメーカー,明るく場を和ませる,非常に社交的でリスクを極端に避け、対立を徹底的に避ける性格,一匹狼で夢見がち
超外向,超慎重,超回避,一匹狼,理想,ムードメーカー,明るく場を和ませる,非常に社交的でリスクを極端に避け、対立を徹底的に避ける性格,一匹狼で理想的
超外向,超慎重,超回避,一匹狼,超理想,ムードメーカー,明るく場を和ませる,非常に社交的でリスクを極端に避け、対立を徹底的に避ける性格,一匹狼で地に足がついていない
超外向,超慎重,超回避,少孤独,超現実,ムードメーカー,明るく場を和ませる,非常に社交的でリスクを極端に避け、対立を徹底的に避ける性格,自由主義で超現実主義
超外向,超慎重,超回避,少孤独,現実,ムードメーカー,明るく場を和ませる,非常に社交的でリスクを極端に避け、対立を徹底的に避ける性格,自由主義で現実主義
超外向,超慎重,超回避,少孤独,少現実,ムードメーカー,明るく場を和ませる,非常に社交的でリスクを極端に避け、対立を徹底的に避ける性格,自由主義で現実的な側面を考慮する
超外向,超慎重,超回避,少孤独,少理想,ムードメーカー,明るく場を和ませる,非常に社交的でリスクを極端に避け、対立を徹底的に避ける性格,自由主義で夢見がち
超外向,超慎重,超回避,少孤独,理想,ムードメーカー,明るく場を和ませる,非常に社交的でリスクを極端に避け、対立を徹底的に避ける性格,自由主義で理想的
超外向,超慎重,超回避,少孤独,超理想,ムードメーカー,明るく場を和ませる,非常に社交的でリスクを極端に避け、対立を徹底的に避ける性格,自由主義で地に足がついていない
超外向,超慎重,超回避,少仲間,超現実,ムードメーカー,明るく場を和ませる,非常に社交的でリスクを極端に避け、対立を徹底的に避ける性格,温厚で超現実主義
超外向,超慎重,超回避,少仲間,現実,ムードメーカー,明るく場を和ませる,非常に社交的でリスクを極端に避け、対立を徹底的に避ける性格,温厚で現実主義
超外向,超慎重,超回避,少仲間,少現実,ムードメーカー,明るく場を和ませる,非常に社交的でリスクを極端に避け、対立を徹底的に避ける性格,温厚で現実的な側面を考慮する
超外向,超慎重,超回避,少仲間,少理想,ムードメーカー,明るく場を和ませる,非常に社交的でリスクを極端に避け、対立を徹底的に避ける性格,温厚で夢見がち
超外向,超慎重,超回避,少仲間,理想,ムードメーカー,明るく場を和ませる,非常に社交的でリスクを極端に避け、対立を徹底的に避ける性格,温厚で理想的
超外向,超慎重,超回避,少仲間,超理想,ムードメーカー,明るく場を和ませる,非常に社交的でリスクを極端に避け、対立を徹底的に避ける性格,温厚で地に足がついていない
超外向,超慎重,超回避,仲間派,超現実,ムードメーカー,明るく場を和ませる,非常に社交的でリスクを極端に避け、対立を徹底的に避ける性格,仲間思いで超現実主義
超外向,超慎重,超回避,仲間派,現実,ムードメーカー,明るく場を和ませる,非常に社交的でリスクを極端に避け、対立を徹底的に避ける性格,仲間思いで現実主義
超外向,超慎重,超回避,仲間派,少現実,ムードメーカー,明るく場を和ませる,非常に社交的でリスクを極端に避け、対立を徹底的に避ける性格,仲間思いで現実的な側面を考慮する
超外向,超慎重,超回避,仲間派,少理想,ムードメーカー,明るく場を和ませる,非常に社交的でリスクを極端に避け、対立を徹底的に避ける性格,仲間思いで夢見がち
超外向,超慎重,超回避,仲間派,理想,ムードメーカー,明るく場を和ませる,非常に社交的でリスクを極端に避け、対立を徹底的に避ける性格,仲間思いで理想的
超外向,超慎重,超回避,仲間派,超理想,ムードメーカー,明るく場を和ませる,非常に社交的でリスクを極端に避け、対立を徹底的に避ける性格,仲間思いで地に足がついていない
超外向,超慎重,超回避,超仲間,超現実,ムードメーカー,明るく場を和ませる,非常に社交的でリスクを極端に避け、対立を徹底的に避ける性格,自己犠牲精神で超現実主義
超外向,超慎重,超回避,超仲間,現実,ムードメーカー,明るく場を和ませる,非常に社交的でリスクを極端に避け、対立を徹底的に避ける性格,自己犠牲精神で現実主義
超外向,超慎重,超回避,超仲間,少現実,ムードメーカー,明るく場を和ませる,非常に社交的でリスクを極端に避け、対立を徹底的に避ける性格,自己犠牲精神で現実的な側面を考慮する
超外向,超慎重,超回避,超仲間,少理想,ムードメーカー,明るく場を和ませる,非常に社交的でリスクを極端に避け、対立を徹底的に避ける性格,自己犠牲精神で夢見がち
超外向,超慎重,超回避,超仲間,理想,ムードメーカー,明るく場を和ませる,非常に社交的でリスクを極端に避け、対立を徹底的に避ける性格,自己犠牲精神で理想的
超外向,超慎重,超回避,超仲間,超理想,ムードメーカー,明るく場を和ませる,非常に社交的でリスクを極端に避け、対立を徹底的に避ける性格,自己犠牲精神で地に足がついていない
超外向,超慎重,回避,孤高,超現実,ムードメーカー,明るく場を和ませる,非常に社交的でリスクを極端に避け、直接的な対応を好まない性格,孤高の存在で超現実主義
超外向,超慎重,回避,孤高,現実,ムードメーカー,明るく場を和ませる,非常に社交的でリスクを極端に避け、直接的な対応を好まない性格,孤高の存在で現実主義
超外向,超慎重,回避,孤高,少現実,ムードメーカー,明るく場を和ませる,非常に社交的でリスクを極端に避け、直接的な対応を好まない性格,孤高の存在で現実的な側面を考慮する
超外向,超慎重,回避,孤高,少理想,ムードメーカー,明るく場を和ませる,非常に社交的でリスクを極端に避け、直接的な対応を好まない性格,孤高の存在で夢見がち
超外向,超慎重,回避,孤高,理想,ムードメーカー,明るく場を和ませる,非常に社交的でリスクを極端に避け、直接的な対応を好まない性格,孤高の存在で理想的
超外向,超慎重,回避,孤高,超理想,ムードメーカー,明るく場を和ませる,非常に社交的でリスクを極端に避け、直接的な対応を好まない性格,孤高の存在で地に足がついていない
超外向,超慎重,回避,一匹狼,超現実,ムードメーカー,明るく場を和ませる,非常に社交的でリスクを極端に避け、直接的な対応を好まない性格,一匹狼で超現実主義
超外向,超慎重,回避,一匹狼,現実,ムードメーカー,明るく場を和ませる,非常に社交的でリスクを極端に避け、直接的な対応を好まない性格,一匹狼で現実主義
超外向,超慎重,回避,一匹狼,少現実,ムードメーカー,明るく場を和ませる,非常に社交的でリスクを極端に避け、直接的な対応を好まない性格,一匹狼で現実的な側面を考慮する
超外向,超慎重,回避,一匹狼,少理想,ムードメーカー,明るく場を和ませる,非常に社交的でリスクを極端に避け、直接的な対応を好まない性格,一匹狼で夢見がち
超外向,超慎重,回避,一匹狼,理想,ムードメーカー,明るく場を和ませる,非常に社交的でリスクを極端に避け、直接的な対応を好まない性格,一匹狼で理想的
超外向,超慎重,回避,一匹狼,超理想,ムードメーカー,明るく場を和ませる,非常に社交的でリスクを極端に避け、直接的な対応を好まない性格,一匹狼で地に足がついていない
超外向,超慎重,回避,少孤独,超現実,ムードメーカー,明るく場を和ませる,非常に社交的でリスクを極端に避け、直接的な対応を好まない性格,自由主義で超現実主義
超外向,超慎重,回避,少孤独,現実,ムードメーカー,明るく場を和ませる,非常に社交的でリスクを極端に避け、直接的な対応を好まない性格,自由主義で現実主義
超外向,超慎重,回避,少孤独,少現実,ムードメーカー,明るく場を和ませる,非常に社交的でリスクを極端に避け、直接的な対応を好まない性格,自由主義で現実的な側面を考慮する
超外向,超慎重,回避,少孤独,少理想,ムードメーカー,明るく場を和ませる,非常に社交的でリスクを極端に避け、直接的な対応を好まない性格,自由主義で夢見がち
超外向,超慎重,回避,少孤独,理想,ムードメーカー,明るく場を和ませる,非常に社交的でリスクを極端に避け、直接的な対応を好まない性格,自由主義で理想的
超外向,超慎重,回避,少孤独,超理想,ムードメーカー,明るく場を和ませる,非常に社交的でリスクを極端に避け、直接的な対応を好まない性格,自由主義で地に足がついていない
超外向,超慎重,回避,少仲間,超現実,ムードメーカー,明るく場を和ませる,非常に社交的でリスクを極端に避け、直接的な対応を好まない性格,温厚で超現実主義
超外向,超慎重,回避,少仲間,現実,ムードメーカー,明るく場を和ませる,非常に社交的でリスクを極端に避け、直接的な対応を好まない性格,温厚で現実主義
超外向,超慎重,回避,少仲間,少現実,ムードメーカー,明るく場を和ませる,非常に社交的でリスクを極端に避け、直接的な対応を好まない性格,温厚で現実的な側面を考慮する
超外向,超慎重,回避,少仲間,少理想,ムードメーカー,明るく場を和ませる,非常に社交的でリスクを極端に避け、直接的な対応を好まない性格,温厚で夢見がち
超外向,超慎重,回避,少仲間,理想,ムードメーカー,明るく場を和ませる,非常に社交的でリスクを極端に避け、直接的な対応を好まない性格,温厚で理想的
超外向,超慎重,回避,少仲間,超理想,ムードメーカー,明るく場を和ませる,非常に社交的でリスクを極端に避け、直接的な対応を好まない性格,温厚で地に足がついていない
超外向,超慎重,回避,仲間派,超現実,ムードメーカー,明るく場を和ませる,非常に社交的でリスクを極端に避け、直接的な対応を好まない性格,仲間思いで超現実主義
超外向,超慎重,回避,仲間派,現実,ムードメーカー,明るく場を和ませる,非常に社交的でリスクを極端に避け、直接的な対応を好まない性格,仲間思いで現実主義
超外向,超慎重,回避,仲間派,少現実,ムードメーカー,明るく場を和ませる,非常に社交的でリスクを極端に避け、直接的な対応を好まない性格,仲間思いで現実的な側面を考慮する
超外向,超慎重,回避,仲間派,少理想,ムードメーカー,明るく場を和ませる,非常に社交的でリスクを極端に避け、直接的な対応を好まない性格,仲間思いで夢見がち
超外向,超慎重,回避,仲間派,理想,ムードメーカー,明るく場を和ませる,非常に社交的でリスクを極端に避け、直接的な対応を好まない性格,仲間思いで理想的
超外向,超慎重,回避,仲間派,超理想,ムードメーカー,明るく場を和ませる,非常に社交的でリスクを極端に避け、直接的な対応を好まない性格,仲間思いで地に足がついていない
超外向,超慎重,回避,超仲間,超現実,ムードメーカー,明るく場を和ませる,非常に社交的でリスクを極端に避け、直接的な対応を好まない性格,自己犠牲精神で超現実主義
超外向,超慎重,回避,超仲間,現実,ムードメーカー,明るく場を和ませる,非常に社交的でリスクを極端に避け、直接的な対応を好まない性格,自己犠牲精神で現実主義
超外向,超慎重,回避,超仲間,少現実,ムードメーカー,明るく場を和ませる,非常に社交的でリスクを極端に避け、直接的な対応を好まない性格,自己犠牲精神で現実的な側面を考慮する
超外向,超慎重,回避,超仲間,少理想,ムードメーカー,明るく場を和ませる,非常に社交的でリスクを極端に避け、直接的な対応を好まない性格,自己犠牲精神で夢見がち
超外向,超慎重,回避,超仲間,理想,ムードメーカー,明るく場を和ませる,非常に社交的でリスクを極端に避け、直接的な対応を好まない性格,自己犠牲精神で理想的
超外向,超慎重,回避,超仲間,超理想,ムードメーカー,明るく場を和ませる,非常に社交的でリスクを極端に避け、直接的な対応を好まない性格,自己犠牲精神で地に足がついていない
超外向,超慎重,少回避,孤高,超現実,調整役,周囲を見てバランスを取る人,非常に社交的でリスクを極端に避け、争いごとを好まない性格,孤高の存在で超現実主義
超外向,超慎重,少回避,孤高,現実,調整役,周囲を見てバランスを取る人,非常に社交的でリスクを極端に避け、争いごとを好まない性格,孤高の存在で現実主義
超外向,超慎重,少回避,孤高,少現実,調整役,周囲を見てバランスを取る人,非常に社交的でリスクを極端に避け、争いごとを好まない性格,孤高の存在で現実的な側面を考慮する
超外向,超慎重,少回避,孤高,少理想,調整役,周囲を見てバランスを取る人,非常に社交的でリスクを極端に避け、争いごとを好まない性格,孤高の存在で夢見がち
超外向,超慎重,少回避,孤高,理想,情熱家,夢と理想に燃える人物,非常に社交的でリスクを極端に避け、争いごとを好まない性格,孤高の存在で理想的
超外向,超慎重,少回避,孤高,超理想,情熱家,夢と理想に燃える人物,非常に社交的でリスクを極端に避け、争いごとを好まない性格,孤高の存在で地に足がついていない
超外向,超慎重,少回避,一匹狼,超現実,調整役,周囲を見てバランスを取る人,非常に社交的でリスクを極端に避け、争いごとを好まない性格,一匹狼で超現実主義
超外向,超慎重,少回避,一匹狼,現実,調整役,周囲を見てバランスを取る人,非常に社交的でリスクを極端に避け、争いごとを好まない性格,一匹狼で現実主義
超外向,超慎重,少回避,一匹狼,少現実,調整役,周囲を見てバランスを取る人,非常に社交的でリスクを極端に避け、争いごとを好まない性格,一匹狼で現実的な側面を考慮する
超外向,超慎重,少回避,一匹狼,少理想,調整役,周囲を見てバランスを取る人,非常に社交的でリスクを極端に避け、争いごとを好まない性格,一匹狼で夢見がち
超外向,超慎重,少回避,一匹狼,理想,情熱家,夢と理想に燃える人物,非常に社交的でリスクを極端に避け、争いごとを好まない性格,一匹狼で理想的
超外向,超慎重,少回避,一匹狼,超理想,情熱家,夢と理想に燃える人物,非常に社交的でリスクを極端に避け、争いごとを好まない性格,一匹狼で地に足がついていない
超外向,超慎重,少回避,少孤独,超現実,調整役,周囲を見てバランスを取る人,非常に社交的でリスクを極端に避け、争いごとを好まない性格,自由主義で超現実主義
超外向,超慎重,少回避,少孤独,現実,調整役,周囲を見てバランスを取る人,非常に社交的でリスクを極端に避け、争いごとを好まない性格,自由主義で現実主義
超外向,超慎重,少回避,少孤独,少現実,調整役,周囲を見てバランスを取る人,非常に社交的でリスクを極端に避け、争いごとを好まない性格,自由主義で現実的な側面を考慮する
超外向,超慎重,少回避,少孤独,少理想,調整役,周囲を見てバランスを取る人,非常に社交的でリスクを極端に避け、争いごとを好まない性格,自由主義で夢見がち
超外向,超慎重,少回避,少孤独,理想,情熱家,夢と理想に燃える人物,非常に社交的でリスクを極端に避け、争いごとを好まない性格,自由主義で理想的
超外向,超慎重,少回避,少孤独,超理想,情熱家,夢と理想に燃える人物,非常に社交的でリスクを極端に避け、争いごとを好まない性格,自由主義で地に足がついていない
超外向,超慎重,少回避,少仲間,超現実,調整役,周囲を見てバランスを取る人,非常に社交的でリスクを極端に避け、争いごとを好まない性格,温厚で超現実主義
超外向,超慎重,少回避,少仲間,現実,調整役,周囲を見てバランスを取る人,非常に社交的でリスクを極端に避け、争いごとを好まない性格,温厚で現実主義
超外向,超慎重,少回避,少仲間,少現実,調整役,周囲を見てバランスを取る人,非常に社交的でリスクを極端に避け、争いごとを好まない性格,温厚で現実的な側面を考慮する
超外向,超慎重,少回避,少仲間,少理想,調整役,周囲を見てバランスを取る人,非常に社交的でリスクを極端に避け、争いごとを好まない性格,温厚で夢見がち
超外向,超慎重,少回避,少仲間,理想,情熱家,夢と理想に燃える人物,非常に社交的でリスクを極端に避け、争いごとを好まない性格,温厚で理想的
超外向,超慎重,少回避,少仲間,超理想,情熱家,夢と理想に燃える人物,非常に社交的でリスクを極端に避け、争いごとを好まない性格,温厚で地に足がついていない
超外向,超慎重,少回避,仲間派,超現実,守護者,仲間を守る頼れる存在,非常に社交的でリスクを極端に避け、争いごとを好まない性格,仲間思いで超現実主義
超外向,超慎重,少回避,仲間派,現実,守護者,仲間を守る頼れる存在,非常に社交的でリスクを極端に避け、争いごとを好まない性格,仲間思いで現実主義
超外向,超慎重,少回避,仲間派,少現実,守護者,仲間を守る頼れる存在,非常に社交的でリスクを極端に避け、争いごとを好まない性格,仲間思いで現実的な側面を考慮する
超外向,超慎重,少回避,仲間派,少理想,守護者,仲間を守る頼れる存在,非常に社交的でリスクを極端に避け、争いごとを好まない性格,仲間思いで夢見がち
超外向,超慎重,少回避,仲間派,理想,守護者,仲間を守る頼れる存在,非常に社交的でリスクを極端に避け、争いごとを好まない性格,仲間思いで理想的
超外向,超慎重,少回避,仲間派,超理想,守護者,仲間を守る頼れる存在,非常に社交的でリスクを極端に避け、争いごとを好まない性格,仲間思いで地に足がついていない
超外向,超慎重,少回避,超仲間,超現実,守護者,仲間を守る頼れる存在,非常に社交的でリスクを極端に避け、争いごとを好まない性格,自己犠牲精神で超現実主義
超外向,超慎重,少回避,超仲間,現実,守護者,仲間を守る頼れる存在,非常に社交的でリスクを極端に避け、争いごとを好まない性格,自己犠牲精神で現実主義
超外向,超慎重,少回避,超仲間,少現実,守護者,仲間を守る頼れる存在,非常に社交的でリスクを極端に避け、争いごとを好まない性格,自己犠牲精神で現実的な側面を考慮する
超外向,超慎重,少回避,超仲間,少理想,守護者,仲間を守る頼れる存在,非常に社交的でリスクを極端に避け、争いごとを好まない性格,自己犠牲精神で夢見がち
超外向,超慎重,少回避,超仲間,理想,守護者,仲間を守る頼れる存在,非常に社交的でリスクを極端に避け、争いごとを好まない性格,自己犠牲精神で理想的
超外向,超慎重,少回避,超仲間,超理想,守護者,仲間を守る頼れる存在,非常に社交的でリスクを極端に避け、争いごとを好まない性格,自己犠牲精神で地に足がついていない
超外向,超慎重,少挑戦,孤高,超現実,調整役,周囲を見てバランスを取る人,非常に社交的でリスクを極端に避け、探求心がある性格,孤高の存在で超現実主義
超外向,超慎重,少挑戦,孤高,現実,調整役,周囲を見てバランスを取る人,非常に社交的でリスクを極端に避け、探求心がある性格,孤高の存在で現実主義
超外向,超慎重,少挑戦,孤高,少現実,調整役,周囲を見てバランスを取る人,非常に社交的でリスクを極端に避け、探求心がある性格,孤高の存在で現実的な側面を考慮する
超外向,超慎重,少挑戦,孤高,少理想,調整役,周囲を見てバランスを取る人,非常に社交的でリスクを極端に避け、探求心がある性格,孤高の存在で夢見がち
超外向,超慎重,少挑戦,孤高,理想,情熱家,夢と理想に燃える人物,非常に社交的でリスクを極端に避け、探求心がある性格,孤高の存在で理想的
超外向,超慎重,少挑戦,孤高,超理想,情熱家,夢と理想に燃える人物,非常に社交的でリスクを極端に避け、探求心がある性格,孤高の存在で地に足がついていない
超外向,超慎重,少挑戦,一匹狼,超現実,調整役,周囲を見てバランスを取る人,非常に社交的でリスクを極端に避け、探求心がある性格,一匹狼で超現実主義
超外向,超慎重,少挑戦,一匹狼,現実,調整役,周囲を見てバランスを取る人,非常に社交的でリスクを極端に避け、探求心がある性格,一匹狼で現実主義
超外向,超慎重,少挑戦,一匹狼,少現実,調整役,周囲を見てバランスを取る人,非常に社交的でリスクを極端に避け、探求心がある性格,一匹狼で現実的な側面を考慮する
超外向,超慎重,少挑戦,一匹狼,少理想,調整役,周囲を見てバランスを取る人,非常に社交的でリスクを極端に避け、探求心がある性格,一匹狼で夢見がち
超外向,超慎重,少挑戦,一匹狼,理想,情熱家,夢と理想に燃える人物,非常に社交的でリスクを極端に避け、探求心がある性格,一匹狼で理想的
超外向,超慎重,少挑戦,一匹狼,超理想,情熱家,夢と理想に燃える人物,非常に社交的でリスクを極端に避け、探求心がある性格,一匹狼で地に足がついていない
超外向,超慎重,少挑戦,少孤独,超現実,調整役,周囲を見てバランスを取る人,非常に社交的でリスクを極端に避け、探求心がある性格,自由主義で超現実主義
超外向,超慎重,少挑戦,少孤独,現実,調整役,周囲を見てバランスを取る人,非常に社交的でリスクを極端に避け、探求心がある性格,自由主義で現実主義
超外向,超慎重,少挑戦,少孤独,少現実,調整役,周囲を見てバランスを取る人,非常に社交的でリスクを極端に避け、探求心がある性格,自由主義で現実的な側面を考慮する
超外向,超慎重,少挑戦,少孤独,少理想,調整役,周囲を見てバランスを取る人,非常に社交的でリスクを極端に避け、探求心がある性格,自由主義で夢見がち
超外向,超慎重,少挑戦,少孤独,理想,情熱家,夢と理想に燃える人物,非常に社交的でリスクを極端に避け、探求心がある性格,自由主義で理想的
超外向,超慎重,少挑戦,少孤独,超理想,情熱家,夢と理想に燃える人物,非常に社交的でリスクを極端に避け、探求心がある性格,自由主義で地に足がついていない
超外向,超慎重,少挑戦,少仲間,超現実,調整役,周囲を見てバランスを取る人,非常に社交的でリスクを極端に避け、探求心がある性格,温厚で超現実主義
超外向,超慎重,少挑戦,少仲間,現実,調整役,周囲を見てバランスを取る人,非常に社交的でリスクを極端に避け、探求心がある性格,温厚で現実主義
超外向,超慎重,少挑戦,少仲間,少現実,調整役,周囲を見てバランスを取る人,非常に社交的でリスクを極端に避け、探求心がある性格,温厚で現実的な側面を考慮する
超外向,超慎重,少挑戦,少仲間,少理想,調整役,周囲を見てバランスを取る人,非常に社交的でリスクを極端に避け、探求心がある性格,温厚で夢見がち
超外向,超慎重,少挑戦,少仲間,理想,情熱家,夢と理想に燃える人物,非常に社交的でリスクを極端に避け、探求心がある性格,温厚で理想的
超外向,超慎重,少挑戦,少仲間,超理想,情熱家,夢と理想に燃える人物,非常に社交的でリスクを極端に避け、探求心がある性格,温厚で地に足がついていない
超外向,超慎重,少挑戦,仲間派,超現実,調整役,周囲を見てバランスを取る人,非常に社交的でリスクを極端に避け、探求心がある性格,仲間思いで超現実主義
超外向,超慎重,少挑戦,仲間派,現実,調整役,周囲を見てバランスを取る人,非常に社交的でリスクを極端に避け、探求心がある性格,仲間思いで現実主義
超外向,超慎重,少挑戦,仲間派,少現実,調整役,周囲を見てバランスを取る人,非常に社交的でリスクを極端に避け、探求心がある性格,仲間思いで現実的な側面を考慮する
超外向,超慎重,少挑戦,仲間派,少理想,調整役,周囲を見てバランスを取る人,非常に社交的でリスクを極端に避け、探求心がある性格,仲間思いで夢見がち
超外向,超慎重,少挑戦,仲間派,理想,情熱家,夢と理想に燃える人物,非常に社交的でリスクを極端に避け、探求心がある性格,仲間思いで理想的
超外向,超慎重,少挑戦,仲間派,超理想,情熱家,夢と理想に燃える人物,非常に社交的でリスクを極端に避け、探求心がある性格,仲間思いで地に足がついていない
超外向,超慎重,少挑戦,超仲間,超現実,調整役,周囲を見てバランスを取る人,非常に社交的でリスクを極端に避け、探求心がある性格,自己犠牲精神で超現実主義
超外向,超慎重,少挑戦,超仲間,現実,調整役,周囲を見てバランスを取る人,非常に社交的でリスクを極端に避け、探求心がある性格,自己犠牲精神で現実主義
超外向,超慎重,少挑戦,超仲間,少現実,調整役,周囲を見てバランスを取る人,非常に社交的でリスクを極端に避け、探求心がある性格,自己犠牲精神で現実的な側面を考慮する
超外向,超慎重,少挑戦,超仲間,少理想,調整役,周囲を見てバランスを取る人,非常に社交的でリスクを極端に避け、探求心がある性格,自己犠牲精神で夢見がち
超外向,超慎重,少挑戦,超仲間,理想,情熱家,夢と理想に燃える人物,非常に社交的でリスクを極端に避け、探求心がある性格,自己犠牲精神で理想的
超外向,超慎重,少挑戦,超仲間,超理想,情熱家,夢と理想に燃える人物,非常に社交的でリスクを極端に避け、探求心がある性格,自己犠牲精神で地に足がついていない
超外向,超慎重,挑戦,孤高,超現実,孤高の戦士,誰にも頼らず突き進む,非常に社交的でリスクを極端に避け、挑戦的な性格,孤高の存在で超現実主義
超外向,超慎重,挑戦,孤高,現実,孤高の戦士,誰にも頼らず突き進む,非常に社交的でリスクを極端に避け、挑戦的な性格,孤高の存在で現実主義
超外向,超慎重,挑戦,孤高,少現実,策略家,冷静に挑む策士,非常に社交的でリスクを極端に避け、挑戦的な性格,孤高の存在で現実的な側面を考慮する
超外向,超慎重,挑戦,孤高,少理想,策略家,冷静に挑む策士,非常に社交的でリスクを極端に避け、挑戦的な性格,孤高の存在で夢見がち
超外向,超慎重,挑戦,孤高,理想,策略家,冷静に挑む策士,非常に社交的でリスクを極端に避け、挑戦的な性格,孤高の存在で理想的
超外向,超慎重,挑戦,孤高,超理想,策略家,冷静に挑む策士,非常に社交的でリスクを極端に避け、挑戦的な性格,孤高の存在で地に足がついていない
超外向,超慎重,挑戦,一匹狼,超現実,孤高の戦士,誰にも頼らず突き進む,非常に社交的でリスクを極端に避け、挑戦的な性格,一匹狼で超現実主義
超外向,超慎重,挑戦,一匹狼,現実,孤高の戦士,誰にも頼らず突き進む,非常に社交的でリスクを極端に避け、挑戦的な性格,一匹狼で現実主義
超外向,超慎重,挑戦,一匹狼,少現実,策略家,冷静に挑む策士,非常に社交的でリスクを極端に避け、挑戦的な性格,一匹狼で現実的な側面を考慮する
超外向,超慎重,挑戦,一匹狼,少理想,策略家,冷静に挑む策士,非常に社交的でリスクを極端に避け、挑戦的な性格,一匹狼で夢見がち
超外向,超慎重,挑戦,一匹狼,理想,策略家,冷静に挑む策士,非常に社交的でリスクを極端に避け、挑戦的な性格,一匹狼で理想的
超外向,超慎重,挑戦,一匹狼,超理想,策略家,冷静に挑む策士,非常に社交的でリスクを極端に避け、挑戦的な性格,一匹狼で地に足がついていない
超外向,超慎重,挑戦,少孤独,超現実,策略家,冷静に挑む策士,非常に社交的でリスクを極端に避け、挑戦的な性格,自由主義で超現実主義
超外向,超慎重,挑戦,少孤独,現実,策略家,冷静に挑む策士,非常に社交的でリスクを極端に避け、挑戦的な性格,自由主義で現実主義
超外向,超慎重,挑戦,少孤独,少現実,策略家,冷静に挑む策士,非常に社交的でリスクを極端に避け、挑戦的な性格,自由主義で現実的な側面を考慮する
超外向,超慎重,挑戦,少孤独,少理想,策略家,冷静に挑む策士,非常に社交的でリスクを極端に避け、挑戦的な性格,自由主義で夢見がち
超外向,超慎重,挑戦,少孤独,理想,策略家,冷静に挑む策士,非常に社交的でリスクを極端に避け、挑戦的な性格,自由主義で理想的
超外向,超慎重,挑戦,少孤独,超理想,策略家,冷静に挑む策士,非常に社交的でリスクを極端に避け、挑戦的な性格,自由主義で地に足がついていない
超外向,超慎重,挑戦,少仲間,超現実,策略家,冷静に挑む策士,非常に社交的でリスクを極端に避け、挑戦的な性格,温厚で超現実主義
超外向,超慎重,挑戦,少仲間,現実,策略家,冷静に挑む策士,非常に社交的でリスクを極端に避け、挑戦的な性格,温厚で現実主義
超外向,超慎重,挑戦,少仲間,少現実,策略家,冷静に挑む策士,非常に社交的でリスクを極端に避け、挑戦的な性格,温厚で現実的な側面を考慮する
超外向,超慎重,挑戦,少仲間,少理想,策略家,冷静に挑む策士,非常に社交的でリスクを極端に避け、挑戦的な性格,温厚で夢見がち
超外向,超慎重,挑戦,少仲間,理想,策略家,冷静に挑む策士,非常に社交的でリスクを極端に避け、挑戦的な性格,温厚で理想的
超外向,超慎重,挑戦,少仲間,超理想,策略家,冷静に挑む策士,非常に社交的でリスクを極端に避け、挑戦的な性格,温厚で地に足がついていない
超外向,超慎重,挑戦,仲間派,超現実,策略家,冷静に挑む策士,非常に社交的でリスクを極端に避け、挑戦的な性格,仲間思いで超現実主義
超外向,超慎重,挑戦,仲間派,現実,策略家,冷静に挑む策士,非常に社交的でリスクを極端に避け、挑戦的な性格,仲間思いで現実主義
超外向,超慎重,挑戦,仲間派,少現実,策略家,冷静に挑む策士,非常に社交的でリスクを極端に避け、挑戦的な性格,仲間思いで現実的な側面を考慮する
超外向,超慎重,挑戦,仲間派,少理想,策略家,冷静に挑む策士,非常に社交的でリスクを極端に避け、挑戦的な性格,仲間思いで夢見がち
超外向,超慎重,挑戦,仲間派,理想,挑戦家,理想を掲げ挑戦を恐れない,非常に社交的でリスクを極端に避け、挑戦的な性格,仲間思いで理想的
超外向,超慎重,挑戦,仲間派,超理想,挑戦家,理想を掲げ挑戦を恐れない,非常に社交的でリスクを極端に避け、挑戦的な性格,仲間思いで地に足がついていない
超外向,超慎重,挑戦,超仲間,超現実,策略家,冷静に挑む策士,非常に社交的でリスクを極端に避け、挑戦的な性格,自己犠牲精神で超現実主義
超外向,超慎重,挑戦,超仲間,現実,策略家,冷静に挑む策士,非常に社交的でリスクを極端に避け、挑戦的な性格,自己犠牲精神で現実主義
超外向,超慎重,挑戦,超仲間,少現実,策略家,冷静に挑む策士,非常に社交的でリスクを極端に避け、挑戦的な性格,自己犠牲精神で現実的な側面を考慮する
超外向,超慎重,挑戦,超仲間,少理想,策略家,冷静に挑む策士,非常に社交的でリスクを極端に避け、挑戦的な性格,自己犠牲精神で夢見がち
超外向,超慎重,挑戦,超仲間,理想,挑戦家,理想を掲げ挑戦を恐れない,非常に社交的でリスクを極端に避け、挑戦的な性格,自己犠牲精神で理想的
超外向,超慎重,挑戦,超仲間,超理想,挑戦家,理想を掲げ挑戦を恐れない,非常に社交的でリスクを極端に避け、挑戦的な性格,自己犠牲精神で地に足がついていない
超外向,超慎重,超挑戦,孤高,超現実,孤高の戦士,誰にも頼らず突き進む,非常に社交的でリスクを極端に避け、果敢な性格,孤高の存在で超現実主義
超外向,超慎重,超挑戦,孤高,現実,孤高の戦士,誰にも頼らず突き進む,非常に社交的でリスクを極端に避け、果敢な性格,孤高の存在で現実主義
超外向,超慎重,超挑戦,孤高,少現実,策略家,冷静に挑む策士,非常に社交的でリスクを極端に避け、果敢な性格,孤高の存在で現実的な側面を考慮する
超外向,超慎重,超挑戦,孤高,少理想,策略家,冷静に挑む策士,非常に社交的でリスクを極端に避け、果敢な性格,孤高の存在で夢見がち
超外向,超慎重,超挑戦,孤高,理想,策略家,冷静に挑む策士,非常に社交的でリスクを極端に避け、果敢な性格,孤高の存在で理想的
超外向,超慎重,超挑戦,孤高,超理想,策略家,冷静に挑む策士,非常に社交的でリスクを極端に避け、果敢な性格,孤高の存在で地に足がついていない
超外向,超慎重,超挑戦,一匹狼,超現実,孤高の戦士,誰にも頼らず突き進む,非常に社交的でリスクを極端に避け、果敢な性格,一匹狼で超現実主義
超外向,超慎重,超挑戦,一匹狼,現実,孤高の戦士,誰にも頼らず突き進む,非常に社交的でリスクを極端に避け、果敢な性格,一匹狼で現実主義
超外向,超慎重,超挑戦,一匹狼,少現実,策略家,冷静に挑む策士,非常に社交的でリスクを極端に避け、果敢な性格,一匹狼で現実的な側面を考慮する
超外向,超慎重,超挑戦,一匹狼,少理想,策略家,冷静に挑む策士,非常に社交的でリスクを極端に避け、果敢な性格,一匹狼で夢見がち
超外向,超慎重,超挑戦,一匹狼,理想,策略家,冷静に挑む策士,非常に社交的でリスクを極端に避け、果敢な性格,一匹狼で理想的
超外向,超慎重,超挑戦,一匹狼,超理想,策略家,冷静に挑む策士,非常に社交的でリスクを極端に避け、果敢な性格,一匹狼で地に足がついていない
超外向,超慎重,超挑戦,少孤独,超現実,策略家,冷静に挑む策士,非常に社交的でリスクを極端に避け、果敢な性格,自由主義で超現実主義
超外向,超慎重,超挑戦,少孤独,現実,策略家,冷静に挑む策士,非常に社交的でリスクを極端に避け、果敢な性格,自由主義で現実主義
超外向,超慎重,超挑戦,少孤独,少現実,策略家,冷静に挑む策士,非常に社交的でリスクを極端に避け、果敢な性格,自由主義で現実的な側面を考慮する
超外向,超慎重,超挑戦,少孤独,少理想,策略家,冷静に挑む策士,非常に社交的でリスクを極端に避け、果敢な性格,自由主義で夢見がち
超外向,超慎重,超挑戦,少孤独,理想,策略家,冷静に挑む策士,非常に社交的でリスクを極端に避け、果敢な性格,自由主義で理想的
超外向,超慎重,超挑戦,少孤独,超理想,策略家,冷静に挑む策士,非常に社交的でリスクを極端に避け、果敢な性格,自由主義で地に足がついていない
超外向,超慎重,超挑戦,少仲間,超現実,策略家,冷静に挑む策士,非常に社交的でリスクを極端に避け、果敢な性格,温厚で超現実主義
超外向,超慎重,超挑戦,少仲間,現実,策略家,冷静に挑む策士,非常に社交的でリスクを極端に避け、果敢な性格,温厚で現実主義
超外向,超慎重,超挑戦,少仲間,少現実,策略家,冷静に挑む策士,非常に社交的でリスクを極端に避け、果敢な性格,温厚で現実的な側面を考慮する
超外向,超慎重,超挑戦,少仲間,少理想,策略家,冷静に挑む策士,非常に社交的でリスクを極端に避け、果敢な性格,温厚で夢見がち
超外向,超慎重,超挑戦,少仲間,理想,策略家,冷静に挑む策士,非常に社交的でリスクを極端に避け、果敢な性格,温厚で理想的
超外向,超慎重,超挑戦,少仲間,超理想,策略家,冷静に挑む策士,非常に社交的でリスクを極端に避け、果敢な性格,温厚で地に足がついていない
超外向,超慎重,超挑戦,仲間派,超現実,策略家,冷静に挑む策士,非常に社交的でリスクを極端に避け、果敢な性格,仲間思いで超現実主義
超外向,超慎重,超挑戦,仲間派,現実,策略家,冷静に挑む策士,非常に社交的でリスクを極端に避け、果敢な性格,仲間思いで現実主義
超外向,超慎重,超挑戦,仲間派,少現実,策略家,冷静に挑む策士,非常に社交的でリスクを極端に避け、果敢な性格,仲間思いで現実的な側面を考慮する
超外向,超慎重,超挑戦,仲間派,少理想,策略家,冷静に挑む策士,非常に社交的でリスクを極端に避け、果敢な性格,仲間思いで夢見がち
超外向,超慎重,超挑戦,仲間派,理想,挑戦家,理想を掲げ挑戦を恐れない,非常に社交的でリスクを極端に避け、果敢な性格,仲間思いで理想的
超外向,超慎重,超挑戦,仲間派,超理想,挑戦家,理想を掲げ挑戦を恐れない,非常に社交的でリスクを極端に避け、果敢な性格,仲間思いで地に足がついていない
超外向,超慎重,超挑戦,超仲間,超現実,策略家,冷静に挑む策士,非常に社交的でリスクを極端に避け、果敢な性格,自己犠牲精神で超現実主義
超外向,超慎重,超挑戦,超仲間,現実,策略家,冷静に挑む策士,非常に社交的でリスクを極端に避け、果敢な性格,自己犠牲精神で現実主義
超外向,超慎重,超挑戦,超仲間,少現実,策略家,冷静に挑む策士,非常に社交的でリスクを極端に避け、果敢な性格,自己犠牲精神で現実的な側面を考慮する
超外向,超慎重,超挑戦,超仲間,少理想,策略家,冷静に挑む策士,非常に社交的でリスクを極端に避け、果敢な性格,自己犠牲精神で夢見がち
超外向,超慎重,超挑戦,超仲間,理想,挑戦家,理想を掲げ挑戦を恐れない,非常に社交的でリスクを極端に避け、果敢な性格,自己犠牲精神で理想的
超外向,超慎重,超挑戦,超仲間,超理想,挑戦家,理想を掲げ挑戦を恐れない,非常に社交的でリスクを極端に避け、果敢な性格,自己犠牲精神で地に足がついていない
超外向,慎重,超回避,孤高,超現実,ムードメーカー,明るく場を和ませる,非常に社交的で慎重的、対立を徹底的に避ける性格,孤高の存在で超現実主義
超外向,慎重,超回避,孤高,現実,ムードメーカー,明るく場を和ませる,非常に社交的で慎重的、対立を徹底的に避ける性格,孤高の存在で現実主義
超外向,慎重,超回避,孤高,少現実,ムードメーカー,明るく場を和ませる,非常に社交的で慎重的、対立を徹底的に避ける性格,孤高の存在で現実的な側面を考慮する
超外向,慎重,超回避,孤高,少理想,ムードメーカー,明るく場を和ませる,非常に社交的で慎重的、対立を徹底的に避ける性格,孤高の存在で夢見がち
超外向,慎重,超回避,孤高,理想,ムードメーカー,明るく場を和ませる,非常に社交的で慎重的、対立を徹底的に避ける性格,孤高の存在で理想的
超外向,慎重,超回避,孤高,超理想,ムードメーカー,明るく場を和ませる,非常に社交的で慎重的、対立を徹底的に避ける性格,孤高の存在で地に足がついていない
超外向,慎重,超回避,一匹狼,超現実,ムードメーカー,明るく場を和ませる,非常に社交的で慎重的、対立を徹底的に避ける性格,一匹狼で超現実主義
超外向,慎重,超回避,一匹狼,現実,ムードメーカー,明るく場を和ませる,非常に社交的で慎重的、対立を徹底的に避ける性格,一匹狼で現実主義
超外向,慎重,超回避,一匹狼,少現実,ムードメーカー,明るく場を和ませる,非常に社交的で慎重的、対立を徹底的に避ける性格,一匹狼で現実的な側面を考慮する
超外向,慎重,超回避,一匹狼,少理想,ムードメーカー,明るく場を和ませる,非常に社交的で慎重的、対立を徹底的に避ける性格,一匹狼で夢見がち
超外向,慎重,超回避,一匹狼,理想,ムードメーカー,明るく場を和ませる,非常に社交的で慎重的、対立を徹底的に避ける性格,一匹狼で理想的
超外向,慎重,超回避,一匹狼,超理想,ムードメーカー,明るく場を和ませる,非常に社交的で慎重的、対立を徹底的に避ける性格,一匹狼で地に足がついていない
超外向,慎重,超回避,少孤独,超現実,ムードメーカー,明るく場を和ませる,非常に社交的で慎重的、対立を徹底的に避ける性格,自由主義で超現実主義
超外向,慎重,超回避,少孤独,現実,ムードメーカー,明るく場を和ませる,非常に社交的で慎重的、対立を徹底的に避ける性格,自由主義で現実主義
超外向,慎重,超回避,少孤独,少現実,ムードメーカー,明るく場を和ませる,非常に社交的で慎重的、対立を徹底的に避ける性格,自由主義で現実的な側面を考慮する
超外向,慎重,超回避,少孤独,少理想,ムードメーカー,明るく場を和ませる,非常に社交的で慎重的、対立を徹底的に避ける性格,自由主義で夢見がち
超外向,慎重,超回避,少孤独,理想,ムードメーカー,明るく場を和ませる,非常に社交的で慎重的、対立を徹底的に避ける性格,自由主義で理想的
超外向,慎重,超回避,少孤独,超理想,ムードメーカー,明るく場を和ませる,非常に社交的で慎重的、対立を徹底的に避ける性格,自由主義で地に足がついていない
超外向,慎重,超回避,少仲間,超現実,ムードメーカー,明るく場を和ませる,非常に社交的で慎重的、対立を徹底的に避ける性格,温厚で超現実主義
超外向,慎重,超回避,少仲間,現実,ムードメーカー,明るく場を和ませる,非常に社交的で慎重的、対立を徹底的に避ける性格,温厚で現実主義
超外向,慎重,超回避,少仲間,少現実,ムードメーカー,明るく場を和ませる,非常に社交的で慎重的、対立を徹底的に避ける性格,温厚で現実的な側面を考慮する
超外向,慎重,超回避,少仲間,少理想,ムードメーカー,明るく場を和ませる,非常に社交的で慎重的、対立を徹底的に避ける性格,温厚で夢見がち
超外向,慎重,超回避,少仲間,理想,ムードメーカー,明るく場を和ませる,非常に社交的で慎重的、対立を徹底的に避ける性格,温厚で理想的
超外向,慎重,超回避,少仲間,超理想,ムードメーカー,明るく場を和ませる,非常に社交的で慎重的、対立を徹底的に避ける性格,温厚で地に足がついていない
超外向,慎重,超回避,仲間派,超現実,ムードメーカー,明るく場を和ませる,非常に社交的で慎重的、対立を徹底的に避ける性格,仲間思いで超現実主義
超外向,慎重,超回避,仲間派,現実,ムードメーカー,明るく場を和ませる,非常に社交的で慎重的、対立を徹底的に避ける性格,仲間思いで現実主義
超外向,慎重,超回避,仲間派,少現実,ムードメーカー,明るく場を和ませる,非常に社交的で慎重的、対立を徹底的に避ける性格,仲間思いで現実的な側面を考慮する
超外向,慎重,超回避,仲間派,少理想,ムードメーカー,明るく場を和ませる,非常に社交的で慎重的、対立を徹底的に避ける性格,仲間思いで夢見がち
超外向,慎重,超回避,仲間派,理想,ムードメーカー,明るく場を和ませる,非常に社交的で慎重的、対立を徹底的に避ける性格,仲間思いで理想的
超外向,慎重,超回避,仲間派,超理想,ムードメーカー,明るく場を和ませる,非常に社交的で慎重的、対立を徹底的に避ける性格,仲間思いで地に足がついていない
超外向,慎重,超回避,超仲間,超現実,ムードメーカー,明るく場を和ませる,非常に社交的で慎重的、対立を徹底的に避ける性格,自己犠牲精神で超現実主義
超外向,慎重,超回避,超仲間,現実,ムードメーカー,明るく場を和ませる,非常に社交的で慎重的、対立を徹底的に避ける性格,自己犠牲精神で現実主義
超外向,慎重,超回避,超仲間,少現実,ムードメーカー,明るく場を和ませる,非常に社交的で慎重的、対立を徹底的に避ける性格,自己犠牲精神で現実的な側面を考慮する
超外向,慎重,超回避,超仲間,少理想,ムードメーカー,明るく場を和ませる,非常に社交的で慎重的、対立を徹底的に避ける性格,自己犠牲精神で夢見がち
超外向,慎重,超回避,超仲間,理想,ムードメーカー,明るく場を和ませる,非常に社交的で慎重的、対立を徹底的に避ける性格,自己犠牲精神で理想的
超外向,慎重,超回避,超仲間,超理想,ムードメーカー,明るく場を和ませる,非常に社交的で慎重的、対立を徹底的に避ける性格,自己犠牲精神で地に足がついていない
超外向,慎重,回避,孤高,超現実,ムードメーカー,明るく場を和ませる,非常に社交的で慎重的、直接的な対応を好まない性格,孤高の存在で超現実主義
超外向,慎重,回避,孤高,現実,ムードメーカー,明るく場を和ませる,非常に社交的で慎重的、直接的な対応を好まない性格,孤高の存在で現実主義
超外向,慎重,回避,孤高,少現実,ムードメーカー,明るく場を和ませる,非常に社交的で慎重的、直接的な対応を好まない性格,孤高の存在で現実的な側面を考慮する
超外向,慎重,回避,孤高,少理想,ムードメーカー,明るく場を和ませる,非常に社交的で慎重的、直接的な対応を好まない性格,孤高の存在で夢見がち
超外向,慎重,回避,孤高,理想,ムードメーカー,明るく場を和ませる,非常に社交的で慎重的、直接的な対応を好まない性格,孤高の存在で理想的
超外向,慎重,回避,孤高,超理想,ムードメーカー,明るく場を和ませる,非常に社交的で慎重的、直接的な対応を好まない性格,孤高の存在で地に足がついていない
超外向,慎重,回避,一匹狼,超現実,ムードメーカー,明るく場を和ませる,非常に社交的で慎重的、直接的な対応を好まない性格,一匹狼で超現実主義
超外向,慎重,回避,一匹狼,現実,ムードメーカー,明るく場を和ませる,非常に社交的で慎重的、直接的な対応を好まない性格,一匹狼で現実主義
超外向,慎重,回避,一匹狼,少現実,ムードメーカー,明るく場を和ませる,非常に社交的で慎重的、直接的な対応を好まない性格,一匹狼で現実的な側面を考慮する
超外向,慎重,回避,一匹狼,少理想,ムードメーカー,明るく場を和ませる,非常に社交的で慎重的、直接的な対応を好まない性格,一匹狼で夢見がち
超外向,慎重,回避,一匹狼,理想,ムードメーカー,明るく場を和ませる,非常に社交的で慎重的、直接的な対応を好まない性格,一匹狼で理想的
超外向,慎重,回避,一匹狼,超理想,ムードメーカー,明るく場を和ませる,非常に社交的で慎重的、直接的な対応を好まない性格,一匹狼で地に足がついていない
超外向,慎重,回避,少孤独,超現実,ムードメーカー,明るく場を和ませる,非常に社交的で慎重的、直接的な対応を好まない性格,自由主義で超現実主義
超外向,慎重,回避,少孤独,現実,ムードメーカー,明るく場を和ませる,非常に社交的で慎重的、直接的な対応を好まない性格,自由主義で現実主義
超外向,慎重,回避,少孤独,少現実,ムードメーカー,明るく場を和ませる,非常に社交的で慎重的、直接的な対応を好まない性格,自由主義で現実的な側面を考慮する
超外向,慎重,回避,少孤独,少理想,ムードメーカー,明るく場を和ませる,非常に社交的で慎重的、直接的な対応を好まない性格,自由主義で夢見がち
超外向,慎重,回避,少孤独,理想,ムードメーカー,明るく場を和ませる,非常に社交的で慎重的、直接的な対応を好まない性格,自由主義で理想的
超外向,慎重,回避,少孤独,超理想,ムードメーカー,明るく場を和ませる,非常に社交的で慎重的、直接的な対応を好まない性格,自由主義で地に足がついていない
超外向,慎重,回避,少仲間,超現実,ムードメーカー,明るく場を和ませる,非常に社交的で慎重的、直接的な対応を好まない性格,温厚で超現実主義
超外向,慎重,回避,少仲間,現実,ムードメーカー,明るく場を和ませる,非常に社交的で慎重的、直接的な対応を好まない性格,温厚で現実主義
超外向,慎重,回避,少仲間,少現実,ムードメーカー,明るく場を和ませる,非常に社交的で慎重的、直接的な対応を好まない性格,温厚で現実的な側面を考慮する
超外向,慎重,回避,少仲間,少理想,ムードメーカー,明るく場を和ませる,非常に社交的で慎重的、直接的な対応を好まない性格,温厚で夢見がち
超外向,慎重,回避,少仲間,理想,ムードメーカー,明るく場を和ませる,非常に社交的で慎重的、直接的な対応を好まない性格,温厚で理想的
超外向,慎重,回避,少仲間,超理想,ムードメーカー,明るく場を和ませる,非常に社交的で慎重的、直接的な対応を好まない性格,温厚で地に足がついていない
超外向,慎重,回避,仲間派,超現実,ムードメーカー,明るく場を和ませる,非常に社交的で慎重的、直接的な対応を好まない性格,仲間思いで超現実主義
超外向,慎重,回避,仲間派,現実,ムードメーカー,明るく場を和ませる,非常に社交的で慎重的、直接的な対応を好まない性格,仲間思いで現実主義
超外向,慎重,回避,仲間派,少現実,ムードメーカー,明るく場を和ませる,非常に社交的で慎重的、直接的な対応を好まない性格,仲間思いで現実的な側面を考慮する
超外向,慎重,回避,仲間派,少理想,ムードメーカー,明るく場を和ませる,非常に社交的で慎重的、直接的な対応を好まない性格,仲間思いで夢見がち
超外向,慎重,回避,仲間派,理想,ムードメーカー,明るく場を和ませる,非常に社交的で慎重的、直接的な対応を好まない性格,仲間思いで理想的
超外向,慎重,回避,仲間派,超理想,ムードメーカー,明るく場を和ませる,非常に社交的で慎重的、直接的な対応を好まない性格,仲間思いで地に足がついていない
超外向,慎重,回避,超仲間,超現実,ムードメーカー,明るく場を和ませる,非常に社交的で慎重的、直接的な対応を好まない性格,自己犠牲精神で超現実主義
超外向,慎重,回避,超仲間,現実,ムードメーカー,明るく場を和ませる,非常に社交的で慎重的、直接的な対応を好まない性格,自己犠牲精神で現実主義
超外向,慎重,回避,超仲間,少現実,ムードメーカー,明るく場を和ませる,非常に社交的で慎重的、直接的な対応を好まない性格,自己犠牲精神で現実的な側面を考慮する
超外向,慎重,回避,超仲間,少理想,ムードメーカー,明るく場を和ませる,非常に社交的で慎重的、直接的な対応を好まない性格,自己犠牲精神で夢見がち
超外向,慎重,回避,超仲間,理想,ムードメーカー,明るく場を和ませる,非常に社交的で慎重的、直接的な対応を好まない性格,自己犠牲精神で理想的
超外向,慎重,回避,超仲間,超理想,ムードメーカー,明るく場を和ませる,非常に社交的で慎重的、直接的な対応を好まない性格,自己犠牲精神で地に足がついていない
超外向,慎重,少回避,孤高,超現実,調整役,周囲を見てバランスを取る人,非常に社交的で慎重的、争いごとを好まない性格,孤高の存在で超現実主義
超外向,慎重,少回避,孤高,現実,調整役,周囲を見てバランスを取る人,非常に社交的で慎重的、争いごとを好まない性格,孤高の存在で現実主義
超外向,慎重,少回避,孤高,少現実,調整役,周囲を見てバランスを取る人,非常に社交的で慎重的、争いごとを好まない性格,孤高の存在で現実的な側面を考慮する
超外向,慎重,少回避,孤高,少理想,調整役,周囲を見てバランスを取る人,非常に社交的で慎重的、争いごとを好まない性格,孤高の存在で夢見がち
超外向,慎重,少回避,孤高,理想,情熱家,夢と理想に燃える人物,非常に社交的で慎重的、争いごとを好まない性格,孤高の存在で理想的
超外向,慎重,少回避,孤高,超理想,情熱家,夢と理想に燃える人物,非常に社交的で慎重的、争いごとを好まない性格,孤高の存在で地に足がついていない
超外向,慎重,少回避,一匹狼,超現実,調整役,周囲を見てバランスを取る人,非常に社交的で慎重的、争いごとを好まない性格,一匹狼で超現実主義
超外向,慎重,少回避,一匹狼,現実,調整役,周囲を見てバランスを取る人,非常に社交的で慎重的、争いごとを好まない性格,一匹狼で現実主義
超外向,慎重,少回避,一匹狼,少現実,調整役,周囲を見てバランスを取る人,非常に社交的で慎重的、争いごとを好まない性格,一匹狼で現実的な側面を考慮する
超外向,慎重,少回避,一匹狼,少理想,調整役,周囲を見てバランスを取る人,非常に社交的で慎重的、争いごとを好まない性格,一匹狼で夢見がち
超外向,慎重,少回避,一匹狼,理想,情熱家,夢と理想に燃える人物,非常に社交的で慎重的、争いごとを好まない性格,一匹狼で理想的
超外向,慎重,少回避,一匹狼,超理想,情熱家,夢と理想に燃える人物,非常に社交的で慎重的、争いごとを好まない性格,一匹狼で地に足がついていない
超外向,慎重,少回避,少孤独,超現実,調整役,周囲を見てバランスを取る人,非常に社交的で慎重的、争いごとを好まない性格,自由主義で超現実主義
超外向,慎重,少回避,少孤独,現実,調整役,周囲を見てバランスを取る人,非常に社交的で慎重的、争いごとを好まない性格,自由主義で現実主義
超外向,慎重,少回避,少孤独,少現実,調整役,周囲を見てバランスを取る人,非常に社交的で慎重的、争いごとを好まない性格,自由主義で現実的な側面を考慮する
超外向,慎重,少回避,少孤独,少理想,調整役,周囲を見てバランスを取る人,非常に社交的で慎重的、争いごとを好まない性格,自由主義で夢見がち
超外向,慎重,少回避,少孤独,理想,情熱家,夢と理想に燃える人物,非常に社交的で慎重的、争いごとを好まない性格,自由主義で理想的
超外向,慎重,少回避,少孤独,超理想,情熱家,夢と理想に燃える人物,非常に社交的で慎重的、争いごとを好まない性格,自由主義で地に足がついていない
超外向,慎重,少回避,少仲間,超現実,調整役,周囲を見てバランスを取る人,非常に社交的で慎重的、争いごとを好まない性格,温厚で超現実主義
超外向,慎重,少回避,少仲間,現実,調整役,周囲を見てバランスを取る人,非常に社交的で慎重的、争いごとを好まない性格,温厚で現実主義
超外向,慎重,少回避,少仲間,少現実,調整役,周囲を見てバランスを取る人,非常に社交的で慎重的、争いごとを好まない性格,温厚で現実的な側面を考慮する
超外向,慎重,少回避,少仲間,少理想,調整役,周囲を見てバランスを取る人,非常に社交的で慎重的、争いごとを好まない性格,温厚で夢見がち
超外向,慎重,少回避,少仲間,理想,情熱家,夢と理想に燃える人物,非常に社交的で慎重的、争いごとを好まない性格,温厚で理想的
超外向,慎重,少回避,少仲間,超理想,情熱家,夢と理想に燃える人物,非常に社交的で慎重的、争いごとを好まない性格,温厚で地に足がついていない
超外向,慎重,少回避,仲間派,超現実,守護者,仲間を守る頼れる存在,非常に社交的で慎重的、争いごとを好まない性格,仲間思いで超現実主義
超外向,慎重,少回避,仲間派,現実,守護者,仲間を守る頼れる存在,非常に社交的で慎重的、争いごとを好まない性格,仲間思いで現実主義
超外向,慎重,少回避,仲間派,少現実,守護者,仲間を守る頼れる存在,非常に社交的で慎重的、争いごとを好まない性格,仲間思いで現実的な側面を考慮する
超外向,慎重,少回避,仲間派,少理想,守護者,仲間を守る頼れる存在,非常に社交的で慎重的、争いごとを好まない性格,仲間思いで夢見がち
超外向,慎重,少回避,仲間派,理想,守護者,仲間を守る頼れる存在,非常に社交的で慎重的、争いごとを好まない性格,仲間思いで理想的
超外向,慎重,少回避,仲間派,超理想,守護者,仲間を守る頼れる存在,非常に社交的で慎重的、争いごとを好まない性格,仲間思いで地に足がついていない
超外向,慎重,少回避,超仲間,超現実,守護者,仲間を守る頼れる存在,非常に社交的で慎重的、争いごとを好まない性格,自己犠牲精神で超現実主義
超外向,慎重,少回避,超仲間,現実,守護者,仲間を守る頼れる存在,非常に社交的で慎重的、争いごとを好まない性格,自己犠牲精神で現実主義
超外向,慎重,少回避,超仲間,少現実,守護者,仲間を守る頼れる存在,非常に社交的で慎重的、争いごとを好まない性格,自己犠牲精神で現実的な側面を考慮する
超外向,慎重,少回避,超仲間,少理想,守護者,仲間を守る頼れる存在,非常に社交的で慎重的、争いごとを好まない性格,自己犠牲精神で夢見がち
超外向,慎重,少回避,超仲間,理想,守護者,仲間を守る頼れる存在,非常に社交的で慎重的、争いごとを好まない性格,自己犠牲精神で理想的
超外向,慎重,少回避,超仲間,超理想,守護者,仲間を守る頼れる存在,非常に社交的で慎重的、争いごとを好まない性格,自己犠牲精神で地に足がついていない
超外向,慎重,少挑戦,孤高,超現実,調整役,周囲を見てバランスを取る人,非常に社交的で慎重的、探求心がある性格,孤高の存在で超現実主義
超外向,慎重,少挑戦,孤高,現実,調整役,周囲を見てバランスを取る人,非常に社交的で慎重的、探求心がある性格,孤高の存在で現実主義
超外向,慎重,少挑戦,孤高,少現実,調整役,周囲を見てバランスを取る人,非常に社交的で慎重的、探求心がある性格,孤高の存在で現実的な側面を考慮する
超外向,慎重,少挑戦,孤高,少理想,調整役,周囲を見てバランスを取る人,非常に社交的で慎重的、探求心がある性格,孤高の存在で夢見がち
超外向,慎重,少挑戦,孤高,理想,情熱家,夢と理想に燃える人物,非常に社交的で慎重的、探求心がある性格,孤高の存在で理想的
超外向,慎重,少挑戦,孤高,超理想,情熱家,夢と理想に燃える人物,非常に社交的で慎重的、探求心がある性格,孤高の存在で地に足がついていない
超外向,慎重,少挑戦,一匹狼,超現実,調整役,周囲を見てバランスを取る人,非常に社交的で慎重的、探求心がある性格,一匹狼で超現実主義
超外向,慎重,少挑戦,一匹狼,現実,調整役,周囲を見てバランスを取る人,非常に社交的で慎重的、探求心がある性格,一匹狼で現実主義
超外向,慎重,少挑戦,一匹狼,少現実,調整役,周囲を見てバランスを取る人,非常に社交的で慎重的、探求心がある性格,一匹狼で現実的な側面を考慮する
超外向,慎重,少挑戦,一匹狼,少理想,調整役,周囲を見てバランスを取る人,非常に社交的で慎重的、探求心がある性格,一匹狼で夢見がち
超外向,慎重,少挑戦,一匹狼,理想,情熱家,夢と理想に燃える人物,非常に社交的で慎重的、探求心がある性格,一匹狼で理想的
超外向,慎重,少挑戦,一匹狼,超理想,情熱家,夢と理想に燃える人物,非常に社交的で慎重的、探求心がある性格,一匹狼で地に足がついていない
超外向,慎重,少挑戦,少孤独,超現実,調整役,周囲を見てバランスを取る人,非常に社交的で慎重的、探求心がある性格,自由主義で超現実主義
超外向,慎重,少挑戦,少孤独,現実,調整役,周囲を見てバランスを取る人,非常に社交的で慎重的、探求心がある性格,自由主義で現実主義
超外向,慎重,少挑戦,少孤独,少現実,調整役,周囲を見てバランスを取る人,非常に社交的で慎重的、探求心がある性格,自由主義で現実的な側面を考慮する
超外向,慎重,少挑戦,少孤独,少理想,調整役,周囲を見てバランスを取る人,非常に社交的で慎重的、探求心がある性格,自由主義で夢見がち
超外向,慎重,少挑戦,少孤独,理想,情熱家,夢と理想に燃える人物,非常に社交的で慎重的、探求心がある性格,自由主義で理想的
超外向,慎重,少挑戦,少孤独,超理想,情熱家,夢と理想に燃える人物,非常に社交的で慎重的、探求心がある性格,自由主義で地に足がついていない
超外向,慎重,少挑戦,少仲間,超現実,調整役,周囲を見てバランスを取る人,非常に社交的で慎重的、探求心がある性格,温厚で超現実主義
超外向,慎重,少挑戦,少仲間,現実,調整役,周囲を見てバランスを取る人,非常に社交的で慎重的、探求心がある性格,温厚で現実主義
超外向,慎重,少挑戦,少仲間,少現実,調整役,周囲を見てバランスを取る人,非常に社交的で慎重的、探求心がある性格,温厚で現実的な側面を考慮する
超外向,慎重,少挑戦,少仲間,少理想,調整役,周囲を見てバランスを取る人,非常に社交的で慎重的、探求心がある性格,温厚で夢見がち
超外向,慎重,少挑戦,少仲間,理想,情熱家,夢と理想に燃える人物,非常に社交的で慎重的、探求心がある性格,温厚で理想的
超外向,慎重,少挑戦,少仲間,超理想,情熱家,夢と理想に燃える人物,非常に社交的で慎重的、探求心がある性格,温厚で地に足がついていない
超外向,慎重,少挑戦,仲間派,超現実,調整役,周囲を見てバランスを取る人,非常に社交的で慎重的、探求心がある性格,仲間思いで超現実主義
超外向,慎重,少挑戦,仲間派,現実,調整役,周囲を見てバランスを取る人,非常に社交的で慎重的、探求心がある性格,仲間思いで現実主義
超外向,慎重,少挑戦,仲間派,少現実,調整役,周囲を見てバランスを取る人,非常に社交的で慎重的、探求心がある性格,仲間思いで現実的な側面を考慮する
超外向,慎重,少挑戦,仲間派,少理想,調整役,周囲を見てバランスを取る人,非常に社交的で慎重的、探求心がある性格,仲間思いで夢見がち
超外向,慎重,少挑戦,仲間派,理想,情熱家,夢と理想に燃える人物,非常に社交的で慎重的、探求心がある性格,仲間思いで理想的
超外向,慎重,少挑戦,仲間派,超理想,情熱家,夢と理想に燃える人物,非常に社交的で慎重的、探求心がある性格,仲間思いで地に足がついていない
超外向,慎重,少挑戦,超仲間,超現実,調整役,周囲を見てバランスを取る人,非常に社交的で慎重的、探求心がある性格,自己犠牲精神で超現実主義
超外向,慎重,少挑戦,超仲間,現実,調整役,周囲を見てバランスを取る人,非常に社交的で慎重的、探求心がある性格,自己犠牲精神で現実主義
超外向,慎重,少挑戦,超仲間,少現実,調整役,周囲を見てバランスを取る人,非常に社交的で慎重的、探求心がある性格,自己犠牲精神で現実的な側面を考慮する
超外向,慎重,少挑戦,超仲間,少理想,調整役,周囲を見てバランスを取る人,非常に社交的で慎重的、探求心がある性格,自己犠牲精神で夢見がち
超外向,慎重,少挑戦,超仲間,理想,情熱家,夢と理想に燃える人物,非常に社交的で慎重的、探求心がある性格,自己犠牲精神で理想的
超外向,慎重,少挑戦,超仲間,超理想,情熱家,夢と理想に燃える人物,非常に社交的で慎重的、探求心がある性格,自己犠牲精神で地に足がついていない
超外向,慎重,挑戦,孤高,超現実,孤高の戦士,誰にも頼らず突き進む,非常に社交的で慎重的、挑戦的な性格,孤高の存在で超現実主義
超外向,慎重,挑戦,孤高,現実,孤高の戦士,誰にも頼らず突き進む,非常に社交的で慎重的、挑戦的な性格,孤高の存在で現実主義
超外向,慎重,挑戦,孤高,少現実,策略家,冷静に挑む策士,非常に社交的で慎重的、挑戦的な性格,孤高の存在で現実的な側面を考慮する
超外向,慎重,挑戦,孤高,少理想,策略家,冷静に挑む策士,非常に社交的で慎重的、挑戦的な性格,孤高の存在で夢見がち
超外向,慎重,挑戦,孤高,理想,策略家,冷静に挑む策士,非常に社交的で慎重的、挑戦的な性格,孤高の存在で理想的
超外向,慎重,挑戦,孤高,超理想,策略家,冷静に挑む策士,非常に社交的で慎重的、挑戦的な性格,孤高の存在で地に足がついていない
超外向,慎重,挑戦,一匹狼,超現実,孤高の戦士,誰にも頼らず突き進む,非常に社交的で慎重的、挑戦的な性格,一匹狼で超現実主義
超外向,慎重,挑戦,一匹狼,現実,孤高の戦士,誰にも頼らず突き進む,非常に社交的で慎重的、挑戦的な性格,一匹狼で現実主義
超外向,慎重,挑戦,一匹狼,少現実,策略家,冷静に挑む策士,非常に社交的で慎重的、挑戦的な性格,一匹狼で現実的な側面を考慮する
超外向,慎重,挑戦,一匹狼,少理想,策略家,冷静に挑む策士,非常に社交的で慎重的、挑戦的な性格,一匹狼で夢見がち
超外向,慎重,挑戦,一匹狼,理想,策略家,冷静に挑む策士,非常に社交的で慎重的、挑戦的な性格,一匹狼で理想的
超外向,慎重,挑戦,一匹狼,超理想,策略家,冷静に挑む策士,非常に社交的で慎重的、挑戦的な性格,一匹狼で地に足がついていない
超外向,慎重,挑戦,少孤独,超現実,策略家,冷静に挑む策士,非常に社交的で慎重的、挑戦的な性格,自由主義で超現実主義
超外向,慎重,挑戦,少孤独,現実,策略家,冷静に挑む策士,非常に社交的で慎重的、挑戦的な性格,自由主義で現実主義
超外向,慎重,挑戦,少孤独,少現実,策略家,冷静に挑む策士,非常に社交的で慎重的、挑戦的な性格,自由主義で現実的な側面を考慮する
超外向,慎重,挑戦,少孤独,少理想,策略家,冷静に挑む策士,非常に社交的で慎重的、挑戦的な性格,自由主義で夢見がち
超外向,慎重,挑戦,少孤独,理想,策略家,冷静に挑む策士,非常に社交的で慎重的、挑戦的な性格,自由主義で理想的
超外向,慎重,挑戦,少孤独,超理想,策略家,冷静に挑む策士,非常に社交的で慎重的、挑戦的な性格,自由主義で地に足がついていない
超外向,慎重,挑戦,少仲間,超現実,策略家,冷静に挑む策士,非常に社交的で慎重的、挑戦的な性格,温厚で超現実主義
超外向,慎重,挑戦,少仲間,現実,策略家,冷静に挑む策士,非常に社交的で慎重的、挑戦的な性格,温厚で現実主義
超外向,慎重,挑戦,少仲間,少現実,策略家,冷静に挑む策士,非常に社交的で慎重的、挑戦的な性格,温厚で現実的な側面を考慮する
超外向,慎重,挑戦,少仲間,少理想,策略家,冷静に挑む策士,非常に社交的で慎重的、挑戦的な性格,温厚で夢見がち
超外向,慎重,挑戦,少仲間,理想,策略家,冷静に挑む策士,非常に社交的で慎重的、挑戦的な性格,温厚で理想的
超外向,慎重,挑戦,少仲間,超理想,策略家,冷静に挑む策士,非常に社交的で慎重的、挑戦的な性格,温厚で地に足がついていない
超外向,慎重,挑戦,仲間派,超現実,策略家,冷静に挑む策士,非常に社交的で慎重的、挑戦的な性格,仲間思いで超現実主義
超外向,慎重,挑戦,仲間派,現実,策略家,冷静に挑む策士,非常に社交的で慎重的、挑戦的な性格,仲間思いで現実主義
超外向,慎重,挑戦,仲間派,少現実,策略家,冷静に挑む策士,非常に社交的で慎重的、挑戦的な性格,仲間思いで現実的な側面を考慮する
超外向,慎重,挑戦,仲間派,少理想,策略家,冷静に挑む策士,非常に社交的で慎重的、挑戦的な性格,仲間思いで夢見がち
超外向,慎重,挑戦,仲間派,理想,挑戦家,理想を掲げ挑戦を恐れない,非常に社交的で慎重的、挑戦的な性格,仲間思いで理想的
超外向,慎重,挑戦,仲間派,超理想,挑戦家,理想を掲げ挑戦を恐れない,非常に社交的で慎重的、挑戦的な性格,仲間思いで地に足がついていない
超外向,慎重,挑戦,超仲間,超現実,策略家,冷静に挑む策士,非常に社交的で慎重的、挑戦的な性格,自己犠牲精神で超現実主義
超外向,慎重,挑戦,超仲間,現実,策略家,冷静に挑む策士,非常に社交的で慎重的、挑戦的な性格,自己犠牲精神で現実主義
超外向,慎重,挑戦,超仲間,少現実,策略家,冷静に挑む策士,非常に社交的で慎重的、挑戦的な性格,自己犠牲精神で現実的な側面を考慮する
超外向,慎重,挑戦,超仲間,少理想,策略家,冷静に挑む策士,非常に社交的で慎重的、挑戦的な性格,自己犠牲精神で夢見がち
超外向,慎重,挑戦,超仲間,理想,挑戦家,理想を掲げ挑戦を恐れない,非常に社交的で慎重的、挑戦的な性格,自己犠牲精神で理想的
超外向,慎重,挑戦,超仲間,超理想,挑戦家,理想を掲げ挑戦を恐れない,非常に社交的で慎重的、挑戦的な性格,自己犠牲精神で地に足がついていない
超外向,慎重,超挑戦,孤高,超現実,孤高の戦士,誰にも頼らず突き進む,非常に社交的で慎重的、果敢な性格,孤高の存在で超現実主義
超外向,慎重,超挑戦,孤高,現実,孤高の戦士,誰にも頼らず突き進む,非常に社交的で慎重的、果敢な性格,孤高の存在で現実主義
超外向,慎重,超挑戦,孤高,少現実,策略家,冷静に挑む策士,非常に社交的で慎重的、果敢な性格,孤高の存在で現実的な側面を考慮する
超外向,慎重,超挑戦,孤高,少理想,策略家,冷静に挑む策士,非常に社交的で慎重的、果敢な性格,孤高の存在で夢見がち
超外向,慎重,超挑戦,孤高,理想,策略家,冷静に挑む策士,非常に社交的で慎重的、果敢な性格,孤高の存在で理想的
超外向,慎重,超挑戦,孤高,超理想,策略家,冷静に挑む策士,非常に社交的で慎重的、果敢な性格,孤高の存在で地に足がついていない
超外向,慎重,超挑戦,一匹狼,超現実,孤高の戦士,誰にも頼らず突き進む,非常に社交的で慎重的、果敢な性格,一匹狼で超現実主義
超外向,慎重,超挑戦,一匹狼,現実,孤高の戦士,誰にも頼らず突き進む,非常に社交的で慎重的、果敢な性格,一匹狼で現実主義
超外向,慎重,超挑戦,一匹狼,少現実,策略家,冷静に挑む策士,非常に社交的で慎重的、果敢な性格,一匹狼で現実的な側面を考慮する
超外向,慎重,超挑戦,一匹狼,少理想,策略家,冷静に挑む策士,非常に社交的で慎重的、果敢な性格,一匹狼で夢見がち
超外向,慎重,超挑戦,一匹狼,理想,策略家,冷静に挑む策士,非常に社交的で慎重的、果敢な性格,一匹狼で理想的
超外向,慎重,超挑戦,一匹狼,超理想,策略家,冷静に挑む策士,非常に社交的で慎重的、果敢な性格,一匹狼で地に足がついていない
超外向,慎重,超挑戦,少孤独,超現実,策略家,冷静に挑む策士,非常に社交的で慎重的、果敢な性格,自由主義で超現実主義
超外向,慎重,超挑戦,少孤独,現実,策略家,冷静に挑む策士,非常に社交的で慎重的、果敢な性格,自由主義で現実主義
超外向,慎重,超挑戦,少孤独,少現実,策略家,冷静に挑む策士,非常に社交的で慎重的、果敢な性格,自由主義で現実的な側面を考慮する
超外向,慎重,超挑戦,少孤独,少理想,策略家,冷静に挑む策士,非常に社交的で慎重的、果敢な性格,自由主義で夢見がち
超外向,慎重,超挑戦,少孤独,理想,策略家,冷静に挑む策士,非常に社交的で慎重的、果敢な性格,自由主義で理想的
超外向,慎重,超挑戦,少孤独,超理想,策略家,冷静に挑む策士,非常に社交的で慎重的、果敢な性格,自由主義で地に足がついていない
超外向,慎重,超挑戦,少仲間,超現実,策略家,冷静に挑む策士,非常に社交的で慎重的、果敢な性格,温厚で超現実主義
超外向,慎重,超挑戦,少仲間,現実,策略家,冷静に挑む策士,非常に社交的で慎重的、果敢な性格,温厚で現実主義
超外向,慎重,超挑戦,少仲間,少現実,策略家,冷静に挑む策士,非常に社交的で慎重的、果敢な性格,温厚で現実的な側面を考慮する
超外向,慎重,超挑戦,少仲間,少理想,策略家,冷静に挑む策士,非常に社交的で慎重的、果敢な性格,温厚で夢見がち
超外向,慎重,超挑戦,少仲間,理想,策略家,冷静に挑む策士,非常に社交的で慎重的、果敢な性格,温厚で理想的
超外向,慎重,超挑戦,少仲間,超理想,策略家,冷静に挑む策士,非常に社交的で慎重的、果敢な性格,温厚で地に足がついていない
超外向,慎重,超挑戦,仲間派,超現実,策略家,冷静に挑む策士,非常に社交的で慎重的、果敢な性格,仲間思いで超現実主義
超外向,慎重,超挑戦,仲間派,現実,策略家,冷静に挑む策士,非常に社交的で慎重的、果敢な性格,仲間思いで現実主義
超外向,慎重,超挑戦,仲間派,少現実,策略家,冷静に挑む策士,非常に社交的で慎重的、果敢な性格,仲間思いで現実的な側面を考慮する
超外向,慎重,超挑戦,仲間派,少理想,策略家,冷静に挑む策士,非常に社交的で慎重的、果敢な性格,仲間思いで夢見がち
超外向,慎重,超挑戦,仲間派,理想,挑戦家,理想を掲げ挑戦を恐れない,非常に社交的で慎重的、果敢な性格,仲間思いで理想的
超外向,慎重,超挑戦,仲間派,超理想,挑戦家,理想を掲げ挑戦を恐れない,非常に社交的で慎重的、果敢な性格,仲間思いで地に足がついていない
超外向,慎重,超挑戦,超仲間,超現実,策略家,冷静に挑む策士,非常に社交的で慎重的、果敢な性格,自己犠牲精神で超現実主義
超外向,慎重,超挑戦,超仲間,現実,策略家,冷静に挑む策士,非常に社交的で慎重的、果敢な性格,自己犠牲精神で現実主義
超外向,慎重,超挑戦,超仲間,少現実,策略家,冷静に挑む策士,非常に社交的で慎重的、果敢な性格,自己犠牲精神で現実的な側面を考慮する
超外向,慎重,超挑戦,超仲間,少理想,策略家,冷静に挑む策士,非常に社交的で慎重的、果敢な性格,自己犠牲精神で夢見がち
超外向,慎重,超挑戦,超仲間,理想,挑戦家,理想を掲げ挑戦を恐れない,非常に社交的で慎重的、果敢な性格,自己犠牲精神で理想的
超外向,慎重,超挑戦,超仲間,超理想,挑戦家,理想を掲げ挑戦を恐れない,非常に社交的で慎重的、果敢な性格,自己犠牲精神で地に足がついていない
超外向,少慎重,超回避,孤高,超現実,ムードメーカー,明るく場を和ませる,非常に社交的で少し用心深く、対立を徹底的に避ける性格,孤高の存在で超現実主義
超外向,少慎重,超回避,孤高,現実,ムードメーカー,明るく場を和ませる,非常に社交的で少し用心深く、対立を徹底的に避ける性格,孤高の存在で現実主義
超外向,少慎重,超回避,孤高,少現実,ムードメーカー,明るく場を和ませる,非常に社交的で少し用心深く、対立を徹底的に避ける性格,孤高の存在で現実的な側面を考慮する
超外向,少慎重,超回避,孤高,少理想,ムードメーカー,明るく場を和ませる,非常に社交的で少し用心深く、対立を徹底的に避ける性格,孤高の存在で夢見がち
超外向,少慎重,超回避,孤高,理想,ムードメーカー,明るく場を和ませる,非常に社交的で少し用心深く、対立を徹底的に避ける性格,孤高の存在で理想的
超外向,少慎重,超回避,孤高,超理想,ムードメーカー,明るく場を和ませる,非常に社交的で少し用心深く、対立を徹底的に避ける性格,孤高の存在で地に足がついていない
超外向,少慎重,超回避,一匹狼,超現実,ムードメーカー,明るく場を和ませる,非常に社交的で少し用心深く、対立を徹底的に避ける性格,一匹狼で超現実主義
超外向,少慎重,超回避,一匹狼,現実,ムードメーカー,明るく場を和ませる,非常に社交的で少し用心深く、対立を徹底的に避ける性格,一匹狼で現実主義
超外向,少慎重,超回避,一匹狼,少現実,ムードメーカー,明るく場を和ませる,非常に社交的で少し用心深く、対立を徹底的に避ける性格,一匹狼で現実的な側面を考慮する
超外向,少慎重,超回避,一匹狼,少理想,ムードメーカー,明るく場を和ませる,非常に社交的で少し用心深く、対立を徹底的に避ける性格,一匹狼で夢見がち
超外向,少慎重,超回避,一匹狼,理想,ムードメーカー,明るく場を和ませる,非常に社交的で少し用心深く、対立を徹底的に避ける性格,一匹狼で理想的
超外向,少慎重,超回避,一匹狼,超理想,ムードメーカー,明るく場を和ませる,非常に社交的で少し用心深く、対立を徹底的に避ける性格,一匹狼で地に足がついていない
超外向,少慎重,超回避,少孤独,超現実,ムードメーカー,明るく場を和ませる,非常に社交的で少し用心深く、対立を徹底的に避ける性格,自由主義で超現実主義
超外向,少慎重,超回避,少孤独,現実,ムードメーカー,明るく場を和ませる,非常に社交的で少し用心深く、対立を徹底的に避ける性格,自由主義で現実主義
超外向,少慎重,超回避,少孤独,少現実,ムードメーカー,明るく場を和ませる,非常に社交的で少し用心深く、対立を徹底的に避ける性格,自由主義で現実的な側面を考慮する
超外向,少慎重,超回避,少孤独,少理想,ムードメーカー,明るく場を和ませる,非常に社交的で少し用心深く、対立を徹底的に避ける性格,自由主義で夢見がち
超外向,少慎重,超回避,少孤独,理想,ムードメーカー,明るく場を和ませる,非常に社交的で少し用心深く、対立を徹底的に避ける性格,自由主義で理想的
超外向,少慎重,超回避,少孤独,超理想,ムードメーカー,明るく場を和ませる,非常に社交的で少し用心深く、対立を徹底的に避ける性格,自由主義で地に足がついていない
超外向,少慎重,超回避,少仲間,超現実,ムードメーカー,明るく場を和ませる,非常に社交的で少し用心深く、対立を徹底的に避ける性格,温厚で超現実主義
超外向,少慎重,超回避,少仲間,現実,ムードメーカー,明るく場を和ませる,非常に社交的で少し用心深く、対立を徹底的に避ける性格,温厚で現実主義
超外向,少慎重,超回避,少仲間,少現実,ムードメーカー,明るく場を和ませる,非常に社交的で少し用心深く、対立を徹底的に避ける性格,温厚で現実的な側面を考慮する
超外向,少慎重,超回避,少仲間,少理想,ムードメーカー,明るく場を和ませる,非常に社交的で少し用心深く、対立を徹底的に避ける性格,温厚で夢見がち
超外向,少慎重,超回避,少仲間,理想,ムードメーカー,明るく場を和ませる,非常に社交的で少し用心深く、対立を徹底的に避ける性格,温厚で理想的
超外向,少慎重,超回避,少仲間,超理想,ムードメーカー,明るく場を和ませる,非常に社交的で少し用心深く、対立を徹底的に避ける性格,温厚で地に足がついていない
超外向,少慎重,超回避,仲間派,超現実,ムードメーカー,明るく場を和ませる,非常に社交的で少し用心深く、対立を徹底的に避ける性格,仲間思いで超現実主義
超外向,少慎重,超回避,仲間派,現実,ムードメーカー,明るく場を和ませる,非常に社交的で少し用心深く、対立を徹底的に避ける性格,仲間思いで現実主義
超外向,少慎重,超回避,仲間派,少現実,ムードメーカー,明るく場を和ませる,非常に社交的で少し用心深く、対立を徹底的に避ける性格,仲間思いで現実的な側面を考慮する
超外向,少慎重,超回避,仲間派,少理想,ムードメーカー,明るく場を和ませる,非常に社交的で少し用心深く、対立を徹底的に避ける性格,仲間思いで夢見がち
超外向,少慎重,超回避,仲間派,理想,ムードメーカー,明るく場を和ませる,非常に社交的で少し用心深く、対立を徹底的に避ける性格,仲間思いで理想的
超外向,少慎重,超回避,仲間派,超理想,ムードメーカー,明るく場を和ませる,非常に社交的で少し用心深く、対立を徹底的に避ける性格,仲間思いで地に足がついていない
超外向,少慎重,超回避,超仲間,超現実,ムードメーカー,明るく場を和ませる,非常に社交的で少し用心深く、対立を徹底的に避ける性格,自己犠牲精神で超現実主義
超外向,少慎重,超回避,超仲間,現実,ムードメーカー,明るく場を和ませる,非常に社交的で少し用心深く、対立を徹底的に避ける性格,自己犠牲精神で現実主義
超外向,少慎重,超回避,超仲間,少現実,ムードメーカー,明るく場を和ませる,非常に社交的で少し用心深く、対立を徹底的に避ける性格,自己犠牲精神で現実的な側面を考慮する
超外向,少慎重,超回避,超仲間,少理想,ムードメーカー,明るく場を和ませる,非常に社交的で少し用心深く、対立を徹底的に避ける性格,自己犠牲精神で夢見がち
超外向,少慎重,超回避,超仲間,理想,ムードメーカー,明るく場を和ませる,非常に社交的で少し用心深く、対立を徹底的に避ける性格,自己犠牲精神で理想的
超外向,少慎重,超回避,超仲間,超理想,ムードメーカー,明るく場を和ませる,非常に社交的で少し用心深く、対立を徹底的に避ける性格,自己犠牲精神で地に足がついていない
超外向,少慎重,回避,孤高,超現実,ムードメーカー,明るく場を和ませる,非常に社交的で少し用心深く、直接的な対応を好まない性格,孤高の存在で超現実主義
超外向,少慎重,回避,孤高,現実,ムードメーカー,明るく場を和ませる,非常に社交的で少し用心深く、直接的な対応を好まない性格,孤高の存在で現実主義
超外向,少慎重,回避,孤高,少現実,ムードメーカー,明るく場を和ませる,非常に社交的で少し用心深く、直接的な対応を好まない性格,孤高の存在で現実的な側面を考慮する
超外向,少慎重,回避,孤高,少理想,ムードメーカー,明るく場を和ませる,非常に社交的で少し用心深く、直接的な対応を好まない性格,孤高の存在で夢見がち
超外向,少慎重,回避,孤高,理想,ムードメーカー,明るく場を和ませる,非常に社交的で少し用心深く、直接的な対応を好まない性格,孤高の存在で理想的
超外向,少慎重,回避,孤高,超理想,ムードメーカー,明るく場を和ませる,非常に社交的で少し用心深く、直接的な対応を好まない性格,孤高の存在で地に足がついていない
超外向,少慎重,回避,一匹狼,超現実,ムードメーカー,明るく場を和ませる,非常に社交的で少し用心深く、直接的な対応を好まない性格,一匹狼で超現実主義
超外向,少慎重,回避,一匹狼,現実,ムードメーカー,明るく場を和ませる,非常に社交的で少し用心深く、直接的な対応を好まない性格,一匹狼で現実主義
超外向,少慎重,回避,一匹狼,少現実,ムードメーカー,明るく場を和ませる,非常に社交的で少し用心深く、直接的な対応を好まない性格,一匹狼で現実的な側面を考慮する
超外向,少慎重,回避,一匹狼,少理想,ムードメーカー,明るく場を和ませる,非常に社交的で少し用心深く、直接的な対応を好まない性格,一匹狼で夢見がち
超外向,少慎重,回避,一匹狼,理想,ムードメーカー,明るく場を和ませる,非常に社交的で少し用心深く、直接的な対応を好まない性格,一匹狼で理想的
超外向,少慎重,回避,一匹狼,超理想,ムードメーカー,明るく場を和ませる,非常に社交的で少し用心深く、直接的な対応を好まない性格,一匹狼で地に足がついていない
超外向,少慎重,回避,少孤独,超現実,ムードメーカー,明るく場を和ませる,非常に社交的で少し用心深く、直接的な対応を好まない性格,自由主義で超現実主義
超外向,少慎重,回避,少孤独,現実,ムードメーカー,明るく場を和ませる,非常に社交的で少し用心深く、直接的な対応を好まない性格,自由主義で現実主義
超外向,少慎重,回避,少孤独,少現実,ムードメーカー,明るく場を和ませる,非常に社交的で少し用心深く、直接的な対応を好まない性格,自由主義で現実的な側面を考慮する
超外向,少慎重,回避,少孤独,少理想,ムードメーカー,明るく場を和ませる,非常に社交的で少し用心深く、直接的な対応を好まない性格,自由主義で夢見がち
超外向,少慎重,回避,少孤独,理想,ムードメーカー,明るく場を和ませる,非常に社交的で少し用心深く、直接的な対応を好まない性格,自由主義で理想的
超外向,少慎重,回避,少孤独,超理想,ムードメーカー,明るく場を和ませる,非常に社交的で少し用心深く、直接的な対応を好まない性格,自由主義で地に足がついていない
超外向,少慎重,回避,少仲間,超現実,ムードメーカー,明るく場を和ませる,非常に社交的で少し用心深く、直接的な対応を好まない性格,温厚で超現実主義
超外向,少慎重,回避,少仲間,現実,ムードメーカー,明るく場を和ませる,非常に社交的で少し用心深く、直接的な対応を好まない性格,温厚で現実主義
超外向,少慎重,回避,少仲間,少現実,ムードメーカー,明るく場を和ませる,非常に社交的で少し用心深く、直接的な対応を好まない性格,温厚で現実的な側面を考慮する
超外向,少慎重,回避,少仲間,少理想,ムードメーカー,明るく場を和ませる,非常に社交的で少し用心深く、直接的な対応を好まない性格,温厚で夢見がち
超外向,少慎重,回避,少仲間,理想,ムードメーカー,明るく場を和ませる,非常に社交的で少し用心深く、直接的な対応を好まない性格,温厚で理想的
超外向,少慎重,回避,少仲間,超理想,ムードメーカー,明るく場を和ませる,非常に社交的で少し用心深く、直接的な対応を好まない性格,温厚で地に足がついていない
超外向,少慎重,回避,仲間派,超現実,ムードメーカー,明るく場を和ませる,非常に社交的で少し用心深く、直接的な対応を好まない性格,仲間思いで超現実主義
超外向,少慎重,回避,仲間派,現実,ムードメーカー,明るく場を和ませる,非常に社交的で少し用心深く、直接的な対応を好まない性格,仲間思いで現実主義
超外向,少慎重,回避,仲間派,少現実,ムードメーカー,明るく場を和ませる,非常に社交的で少し用心深く、直接的な対応を好まない性格,仲間思いで現実的な側面を考慮する
超外向,少慎重,回避,仲間派,少理想,ムードメーカー,明るく場を和ませる,非常に社交的で少し用心深く、直接的な対応を好まない性格,仲間思いで夢見がち
超外向,少慎重,回避,仲間派,理想,ムードメーカー,明るく場を和ませる,非常に社交的で少し用心深く、直接的な対応を好まない性格,仲間思いで理想的
超外向,少慎重,回避,仲間派,超理想,ムードメーカー,明るく場を和ませる,非常に社交的で少し用心深く、直接的な対応を好まない性格,仲間思いで地に足がついていない
超外向,少慎重,回避,超仲間,超現実,ムードメーカー,明るく場を和ませる,非常に社交的で少し用心深く、直接的な対応を好まない性格,自己犠牲精神で超現実主義
超外向,少慎重,回避,超仲間,現実,ムードメーカー,明るく場を和ませる,非常に社交的で少し用心深く、直接的な対応を好まない性格,自己犠牲精神で現実主義
超外向,少慎重,回避,超仲間,少現実,ムードメーカー,明るく場を和ませる,非常に社交的で少し用心深く、直接的な対応を好まない性格,自己犠牲精神で現実的な側面を考慮する
超外向,少慎重,回避,超仲間,少理想,ムードメーカー,明るく場を和ませる,非常に社交的で少し用心深く、直接的な対応を好まない性格,自己犠牲精神で夢見がち
超外向,少慎重,回避,超仲間,理想,ムードメーカー,明るく場を和ませる,非常に社交的で少し用心深く、直接的な対応を好まない性格,自己犠牲精神で理想的
超外向,少慎重,回避,超仲間,超理想,ムードメーカー,明るく場を和ませる,非常に社交的で少し用心深く、直接的な対応を好まない性格,自己犠牲精神で地に足がついていない
超外向,少慎重,少回避,孤高,超現実,調整役,周囲を見てバランスを取る人,非常に社交的で少し用心深く、争いごとを好まない性格,孤高の存在で超現実主義
超外向,少慎重,少回避,孤高,現実,調整役,周囲を見てバランスを取る人,非常に社交的で少し用心深く、争いごとを好まない性格,孤高の存在で現実主義
超外向,少慎重,少回避,孤高,少現実,調整役,周囲を見てバランスを取る人,非常に社交的で少し用心深く、争いごとを好まない性格,孤高の存在で現実的な側面を考慮する
超外向,少慎重,少回避,孤高,少理想,調整役,周囲を見てバランスを取る人,非常に社交的で少し用心深く、争いごとを好まない性格,孤高の存在で夢見がち
超外向,少慎重,少回避,孤高,理想,情熱家,夢と理想に燃える人物,非常に社交的で少し用心深く、争いごとを好まない性格,孤高の存在で理想的
超外向,少慎重,少回避,孤高,超理想,情熱家,夢と理想に燃える人物,非常に社交的で少し用心深く、争いごとを好まない性格,孤高の存在で地に足がついていない
超外向,少慎重,少回避,一匹狼,超現実,調整役,周囲を見てバランスを取る人,非常に社交的で少し用心深く、争いごとを好まない性格,一匹狼で超現実主義
超外向,少慎重,少回避,一匹狼,現実,調整役,周囲を見てバランスを取る人,非常に社交的で少し用心深く、争いごとを好まない性格,一匹狼で現実主義
超外向,少慎重,少回避,一匹狼,少現実,調整役,周囲を見てバランスを取る人,非常に社交的で少し用心深く、争いごとを好まない性格,一匹狼で現実的な側面を考慮する
超外向,少慎重,少回避,一匹狼,少理想,調整役,周囲を見てバランスを取る人,非常に社交的で少し用心深く、争いごとを好まない性格,一匹狼で夢見がち
超外向,少慎重,少回避,一匹狼,理想,情熱家,夢と理想に燃える人物,非常に社交的で少し用心深く、争いごとを好まない性格,一匹狼で理想的
超外向,少慎重,少回避,一匹狼,超理想,情熱家,夢と理想に燃える人物,非常に社交的で少し用心深く、争いごとを好まない性格,一匹狼で地に足がついていない
超外向,少慎重,少回避,少孤独,超現実,調整役,周囲を見てバランスを取る人,非常に社交的で少し用心深く、争いごとを好まない性格,自由主義で超現実主義
超外向,少慎重,少回避,少孤独,現実,調整役,周囲を見てバランスを取る人,非常に社交的で少し用心深く、争いごとを好まない性格,自由主義で現実主義
超外向,少慎重,少回避,少孤独,少現実,調整役,周囲を見てバランスを取る人,非常に社交的で少し用心深く、争いごとを好まない性格,自由主義で現実的な側面を考慮する
超外向,少慎重,少回避,少孤独,少理想,調整役,周囲を見てバランスを取る人,非常に社交的で少し用心深く、争いごとを好まない性格,自由主義で夢見がち
超外向,少慎重,少回避,少孤独,理想,情熱家,夢と理想に燃える人物,非常に社交的で少し用心深く、争いごとを好まない性格,自由主義で理想的
超外向,少慎重,少回避,少孤独,超理想,情熱家,夢と理想に燃える人物,非常に社交的で少し用心深く、争いごとを好まない性格,自由主義で地に足がついていない
超外向,少慎重,少回避,少仲間,超現実,調整役,周囲を見てバランスを取る人,非常に社交的で少し用心深く、争いごとを好まない性格,温厚で超現実主義
超外向,少慎重,少回避,少仲間,現実,調整役,周囲を見てバランスを取る人,非常に社交的で少し用心深く、争いごとを好まない性格,温厚で現実主義
超外向,少慎重,少回避,少仲間,少現実,調整役,周囲を見てバランスを取る人,非常に社交的で少し用心深く、争いごとを好まない性格,温厚で現実的な側面を考慮する
超外向,少慎重,少回避,少仲間,少理想,調整役,周囲を見てバランスを取る人,非常に社交的で少し用心深く、争いごとを好まない性格,温厚で夢見がち
超外向,少慎重,少回避,少仲間,理想,情熱家,夢と理想に燃える人物,非常に社交的で少し用心深く、争いごとを好まない性格,温厚で理想的
超外向,少慎重,少回避,少仲間,超理想,情熱家,夢と理想に燃える人物,非常に社交的で少し用心深く、争いごとを好まない性格,温厚で地に足がついていない
超外向,少慎重,少回避,仲間派,超現実,守護者,仲間を守る頼れる存在,非常に社交的で少し用心深く、争いごとを好まない性格,仲間思いで超現実主義
超外向,少慎重,少回避,仲間派,現実,守護者,仲間を守る頼れる存在,非常に社交的で少し用心深く、争いごとを好まない性格,仲間思いで現実主義
超外向,少慎重,少回避,仲間派,少現実,守護者,仲間を守る頼れる存在,非常に社交的で少し用心深く、争いごとを好まない性格,仲間思いで現実的な側面を考慮する
超外向,少慎重,少回避,仲間派,少理想,守護者,仲間を守る頼れる存在,非常に社交的で少し用心深く、争いごとを好まない性格,仲間思いで夢見がち
超外向,少慎重,少回避,仲間派,理想,守護者,仲間を守る頼れる存在,非常に社交的で少し用心深く、争いごとを好まない性格,仲間思いで理想的
超外向,少慎重,少回避,仲間派,超理想,守護者,仲間を守る頼れる存在,非常に社交的で少し用心深く、争いごとを好まない性格,仲間思いで地に足がついていない
超外向,少慎重,少回避,超仲間,超現実,守護者,仲間を守る頼れる存在,非常に社交的で少し用心深く、争いごとを好まない性格,自己犠牲精神で超現実主義
超外向,少慎重,少回避,超仲間,現実,守護者,仲間を守る頼れる存在,非常に社交的で少し用心深く、争いごとを好まない性格,自己犠牲精神で現実主義
超外向,少慎重,少回避,超仲間,少現実,守護者,仲間を守る頼れる存在,非常に社交的で少し用心深く、争いごとを好まない性格,自己犠牲精神で現実的な側面を考慮する
超外向,少慎重,少回避,超仲間,少理想,守護者,仲間を守る頼れる存在,非常に社交的で少し用心深く、争いごとを好まない性格,自己犠牲精神で夢見がち
超外向,少慎重,少回避,超仲間,理想,守護者,仲間を守る頼れる存在,非常に社交的で少し用心深く、争いごとを好まない性格,自己犠牲精神で理想的
超外向,少慎重,少回避,超仲間,超理想,守護者,仲間を守る頼れる存在,非常に社交的で少し用心深く、争いごとを好まない性格,自己犠牲精神で地に足がついていない
超外向,少慎重,少挑戦,孤高,超現実,調整役,周囲を見てバランスを取る人,非常に社交的で少し用心深く、探求心がある性格,孤高の存在で超現実主義
超外向,少慎重,少挑戦,孤高,現実,調整役,周囲を見てバランスを取る人,非常に社交的で少し用心深く、探求心がある性格,孤高の存在で現実主義
超外向,少慎重,少挑戦,孤高,少現実,調整役,周囲を見てバランスを取る人,非常に社交的で少し用心深く、探求心がある性格,孤高の存在で現実的な側面を考慮する
超外向,少慎重,少挑戦,孤高,少理想,調整役,周囲を見てバランスを取る人,非常に社交的で少し用心深く、探求心がある性格,孤高の存在で夢見がち
超外向,少慎重,少挑戦,孤高,理想,情熱家,夢と理想に燃える人物,非常に社交的で少し用心深く、探求心がある性格,孤高の存在で理想的
超外向,少慎重,少挑戦,孤高,超理想,情熱家,夢と理想に燃える人物,非常に社交的で少し用心深く、探求心がある性格,孤高の存在で地に足がついていない
超外向,少慎重,少挑戦,一匹狼,超現実,調整役,周囲を見てバランスを取る人,非常に社交的で少し用心深く、探求心がある性格,一匹狼で超現実主義
超外向,少慎重,少挑戦,一匹狼,現実,調整役,周囲を見てバランスを取る人,非常に社交的で少し用心深く、探求心がある性格,一匹狼で現実主義
超外向,少慎重,少挑戦,一匹狼,少現実,調整役,周囲を見てバランスを取る人,非常に社交的で少し用心深く、探求心がある性格,一匹狼で現実的な側面を考慮する
超外向,少慎重,少挑戦,一匹狼,少理想,調整役,周囲を見てバランスを取る人,非常に社交的で少し用心深く、探求心がある性格,一匹狼で夢見がち
超外向,少慎重,少挑戦,一匹狼,理想,情熱家,夢と理想に燃える人物,非常に社交的で少し用心深く、探求心がある性格,一匹狼で理想的
超外向,少慎重,少挑戦,一匹狼,超理想,情熱家,夢と理想に燃える人物,非常に社交的で少し用心深く、探求心がある性格,一匹狼で地に足がついていない
超外向,少慎重,少挑戦,少孤独,超現実,調整役,周囲を見てバランスを取る人,非常に社交的で少し用心深く、探求心がある性格,自由主義で超現実主義
超外向,少慎重,少挑戦,少孤独,現実,調整役,周囲を見てバランスを取る人,非常に社交的で少し用心深く、探求心がある性格,自由主義で現実主義
超外向,少慎重,少挑戦,少孤独,少現実,調整役,周囲を見てバランスを取る人,非常に社交的で少し用心深く、探求心がある性格,自由主義で現実的な側面を考慮する
超外向,少慎重,少挑戦,少孤独,少理想,調整役,周囲を見てバランスを取る人,非常に社交的で少し用心深く、探求心がある性格,自由主義で夢見がち
超外向,少慎重,少挑戦,少孤独,理想,情熱家,夢と理想に燃える人物,非常に社交的で少し用心深く、探求心がある性格,自由主義で理想的
超外向,少慎重,少挑戦,少孤独,超理想,情熱家,夢と理想に燃える人物,非常に社交的で少し用心深く、探求心がある性格,自由主義で地に足がついていない
超外向,少慎重,少挑戦,少仲間,超現実,調整役,周囲を見てバランスを取る人,非常に社交的で少し用心深く、探求心がある性格,温厚で超現実主義
超外向,少慎重,少挑戦,少仲間,現実,調整役,周囲を見てバランスを取る人,非常に社交的で少し用心深く、探求心がある性格,温厚で現実主義
超外向,少慎重,少挑戦,少仲間,少現実,調整役,周囲を見てバランスを取る人,非常に社交的で少し用心深く、探求心がある性格,温厚で現実的な側面を考慮する
超外向,少慎重,少挑戦,少仲間,少理想,調整役,周囲を見てバランスを取る人,非常に社交的で少し用心深く、探求心がある性格,温厚で夢見がち
超外向,少慎重,少挑戦,少仲間,理想,情熱家,夢と理想に燃える人物,非常に社交的で少し用心深く、探求心がある性格,温厚で理想的
超外向,少慎重,少挑戦,少仲間,超理想,情熱家,夢と理想に燃える人物,非常に社交的で少し用心深く、探求心がある性格,温厚で地に足がついていない
超外向,少慎重,少挑戦,仲間派,超現実,調整役,周囲を見てバランスを取る人,非常に社交的で少し用心深く、探求心がある性格,仲間思いで超現実主義
超外向,少慎重,少挑戦,仲間派,現実,調整役,周囲を見てバランスを取る人,非常に社交的で少し用心深く、探求心がある性格,仲間思いで現実主義
超外向,少慎重,少挑戦,仲間派,少現実,調整役,周囲を見てバランスを取る人,非常に社交的で少し用心深く、探求心がある性格,仲間思いで現実的な側面を考慮する
超外向,少慎重,少挑戦,仲間派,少理想,調整役,周囲を見てバランスを取る人,非常に社交的で少し用心深く、探求心がある性格,仲間思いで夢見がち
超外向,少慎重,少挑戦,仲間派,理想,情熱家,夢と理想に燃える人物,非常に社交的で少し用心深く、探求心がある性格,仲間思いで理想的
超外向,少慎重,少挑戦,仲間派,超理想,情熱家,夢と理想に燃える人物,非常に社交的で少し用心深く、探求心がある性格,仲間思いで地に足がついていない
超外向,少慎重,少挑戦,超仲間,超現実,調整役,周囲を見てバランスを取る人,非常に社交的で少し用心深く、探求心がある性格,自己犠牲精神で超現実主義
超外向,少慎重,少挑戦,超仲間,現実,調整役,周囲を見てバランスを取る人,非常に社交的で少し用心深く、探求心がある性格,自己犠牲精神で現実主義
超外向,少慎重,少挑戦,超仲間,少現実,調整役,周囲を見てバランスを取る人,非常に社交的で少し用心深く、探求心がある性格,自己犠牲精神で現実的な側面を考慮する
超外向,少慎重,少挑戦,超仲間,少理想,調整役,周囲を見てバランスを取る人,非常に社交的で少し用心深く、探求心がある性格,自己犠牲精神で夢見がち
超外向,少慎重,少挑戦,超仲間,理想,情熱家,夢と理想に燃える人物,非常に社交的で少し用心深く、探求心がある性格,自己犠牲精神で理想的
超外向,少慎重,少挑戦,超仲間,超理想,情熱家,夢と理想に燃える人物,非常に社交的で少し用心深く、探求心がある性格,自己犠牲精神で地に足がついていない
超外向,少慎重,挑戦,孤高,超現実,孤高の戦士,誰にも頼らず突き進む,非常に社交的で少し用心深く、挑戦的な性格,孤高の存在で超現実主義
超外向,少慎重,挑戦,孤高,現実,孤高の戦士,誰にも頼らず突き進む,非常に社交的で少し用心深く、挑戦的な性格,孤高の存在で現実主義
超外向,少慎重,挑戦,孤高,少現実,調整役,周囲を見てバランスを取る人,非常に社交的で少し用心深く、挑戦的な性格,孤高の存在で現実的な側面を考慮する
超外向,少慎重,挑戦,孤高,少理想,調整役,周囲を見てバランスを取る人,非常に社交的で少し用心深く、挑戦的な性格,孤高の存在で夢見がち
超外向,少慎重,挑戦,孤高,理想,情熱家,夢と理想に燃える人物,非常に社交的で少し用心深く、挑戦的な性格,孤高の存在で理想的
超外向,少慎重,挑戦,孤高,超理想,情熱家,夢と理想に燃える人物,非常に社交的で少し用心深く、挑戦的な性格,孤高の存在で地に足がついていない
超外向,少慎重,挑戦,一匹狼,超現実,孤高の戦士,誰にも頼らず突き進む,非常に社交的で少し用心深く、挑戦的な性格,一匹狼で超現実主義
超外向,少慎重,挑戦,一匹狼,現実,孤高の戦士,誰にも頼らず突き進む,非常に社交的で少し用心深く、挑戦的な性格,一匹狼で現実主義
超外向,少慎重,挑戦,一匹狼,少現実,調整役,周囲を見てバランスを取る人,非常に社交的で少し用心深く、挑戦的な性格,一匹狼で現実的な側面を考慮する
超外向,少慎重,挑戦,一匹狼,少理想,調整役,周囲を見てバランスを取る人,非常に社交的で少し用心深く、挑戦的な性格,一匹狼で夢見がち
超外向,少慎重,挑戦,一匹狼,理想,情熱家,夢と理想に燃える人物,非常に社交的で少し用心深く、挑戦的な性格,一匹狼で理想的
超外向,少慎重,挑戦,一匹狼,超理想,情熱家,夢と理想に燃える人物,非常に社交的で少し用心深く、挑戦的な性格,一匹狼で地に足がついていない
超外向,少慎重,挑戦,少孤独,超現実,調整役,周囲を見てバランスを取る人,非常に社交的で少し用心深く、挑戦的な性格,自由主義で超現実主義
超外向,少慎重,挑戦,少孤独,現実,調整役,周囲を見てバランスを取る人,非常に社交的で少し用心深く、挑戦的な性格,自由主義で現実主義
超外向,少慎重,挑戦,少孤独,少現実,調整役,周囲を見てバランスを取る人,非常に社交的で少し用心深く、挑戦的な性格,自由主義で現実的な側面を考慮する
超外向,少慎重,挑戦,少孤独,少理想,調整役,周囲を見てバランスを取る人,非常に社交的で少し用心深く、挑戦的な性格,自由主義で夢見がち
超外向,少慎重,挑戦,少孤独,理想,情熱家,夢と理想に燃える人物,非常に社交的で少し用心深く、挑戦的な性格,自由主義で理想的
超外向,少慎重,挑戦,少孤独,超理想,情熱家,夢と理想に燃える人物,非常に社交的で少し用心深く、挑戦的な性格,自由主義で地に足がついていない
超外向,少慎重,挑戦,少仲間,超現実,調整役,周囲を見てバランスを取る人,非常に社交的で少し用心深く、挑戦的な性格,温厚で超現実主義
超外向,少慎重,挑戦,少仲間,現実,調整役,周囲を見てバランスを取る人,非常に社交的で少し用心深く、挑戦的な性格,温厚で現実主義
超外向,少慎重,挑戦,少仲間,少現実,調整役,周囲を見てバランスを取る人,非常に社交的で少し用心深く、挑戦的な性格,温厚で現実的な側面を考慮する
超外向,少慎重,挑戦,少仲間,少理想,調整役,周囲を見てバランスを取る人,非常に社交的で少し用心深く、挑戦的な性格,温厚で夢見がち
超外向,少慎重,挑戦,少仲間,理想,情熱家,夢と理想に燃える人物,非常に社交的で少し用心深く、挑戦的な性格,温厚で理想的
超外向,少慎重,挑戦,少仲間,超理想,情熱家,夢と理想に燃える人物,非常に社交的で少し用心深く、挑戦的な性格,温厚で地に足がついていない
超外向,少慎重,挑戦,仲間派,超現実,調整役,周囲を見てバランスを取る人,非常に社交的で少し用心深く、挑戦的な性格,仲間思いで超現実主義
超外向,少慎重,挑戦,仲間派,現実,調整役,周囲を見てバランスを取る人,非常に社交的で少し用心深く、挑戦的な性格,仲間思いで現実主義
超外向,少慎重,挑戦,仲間派,少現実,調整役,周囲を見てバランスを取る人,非常に社交的で少し用心深く、挑戦的な性格,仲間思いで現実的な側面を考慮する
超外向,少慎重,挑戦,仲間派,少理想,調整役,周囲を見てバランスを取る人,非常に社交的で少し用心深く、挑戦的な性格,仲間思いで夢見がち
超外向,少慎重,挑戦,仲間派,理想,挑戦家,理想を掲げ挑戦を恐れない,非常に社交的で少し用心深く、挑戦的な性格,仲間思いで理想的
超外向,少慎重,挑戦,仲間派,超理想,挑戦家,理想を掲げ挑戦を恐れない,非常に社交的で少し用心深く、挑戦的な性格,仲間思いで地に足がついていない
超外向,少慎重,挑戦,超仲間,超現実,調整役,周囲を見てバランスを取る人,非常に社交的で少し用心深く、挑戦的な性格,自己犠牲精神で超現実主義
超外向,少慎重,挑戦,超仲間,現実,調整役,周囲を見てバランスを取る人,非常に社交的で少し用心深く、挑戦的な性格,自己犠牲精神で現実主義
超外向,少慎重,挑戦,超仲間,少現実,調整役,周囲を見てバランスを取る人,非常に社交的で少し用心深く、挑戦的な性格,自己犠牲精神で現実的な側面を考慮する
超外向,少慎重,挑戦,超仲間,少理想,調整役,周囲を見てバランスを取る人,非常に社交的で少し用心深く、挑戦的な性格,自己犠牲精神で夢見がち
超外向,少慎重,挑戦,超仲間,理想,挑戦家,理想を掲げ挑戦を恐れない,非常に社交的で少し用心深く、挑戦的な性格,自己犠牲精神で理想的
超外向,少慎重,挑戦,超仲間,超理想,挑戦家,理想を掲げ挑戦を恐れない,非常に社交的で少し用心深く、挑戦的な性格,自己犠牲精神で地に足がついていない
超外向,少慎重,超挑戦,孤高,超現実,孤高の戦士,誰にも頼らず突き進む,非常に社交的で少し用心深く、果敢な性格,孤高の存在で超現実主義
超外向,少慎重,超挑戦,孤高,現実,孤高の戦士,誰にも頼らず突き進む,非常に社交的で少し用心深く、果敢な性格,孤高の存在で現実主義
超外向,少慎重,超挑戦,孤高,少現実,調整役,周囲を見てバランスを取る人,非常に社交的で少し用心深く、果敢な性格,孤高の存在で現実的な側面を考慮する
超外向,少慎重,超挑戦,孤高,少理想,調整役,周囲を見てバランスを取る人,非常に社交的で少し用心深く、果敢な性格,孤高の存在で夢見がち
超外向,少慎重,超挑戦,孤高,理想,情熱家,夢と理想に燃える人物,非常に社交的で少し用心深く、果敢な性格,孤高の存在で理想的
超外向,少慎重,超挑戦,孤高,超理想,情熱家,夢と理想に燃える人物,非常に社交的で少し用心深く、果敢な性格,孤高の存在で地に足がついていない
超外向,少慎重,超挑戦,一匹狼,超現実,孤高の戦士,誰にも頼らず突き進む,非常に社交的で少し用心深く、果敢な性格,一匹狼で超現実主義
超外向,少慎重,超挑戦,一匹狼,現実,孤高の戦士,誰にも頼らず突き進む,非常に社交的で少し用心深く、果敢な性格,一匹狼で現実主義
超外向,少慎重,超挑戦,一匹狼,少現実,調整役,周囲を見てバランスを取る人,非常に社交的で少し用心深く、果敢な性格,一匹狼で現実的な側面を考慮する
超外向,少慎重,超挑戦,一匹狼,少理想,調整役,周囲を見てバランスを取る人,非常に社交的で少し用心深く、果敢な性格,一匹狼で夢見がち
超外向,少慎重,超挑戦,一匹狼,理想,情熱家,夢と理想に燃える人物,非常に社交的で少し用心深く、果敢な性格,一匹狼で理想的
超外向,少慎重,超挑戦,一匹狼,超理想,情熱家,夢と理想に燃える人物,非常に社交的で少し用心深く、果敢な性格,一匹狼で地に足がついていない
超外向,少慎重,超挑戦,少孤独,超現実,調整役,周囲を見てバランスを取る人,非常に社交的で少し用心深く、果敢な性格,自由主義で超現実主義
超外向,少慎重,超挑戦,少孤独,現実,調整役,周囲を見てバランスを取る人,非常に社交的で少し用心深く、果敢な性格,自由主義で現実主義
超外向,少慎重,超挑戦,少孤独,少現実,調整役,周囲を見てバランスを取る人,非常に社交的で少し用心深く、果敢な性格,自由主義で現実的な側面を考慮する
超外向,少慎重,超挑戦,少孤独,少理想,調整役,周囲を見てバランスを取る人,非常に社交的で少し用心深く、果敢な性格,自由主義で夢見がち
超外向,少慎重,超挑戦,少孤独,理想,情熱家,夢と理想に燃える人物,非常に社交的で少し用心深く、果敢な性格,自由主義で理想的
超外向,少慎重,超挑戦,少孤独,超理想,情熱家,夢と理想に燃える人物,非常に社交的で少し用心深く、果敢な性格,自由主義で地に足がついていない
超外向,少慎重,超挑戦,少仲間,超現実,調整役,周囲を見てバランスを取る人,非常に社交的で少し用心深く、果敢な性格,温厚で超現実主義
超外向,少慎重,超挑戦,少仲間,現実,調整役,周囲を見てバランスを取る人,非常に社交的で少し用心深く、果敢な性格,温厚で現実主義
超外向,少慎重,超挑戦,少仲間,少現実,調整役,周囲を見てバランスを取る人,非常に社交的で少し用心深く、果敢な性格,温厚で現実的な側面を考慮する
超外向,少慎重,超挑戦,少仲間,少理想,調整役,周囲を見てバランスを取る人,非常に社交的で少し用心深く、果敢な性格,温厚で夢見がち
超外向,少慎重,超挑戦,少仲間,理想,情熱家,夢と理想に燃える人物,非常に社交的で少し用心深く、果敢な性格,温厚で理想的
超外向,少慎重,超挑戦,少仲間,超理想,情熱家,夢と理想に燃える人物,非常に社交的で少し用心深く、果敢な性格,温厚で地に足がついていない
超外向,少慎重,超挑戦,仲間派,超現実,調整役,周囲を見てバランスを取る人,非常に社交的で少し用心深く、果敢な性格,仲間思いで超現実主義
超外向,少慎重,超挑戦,仲間派,現実,調整役,周囲を見てバランスを取る人,非常に社交的で少し用心深く、果敢な性格,仲間思いで現実主義
超外向,少慎重,超挑戦,仲間派,少現実,調整役,周囲を見てバランスを取る人,非常に社交的で少し用心深く、果敢な性格,仲間思いで現実的な側面を考慮する
超外向,少慎重,超挑戦,仲間派,少理想,調整役,周囲を見てバランスを取る人,非常に社交的で少し用心深く、果敢な性格,仲間思いで夢見がち
超外向,少慎重,超挑戦,仲間派,理想,挑戦家,理想を掲げ挑戦を恐れない,非常に社交的で少し用心深く、果敢な性格,仲間思いで理想的
超外向,少慎重,超挑戦,仲間派,超理想,挑戦家,理想を掲げ挑戦を恐れない,非常に社交的で少し用心深く、果敢な性格,仲間思いで地に足がついていない
超外向,少慎重,超挑戦,超仲間,超現実,調整役,周囲を見てバランスを取る人,非常に社交的で少し用心深く、果敢な性格,自己犠牲精神で超現実主義
超外向,少慎重,超挑戦,超仲間,現実,調整役,周囲を見てバランスを取る人,非常に社交的で少し用心深く、果敢な性格,自己犠牲精神で現実主義
超外向,少慎重,超挑戦,超仲間,少現実,調整役,周囲を見てバランスを取る人,非常に社交的で少し用心深く、果敢な性格,自己犠牲精神で現実的な側面を考慮する
超外向,少慎重,超挑戦,超仲間,少理想,調整役,周囲を見てバランスを取る人,非常に社交的で少し用心深く、果敢な性格,自己犠牲精神で夢見がち
超外向,少慎重,超挑戦,超仲間,理想,挑戦家,理想を掲げ挑戦を恐れない,非常に社交的で少し用心深く、果敢な性格,自己犠牲精神で理想的
超外向,少慎重,超挑戦,超仲間,超理想,挑戦家,理想を掲げ挑戦を恐れない,非常に社交的で少し用心深く、果敢な性格,自己犠牲精神で地に足がついていない
超外向,少即決,超回避,孤高,超現実,ムードメーカー,明るく場を和ませる,非常に社交的で少しせっかちな面があり、対立を徹底的に避ける性格,孤高の存在で超現実主義
超外向,少即決,超回避,孤高,現実,ムードメーカー,明るく場を和ませる,非常に社交的で少しせっかちな面があり、対立を徹底的に避ける性格,孤高の存在で現実主義
超外向,少即決,超回避,孤高,少現実,ムードメーカー,明るく場を和ませる,非常に社交的で少しせっかちな面があり、対立を徹底的に避ける性格,孤高の存在で現実的な側面を考慮する
超外向,少即決,超回避,孤高,少理想,ムードメーカー,明るく場を和ませる,非常に社交的で少しせっかちな面があり、対立を徹底的に避ける性格,孤高の存在で夢見がち
超外向,少即決,超回避,孤高,理想,ムードメーカー,明るく場を和ませる,非常に社交的で少しせっかちな面があり、対立を徹底的に避ける性格,孤高の存在で理想的
超外向,少即決,超回避,孤高,超理想,ムードメーカー,明るく場を和ませる,非常に社交的で少しせっかちな面があり、対立を徹底的に避ける性格,孤高の存在で地に足がついていない
超外向,少即決,超回避,一匹狼,超現実,ムードメーカー,明るく場を和ませる,非常に社交的で少しせっかちな面があり、対立を徹底的に避ける性格,一匹狼で超現実主義
超外向,少即決,超回避,一匹狼,現実,ムードメーカー,明るく場を和ませる,非常に社交的で少しせっかちな面があり、対立を徹底的に避ける性格,一匹狼で現実主義
超外向,少即決,超回避,一匹狼,少現実,ムードメーカー,明るく場を和ませる,非常に社交的で少しせっかちな面があり、対立を徹底的に避ける性格,一匹狼で現実的な側面を考慮する
超外向,少即決,超回避,一匹狼,少理想,ムードメーカー,明るく場を和ませる,非常に社交的で少しせっかちな面があり、対立を徹底的に避ける性格,一匹狼で夢見がち
超外向,少即決,超回避,一匹狼,理想,ムードメーカー,明るく場を和ませる,非常に社交的で少しせっかちな面があり、対立を徹底的に避ける性格,一匹狼で理想的
超外向,少即決,超回避,一匹狼,超理想,ムードメーカー,明るく場を和ませる,非常に社交的で少しせっかちな面があり、対立を徹底的に避ける性格,一匹狼で地に足がついていない
超外向,少即決,超回避,少孤独,超現実,ムードメーカー,明るく場を和ませる,非常に社交的で少しせっかちな面があり、対立を徹底的に避ける性格,自由主義で超現実主義
超外向,少即決,超回避,少孤独,現実,ムードメーカー,明るく場を和ませる,非常に社交的で少しせっかちな面があり、対立を徹底的に避ける性格,自由主義で現実主義
超外向,少即決,超回避,少孤独,少現実,ムードメーカー,明るく場を和ませる,非常に社交的で少しせっかちな面があり、対立を徹底的に避ける性格,自由主義で現実的な側面を考慮する
超外向,少即決,超回避,少孤独,少理想,ムードメーカー,明るく場を和ませる,非常に社交的で少しせっかちな面があり、対立を徹底的に避ける性格,自由主義で夢見がち
超外向,少即決,超回避,少孤独,理想,ムードメーカー,明るく場を和ませる,非常に社交的で少しせっかちな面があり、対立を徹底的に避ける性格,自由主義で理想的
超外向,少即決,超回避,少孤独,超理想,ムードメーカー,明るく場を和ませる,非常に社交的で少しせっかちな面があり、対立を徹底的に避ける性格,自由主義で地に足がついていない
超外向,少即決,超回避,少仲間,超現実,ムードメーカー,明るく場を和ませる,非常に社交的で少しせっかちな面があり、対立を徹底的に避ける性格,温厚で超現実主義
超外向,少即決,超回避,少仲間,現実,ムードメーカー,明るく場を和ませる,非常に社交的で少しせっかちな面があり、対立を徹底的に避ける性格,温厚で現実主義
超外向,少即決,超回避,少仲間,少現実,ムードメーカー,明るく場を和ませる,非常に社交的で少しせっかちな面があり、対立を徹底的に避ける性格,温厚で現実的な側面を考慮する
超外向,少即決,超回避,少仲間,少理想,ムードメーカー,明るく場を和ませる,非常に社交的で少しせっかちな面があり、対立を徹底的に避ける性格,温厚で夢見がち
超外向,少即決,超回避,少仲間,理想,ムードメーカー,明るく場を和ませる,非常に社交的で少しせっかちな面があり、対立を徹底的に避ける性格,温厚で理想的
超外向,少即決,超回避,少仲間,超理想,ムードメーカー,明るく場を和ませる,非常に社交的で少しせっかちな面があり、対立を徹底的に避ける性格,温厚で地に足がついていない
超外向,少即決,超回避,仲間派,超現実,ムードメーカー,明るく場を和ませる,非常に社交的で少しせっかちな面があり、対立を徹底的に避ける性格,仲間思いで超現実主義
超外向,少即決,超回避,仲間派,現実,ムードメーカー,明るく場を和ませる,非常に社交的で少しせっかちな面があり、対立を徹底的に避ける性格,仲間思いで現実主義
超外向,少即決,超回避,仲間派,少現実,ムードメーカー,明るく場を和ませる,非常に社交的で少しせっかちな面があり、対立を徹底的に避ける性格,仲間思いで現実的な側面を考慮する
超外向,少即決,超回避,仲間派,少理想,ムードメーカー,明るく場を和ませる,非常に社交的で少しせっかちな面があり、対立を徹底的に避ける性格,仲間思いで夢見がち
超外向,少即決,超回避,仲間派,理想,ムードメーカー,明るく場を和ませる,非常に社交的で少しせっかちな面があり、対立を徹底的に避ける性格,仲間思いで理想的
超外向,少即決,超回避,仲間派,超理想,ムードメーカー,明るく場を和ませる,非常に社交的で少しせっかちな面があり、対立を徹底的に避ける性格,仲間思いで地に足がついていない
超外向,少即決,超回避,超仲間,超現実,ムードメーカー,明るく場を和ませる,非常に社交的で少しせっかちな面があり、対立を徹底的に避ける性格,自己犠牲精神で超現実主義
超外向,少即決,超回避,超仲間,現実,ムードメーカー,明るく場を和ませる,非常に社交的で少しせっかちな面があり、対立を徹底的に避ける性格,自己犠牲精神で現実主義
超外向,少即決,超回避,超仲間,少現実,ムードメーカー,明るく場を和ませる,非常に社交的で少しせっかちな面があり、対立を徹底的に避ける性格,自己犠牲精神で現実的な側面を考慮する
超外向,少即決,超回避,超仲間,少理想,ムードメーカー,明るく場を和ませる,非常に社交的で少しせっかちな面があり、対立を徹底的に避ける性格,自己犠牲精神で夢見がち
超外向,少即決,超回避,超仲間,理想,ムードメーカー,明るく場を和ませる,非常に社交的で少しせっかちな面があり、対立を徹底的に避ける性格,自己犠牲精神で理想的
超外向,少即決,超回避,超仲間,超理想,ムードメーカー,明るく場を和ませる,非常に社交的で少しせっかちな面があり、対立を徹底的に避ける性格,自己犠牲精神で地に足がついていない
超外向,少即決,回避,孤高,超現実,ムードメーカー,明るく場を和ませる,非常に社交的で少しせっかちな面があり、直接的な対応を好まない性格,孤高の存在で超現実主義
超外向,少即決,回避,孤高,現実,ムードメーカー,明るく場を和ませる,非常に社交的で少しせっかちな面があり、直接的な対応を好まない性格,孤高の存在で現実主義
超外向,少即決,回避,孤高,少現実,ムードメーカー,明るく場を和ませる,非常に社交的で少しせっかちな面があり、直接的な対応を好まない性格,孤高の存在で現実的な側面を考慮する
超外向,少即決,回避,孤高,少理想,ムードメーカー,明るく場を和ませる,非常に社交的で少しせっかちな面があり、直接的な対応を好まない性格,孤高の存在で夢見がち
超外向,少即決,回避,孤高,理想,ムードメーカー,明るく場を和ませる,非常に社交的で少しせっかちな面があり、直接的な対応を好まない性格,孤高の存在で理想的
超外向,少即決,回避,孤高,超理想,ムードメーカー,明るく場を和ませる,非常に社交的で少しせっかちな面があり、直接的な対応を好まない性格,孤高の存在で地に足がついていない
超外向,少即決,回避,一匹狼,超現実,ムードメーカー,明るく場を和ませる,非常に社交的で少しせっかちな面があり、直接的な対応を好まない性格,一匹狼で超現実主義
超外向,少即決,回避,一匹狼,現実,ムードメーカー,明るく場を和ませる,非常に社交的で少しせっかちな面があり、直接的な対応を好まない性格,一匹狼で現実主義
超外向,少即決,回避,一匹狼,少現実,ムードメーカー,明るく場を和ませる,非常に社交的で少しせっかちな面があり、直接的な対応を好まない性格,一匹狼で現実的な側面を考慮する
超外向,少即決,回避,一匹狼,少理想,ムードメーカー,明るく場を和ませる,非常に社交的で少しせっかちな面があり、直接的な対応を好まない性格,一匹狼で夢見がち
超外向,少即決,回避,一匹狼,理想,ムードメーカー,明るく場を和ませる,非常に社交的で少しせっかちな面があり、直接的な対応を好まない性格,一匹狼で理想的
超外向,少即決,回避,一匹狼,超理想,ムードメーカー,明るく場を和ませる,非常に社交的で少しせっかちな面があり、直接的な対応を好まない性格,一匹狼で地に足がついていない
超外向,少即決,回避,少孤独,超現実,ムードメーカー,明るく場を和ませる,非常に社交的で少しせっかちな面があり、直接的な対応を好まない性格,自由主義で超現実主義
超外向,少即決,回避,少孤独,現実,ムードメーカー,明るく場を和ませる,非常に社交的で少しせっかちな面があり、直接的な対応を好まない性格,自由主義で現実主義
超外向,少即決,回避,少孤独,少現実,ムードメーカー,明るく場を和ませる,非常に社交的で少しせっかちな面があり、直接的な対応を好まない性格,自由主義で現実的な側面を考慮する
超外向,少即決,回避,少孤独,少理想,ムードメーカー,明るく場を和ませる,非常に社交的で少しせっかちな面があり、直接的な対応を好まない性格,自由主義で夢見がち
超外向,少即決,回避,少孤独,理想,ムードメーカー,明るく場を和ませる,非常に社交的で少しせっかちな面があり、直接的な対応を好まない性格,自由主義で理想的
超外向,少即決,回避,少孤独,超理想,ムードメーカー,明るく場を和ませる,非常に社交的で少しせっかちな面があり、直接的な対応を好まない性格,自由主義で地に足がついていない
超外向,少即決,回避,少仲間,超現実,ムードメーカー,明るく場を和ませる,非常に社交的で少しせっかちな面があり、直接的な対応を好まない性格,温厚で超現実主義
超外向,少即決,回避,少仲間,現実,ムードメーカー,明るく場を和ませる,非常に社交的で少しせっかちな面があり、直接的な対応を好まない性格,温厚で現実主義
超外向,少即決,回避,少仲間,少現実,ムードメーカー,明るく場を和ませる,非常に社交的で少しせっかちな面があり、直接的な対応を好まない性格,温厚で現実的な側面を考慮する
超外向,少即決,回避,少仲間,少理想,ムードメーカー,明るく場を和ませる,非常に社交的で少しせっかちな面があり、直接的な対応を好まない性格,温厚で夢見がち
超外向,少即決,回避,少仲間,理想,ムードメーカー,明るく場を和ませる,非常に社交的で少しせっかちな面があり、直接的な対応を好まない性格,温厚で理想的
超外向,少即決,回避,少仲間,超理想,ムードメーカー,明るく場を和ませる,非常に社交的で少しせっかちな面があり、直接的な対応を好まない性格,温厚で地に足がついていない
超外向,少即決,回避,仲間派,超現実,ムードメーカー,明るく場を和ませる,非常に社交的で少しせっかちな面があり、直接的な対応を好まない性格,仲間思いで超現実主義
超外向,少即決,回避,仲間派,現実,ムードメーカー,明るく場を和ませる,非常に社交的で少しせっかちな面があり、直接的な対応を好まない性格,仲間思いで現実主義
超外向,少即決,回避,仲間派,少現実,ムードメーカー,明るく場を和ませる,非常に社交的で少しせっかちな面があり、直接的な対応を好まない性格,仲間思いで現実的な側面を考慮する
超外向,少即決,回避,仲間派,少理想,ムードメーカー,明るく場を和ませる,非常に社交的で少しせっかちな面があり、直接的な対応を好まない性格,仲間思いで夢見がち
超外向,少即決,回避,仲間派,理想,ムードメーカー,明るく場を和ませる,非常に社交的で少しせっかちな面があり、直接的な対応を好まない性格,仲間思いで理想的
超外向,少即決,回避,仲間派,超理想,ムードメーカー,明るく場を和ませる,非常に社交的で少しせっかちな面があり、直接的な対応を好まない性格,仲間思いで地に足がついていない
超外向,少即決,回避,超仲間,超現実,ムードメーカー,明るく場を和ませる,非常に社交的で少しせっかちな面があり、直接的な対応を好まない性格,自己犠牲精神で超現実主義
超外向,少即決,回避,超仲間,現実,ムードメーカー,明るく場を和ませる,非常に社交的で少しせっかちな面があり、直接的な対応を好まない性格,自己犠牲精神で現実主義
超外向,少即決,回避,超仲間,少現実,ムードメーカー,明るく場を和ませる,非常に社交的で少しせっかちな面があり、直接的な対応を好まない性格,自己犠牲精神で現実的な側面を考慮する
超外向,少即決,回避,超仲間,少理想,ムードメーカー,明るく場を和ませる,非常に社交的で少しせっかちな面があり、直接的な対応を好まない性格,自己犠牲精神で夢見がち
超外向,少即決,回避,超仲間,理想,ムードメーカー,明るく場を和ませる,非常に社交的で少しせっかちな面があり、直接的な対応を好まない性格,自己犠牲精神で理想的
超外向,少即決,回避,超仲間,超理想,ムードメーカー,明るく場を和ませる,非常に社交的で少しせっかちな面があり、直接的な対応を好まない性格,自己犠牲精神で地に足がついていない
超外向,少即決,少回避,孤高,超現実,調整役,周囲を見てバランスを取る人,非常に社交的で少しせっかちな面があり、争いごとを好まない性格,孤高の存在で超現実主義
超外向,少即決,少回避,孤高,現実,調整役,周囲を見てバランスを取る人,非常に社交的で少しせっかちな面があり、争いごとを好まない性格,孤高の存在で現実主義
超外向,少即決,少回避,孤高,少現実,調整役,周囲を見てバランスを取る人,非常に社交的で少しせっかちな面があり、争いごとを好まない性格,孤高の存在で現実的な側面を考慮する
超外向,少即決,少回避,孤高,少理想,調整役,周囲を見てバランスを取る人,非常に社交的で少しせっかちな面があり、争いごとを好まない性格,孤高の存在で夢見がち
超外向,少即決,少回避,孤高,理想,情熱家,夢と理想に燃える人物,非常に社交的で少しせっかちな面があり、争いごとを好まない性格,孤高の存在で理想的
超外向,少即決,少回避,孤高,超理想,情熱家,夢と理想に燃える人物,非常に社交的で少しせっかちな面があり、争いごとを好まない性格,孤高の存在で地に足がついていない
超外向,少即決,少回避,一匹狼,超現実,調整役,周囲を見てバランスを取る人,非常に社交的で少しせっかちな面があり、争いごとを好まない性格,一匹狼で超現実主義
超外向,少即決,少回避,一匹狼,現実,調整役,周囲を見てバランスを取る人,非常に社交的で少しせっかちな面があり、争いごとを好まない性格,一匹狼で現実主義
超外向,少即決,少回避,一匹狼,少現実,調整役,周囲を見てバランスを取る人,非常に社交的で少しせっかちな面があり、争いごとを好まない性格,一匹狼で現実的な側面を考慮する
超外向,少即決,少回避,一匹狼,少理想,調整役,周囲を見てバランスを取る人,非常に社交的で少しせっかちな面があり、争いごとを好まない性格,一匹狼で夢見がち
超外向,少即決,少回避,一匹狼,理想,情熱家,夢と理想に燃える人物,非常に社交的で少しせっかちな面があり、争いごとを好まない性格,一匹狼で理想的
超外向,少即決,少回避,一匹狼,超理想,情熱家,夢と理想に燃える人物,非常に社交的で少しせっかちな面があり、争いごとを好まない性格,一匹狼で地に足がついていない
超外向,少即決,少回避,少孤独,超現実,調整役,周囲を見てバランスを取る人,非常に社交的で少しせっかちな面があり、争いごとを好まない性格,自由主義で超現実主義
超外向,少即決,少回避,少孤独,現実,調整役,周囲を見てバランスを取る人,非常に社交的で少しせっかちな面があり、争いごとを好まない性格,自由主義で現実主義
超外向,少即決,少回避,少孤独,少現実,調整役,周囲を見てバランスを取る人,非常に社交的で少しせっかちな面があり、争いごとを好まない性格,自由主義で現実的な側面を考慮する
超外向,少即決,少回避,少孤独,少理想,調整役,周囲を見てバランスを取る人,非常に社交的で少しせっかちな面があり、争いごとを好まない性格,自由主義で夢見がち
超外向,少即決,少回避,少孤独,理想,情熱家,夢と理想に燃える人物,非常に社交的で少しせっかちな面があり、争いごとを好まない性格,自由主義で理想的
超外向,少即決,少回避,少孤独,超理想,情熱家,夢と理想に燃える人物,非常に社交的で少しせっかちな面があり、争いごとを好まない性格,自由主義で地に足がついていない
超外向,少即決,少回避,少仲間,超現実,調整役,周囲を見てバランスを取る人,非常に社交的で少しせっかちな面があり、争いごとを好まない性格,温厚で超現実主義
超外向,少即決,少回避,少仲間,現実,調整役,周囲を見てバランスを取る人,非常に社交的で少しせっかちな面があり、争いごとを好まない性格,温厚で現実主義
超外向,少即決,少回避,少仲間,少現実,調整役,周囲を見てバランスを取る人,非常に社交的で少しせっかちな面があり、争いごとを好まない性格,温厚で現実的な側面を考慮する
超外向,少即決,少回避,少仲間,少理想,調整役,周囲を見てバランスを取る人,非常に社交的で少しせっかちな面があり、争いごとを好まない性格,温厚で夢見がち
超外向,少即決,少回避,少仲間,理想,情熱家,夢と理想に燃える人物,非常に社交的で少しせっかちな面があり、争いごとを好まない性格,温厚で理想的
超外向,少即決,少回避,少仲間,超理想,情熱家,夢と理想に燃える人物,非常に社交的で少しせっかちな面があり、争いごとを好まない性格,温厚で地に足がついていない
超外向,少即決,少回避,仲間派,超現実,守護者,仲間を守る頼れる存在,非常に社交的で少しせっかちな面があり、争いごとを好まない性格,仲間思いで超現実主義
超外向,少即決,少回避,仲間派,現実,守護者,仲間を守る頼れる存在,非常に社交的で少しせっかちな面があり、争いごとを好まない性格,仲間思いで現実主義
超外向,少即決,少回避,仲間派,少現実,守護者,仲間を守る頼れる存在,非常に社交的で少しせっかちな面があり、争いごとを好まない性格,仲間思いで現実的な側面を考慮する
超外向,少即決,少回避,仲間派,少理想,守護者,仲間を守る頼れる存在,非常に社交的で少しせっかちな面があり、争いごとを好まない性格,仲間思いで夢見がち
超外向,少即決,少回避,仲間派,理想,守護者,仲間を守る頼れる存在,非常に社交的で少しせっかちな面があり、争いごとを好まない性格,仲間思いで理想的
超外向,少即決,少回避,仲間派,超理想,守護者,仲間を守る頼れる存在,非常に社交的で少しせっかちな面があり、争いごとを好まない性格,仲間思いで地に足がついていない
超外向,少即決,少回避,超仲間,超現実,守護者,仲間を守る頼れる存在,非常に社交的で少しせっかちな面があり、争いごとを好まない性格,自己犠牲精神で超現実主義
超外向,少即決,少回避,超仲間,現実,守護者,仲間を守る頼れる存在,非常に社交的で少しせっかちな面があり、争いごとを好まない性格,自己犠牲精神で現実主義
超外向,少即決,少回避,超仲間,少現実,守護者,仲間を守る頼れる存在,非常に社交的で少しせっかちな面があり、争いごとを好まない性格,自己犠牲精神で現実的な側面を考慮する
超外向,少即決,少回避,超仲間,少理想,守護者,仲間を守る頼れる存在,非常に社交的で少しせっかちな面があり、争いごとを好まない性格,自己犠牲精神で夢見がち
超外向,少即決,少回避,超仲間,理想,守護者,仲間を守る頼れる存在,非常に社交的で少しせっかちな面があり、争いごとを好まない性格,自己犠牲精神で理想的
超外向,少即決,少回避,超仲間,超理想,守護者,仲間を守る頼れる存在,非常に社交的で少しせっかちな面があり、争いごとを好まない性格,自己犠牲精神で地に足がついていない
超外向,少即決,少挑戦,孤高,超現実,調整役,周囲を見てバランスを取る人,非常に社交的で少しせっかちな面があり、探求心がある性格,孤高の存在で超現実主義
超外向,少即決,少挑戦,孤高,現実,調整役,周囲を見てバランスを取る人,非常に社交的で少しせっかちな面があり、探求心がある性格,孤高の存在で現実主義
超外向,少即決,少挑戦,孤高,少現実,調整役,周囲を見てバランスを取る人,非常に社交的で少しせっかちな面があり、探求心がある性格,孤高の存在で現実的な側面を考慮する
超外向,少即決,少挑戦,孤高,少理想,調整役,周囲を見てバランスを取る人,非常に社交的で少しせっかちな面があり、探求心がある性格,孤高の存在で夢見がち
超外向,少即決,少挑戦,孤高,理想,情熱家,夢と理想に燃える人物,非常に社交的で少しせっかちな面があり、探求心がある性格,孤高の存在で理想的
超外向,少即決,少挑戦,孤高,超理想,情熱家,夢と理想に燃える人物,非常に社交的で少しせっかちな面があり、探求心がある性格,孤高の存在で地に足がついていない
超外向,少即決,少挑戦,一匹狼,超現実,調整役,周囲を見てバランスを取る人,非常に社交的で少しせっかちな面があり、探求心がある性格,一匹狼で超現実主義
超外向,少即決,少挑戦,一匹狼,現実,調整役,周囲を見てバランスを取る人,非常に社交的で少しせっかちな面があり、探求心がある性格,一匹狼で現実主義
超外向,少即決,少挑戦,一匹狼,少現実,調整役,周囲を見てバランスを取る人,非常に社交的で少しせっかちな面があり、探求心がある性格,一匹狼で現実的な側面を考慮する
超外向,少即決,少挑戦,一匹狼,少理想,調整役,周囲を見てバランスを取る人,非常に社交的で少しせっかちな面があり、探求心がある性格,一匹狼で夢見がち
超外向,少即決,少挑戦,一匹狼,理想,情熱家,夢と理想に燃える人物,非常に社交的で少しせっかちな面があり、探求心がある性格,一匹狼で理想的
超外向,少即決,少挑戦,一匹狼,超理想,情熱家,夢と理想に燃える人物,非常に社交的で少しせっかちな面があり、探求心がある性格,一匹狼で地に足がついていない
超外向,少即決,少挑戦,少孤独,超現実,調整役,周囲を見てバランスを取る人,非常に社交的で少しせっかちな面があり、探求心がある性格,自由主義で超現実主義
超外向,少即決,少挑戦,少孤独,現実,調整役,周囲を見てバランスを取る人,非常に社交的で少しせっかちな面があり、探求心がある性格,自由主義で現実主義
超外向,少即決,少挑戦,少孤独,少現実,調整役,周囲を見てバランスを取る人,非常に社交的で少しせっかちな面があり、探求心がある性格,自由主義で現実的な側面を考慮する
超外向,少即決,少挑戦,少孤独,少理想,調整役,周囲を見てバランスを取る人,非常に社交的で少しせっかちな面があり、探求心がある性格,自由主義で夢見がち
超外向,少即決,少挑戦,少孤独,理想,情熱家,夢と理想に燃える人物,非常に社交的で少しせっかちな面があり、探求心がある性格,自由主義で理想的
超外向,少即決,少挑戦,少孤独,超理想,情熱家,夢と理想に燃える人物,非常に社交的で少しせっかちな面があり、探求心がある性格,自由主義で地に足がついていない
超外向,少即決,少挑戦,少仲間,超現実,調整役,周囲を見てバランスを取る人,非常に社交的で少しせっかちな面があり、探求心がある性格,温厚で超現実主義
超外向,少即決,少挑戦,少仲間,現実,調整役,周囲を見てバランスを取る人,非常に社交的で少しせっかちな面があり、探求心がある性格,温厚で現実主義
超外向,少即決,少挑戦,少仲間,少現実,調整役,周囲を見てバランスを取る人,非常に社交的で少しせっかちな面があり、探求心がある性格,温厚で現実的な側面を考慮する
超外向,少即決,少挑戦,少仲間,少理想,調整役,周囲を見てバランスを取る人,非常に社交的で少しせっかちな面があり、探求心がある性格,温厚で夢見がち
超外向,少即決,少挑戦,少仲間,理想,情熱家,夢と理想に燃える人物,非常に社交的で少しせっかちな面があり、探求心がある性格,温厚で理想的
超外向,少即決,少挑戦,少仲間,超理想,情熱家,夢と理想に燃える人物,非常に社交的で少しせっかちな面があり、探求心がある性格,温厚で地に足がついていない
超外向,少即決,少挑戦,仲間派,超現実,調整役,周囲を見てバランスを取る人,非常に社交的で少しせっかちな面があり、探求心がある性格,仲間思いで超現実主義
超外向,少即決,少挑戦,仲間派,現実,調整役,周囲を見てバランスを取る人,非常に社交的で少しせっかちな面があり、探求心がある性格,仲間思いで現実主義
超外向,少即決,少挑戦,仲間派,少現実,調整役,周囲を見てバランスを取る人,非常に社交的で少しせっかちな面があり、探求心がある性格,仲間思いで現実的な側面を考慮する
超外向,少即決,少挑戦,仲間派,少理想,調整役,周囲を見てバランスを取る人,非常に社交的で少しせっかちな面があり、探求心がある性格,仲間思いで夢見がち
超外向,少即決,少挑戦,仲間派,理想,情熱家,夢と理想に燃える人物,非常に社交的で少しせっかちな面があり、探求心がある性格,仲間思いで理想的
超外向,少即決,少挑戦,仲間派,超理想,情熱家,夢と理想に燃える人物,非常に社交的で少しせっかちな面があり、探求心がある性格,仲間思いで地に足がついていない
超外向,少即決,少挑戦,超仲間,超現実,調整役,周囲を見てバランスを取る人,非常に社交的で少しせっかちな面があり、探求心がある性格,自己犠牲精神で超現実主義
超外向,少即決,少挑戦,超仲間,現実,調整役,周囲を見てバランスを取る人,非常に社交的で少しせっかちな面があり、探求心がある性格,自己犠牲精神で現実主義
超外向,少即決,少挑戦,超仲間,少現実,調整役,周囲を見てバランスを取る人,非常に社交的で少しせっかちな面があり、探求心がある性格,自己犠牲精神で現実的な側面を考慮する
超外向,少即決,少挑戦,超仲間,少理想,調整役,周囲を見てバランスを取る人,非常に社交的で少しせっかちな面があり、探求心がある性格,自己犠牲精神で夢見がち
超外向,少即決,少挑戦,超仲間,理想,情熱家,夢と理想に燃える人物,非常に社交的で少しせっかちな面があり、探求心がある性格,自己犠牲精神で理想的
超外向,少即決,少挑戦,超仲間,超理想,情熱家,夢と理想に燃える人物,非常に社交的で少しせっかちな面があり、探求心がある性格,自己犠牲精神で地に足がついていない
超外向,少即決,挑戦,孤高,超現実,孤高の戦士,誰にも頼らず突き進む,非常に社交的で少しせっかちな面があり、挑戦的な性格,孤高の存在で超現実主義
超外向,少即決,挑戦,孤高,現実,孤高の戦士,誰にも頼らず突き進む,非常に社交的で少しせっかちな面があり、挑戦的な性格,孤高の存在で現実主義
超外向,少即決,挑戦,孤高,少現実,調整役,周囲を見てバランスを取る人,非常に社交的で少しせっかちな面があり、挑戦的な性格,孤高の存在で現実的な側面を考慮する
超外向,少即決,挑戦,孤高,少理想,調整役,周囲を見てバランスを取る人,非常に社交的で少しせっかちな面があり、挑戦的な性格,孤高の存在で夢見がち
超外向,少即決,挑戦,孤高,理想,情熱家,夢と理想に燃える人物,非常に社交的で少しせっかちな面があり、挑戦的な性格,孤高の存在で理想的
超外向,少即決,挑戦,孤高,超理想,情熱家,夢と理想に燃える人物,非常に社交的で少しせっかちな面があり、挑戦的な性格,孤高の存在で地に足がついていない
超外向,少即決,挑戦,一匹狼,超現実,孤高の戦士,誰にも頼らず突き進む,非常に社交的で少しせっかちな面があり、挑戦的な性格,一匹狼で超現実主義
超外向,少即決,挑戦,一匹狼,現実,孤高の戦士,誰にも頼らず突き進む,非常に社交的で少しせっかちな面があり、挑戦的な性格,一匹狼で現実主義
超外向,少即決,挑戦,一匹狼,少現実,調整役,周囲を見てバランスを取る人,非常に社交的で少しせっかちな面があり、挑戦的な性格,一匹狼で現実的な側面を考慮する
超外向,少即決,挑戦,一匹狼,少理想,調整役,周囲を見てバランスを取る人,非常に社交的で少しせっかちな面があり、挑戦的な性格,一匹狼で夢見がち
超外向,少即決,挑戦,一匹狼,理想,情熱家,夢と理想に燃える人物,非常に社交的で少しせっかちな面があり、挑戦的な性格,一匹狼で理想的
超外向,少即決,挑戦,一匹狼,超理想,情熱家,夢と理想に燃える人物,非常に社交的で少しせっかちな面があり、挑戦的な性格,一匹狼で地に足がついていない
超外向,少即決,挑戦,少孤独,超現実,調整役,周囲を見てバランスを取る人,非常に社交的で少しせっかちな面があり、挑戦的な性格,自由主義で超現実主義
超外向,少即決,挑戦,少孤独,現実,調整役,周囲を見てバランスを取る人,非常に社交的で少しせっかちな面があり、挑戦的な性格,自由主義で現実主義
超外向,少即決,挑戦,少孤独,少現実,調整役,周囲を見てバランスを取る人,非常に社交的で少しせっかちな面があり、挑戦的な性格,自由主義で現実的な側面を考慮する
超外向,少即決,挑戦,少孤独,少理想,調整役,周囲を見てバランスを取る人,非常に社交的で少しせっかちな面があり、挑戦的な性格,自由主義で夢見がち
超外向,少即決,挑戦,少孤独,理想,情熱家,夢と理想に燃える人物,非常に社交的で少しせっかちな面があり、挑戦的な性格,自由主義で理想的
超外向,少即決,挑戦,少孤独,超理想,情熱家,夢と理想に燃える人物,非常に社交的で少しせっかちな面があり、挑戦的な性格,自由主義で地に足がついていない
超外向,少即決,挑戦,少仲間,超現実,調整役,周囲を見てバランスを取る人,非常に社交的で少しせっかちな面があり、挑戦的な性格,温厚で超現実主義
超外向,少即決,挑戦,少仲間,現実,調整役,周囲を見てバランスを取る人,非常に社交的で少しせっかちな面があり、挑戦的な性格,温厚で現実主義
超外向,少即決,挑戦,少仲間,少現実,調整役,周囲を見てバランスを取る人,非常に社交的で少しせっかちな面があり、挑戦的な性格,温厚で現実的な側面を考慮する
超外向,少即決,挑戦,少仲間,少理想,調整役,周囲を見てバランスを取る人,非常に社交的で少しせっかちな面があり、挑戦的な性格,温厚で夢見がち
超外向,少即決,挑戦,少仲間,理想,情熱家,夢と理想に燃える人物,非常に社交的で少しせっかちな面があり、挑戦的な性格,温厚で理想的
超外向,少即決,挑戦,少仲間,超理想,情熱家,夢と理想に燃える人物,非常に社交的で少しせっかちな面があり、挑戦的な性格,温厚で地に足がついていない
超外向,少即決,挑戦,仲間派,超現実,調整役,周囲を見てバランスを取る人,非常に社交的で少しせっかちな面があり、挑戦的な性格,仲間思いで超現実主義
超外向,少即決,挑戦,仲間派,現実,調整役,周囲を見てバランスを取る人,非常に社交的で少しせっかちな面があり、挑戦的な性格,仲間思いで現実主義
超外向,少即決,挑戦,仲間派,少現実,調整役,周囲を見てバランスを取る人,非常に社交的で少しせっかちな面があり、挑戦的な性格,仲間思いで現実的な側面を考慮する
超外向,少即決,挑戦,仲間派,少理想,調整役,周囲を見てバランスを取る人,非常に社交的で少しせっかちな面があり、挑戦的な性格,仲間思いで夢見がち
超外向,少即決,挑戦,仲間派,理想,挑戦家,理想を掲げ挑戦を恐れない,非常に社交的で少しせっかちな面があり、挑戦的な性格,仲間思いで理想的
超外向,少即決,挑戦,仲間派,超理想,挑戦家,理想を掲げ挑戦を恐れない,非常に社交的で少しせっかちな面があり、挑戦的な性格,仲間思いで地に足がついていない
超外向,少即決,挑戦,超仲間,超現実,調整役,周囲を見てバランスを取る人,非常に社交的で少しせっかちな面があり、挑戦的な性格,自己犠牲精神で超現実主義
超外向,少即決,挑戦,超仲間,現実,調整役,周囲を見てバランスを取る人,非常に社交的で少しせっかちな面があり、挑戦的な性格,自己犠牲精神で現実主義
超外向,少即決,挑戦,超仲間,少現実,調整役,周囲を見てバランスを取る人,非常に社交的で少しせっかちな面があり、挑戦的な性格,自己犠牲精神で現実的な側面を考慮する
超外向,少即決,挑戦,超仲間,少理想,調整役,周囲を見てバランスを取る人,非常に社交的で少しせっかちな面があり、挑戦的な性格,自己犠牲精神で夢見がち
超外向,少即決,挑戦,超仲間,理想,挑戦家,理想を掲げ挑戦を恐れない,非常に社交的で少しせっかちな面があり、挑戦的な性格,自己犠牲精神で理想的
超外向,少即決,挑戦,超仲間,超理想,挑戦家,理想を掲げ挑戦を恐れない,非常に社交的で少しせっかちな面があり、挑戦的な性格,自己犠牲精神で地に足がついていない
超外向,少即決,超挑戦,孤高,超現実,孤高の戦士,誰にも頼らず突き進む,非常に社交的で少しせっかちな面があり、果敢な性格,孤高の存在で超現実主義
超外向,少即決,超挑戦,孤高,現実,孤高の戦士,誰にも頼らず突き進む,非常に社交的で少しせっかちな面があり、果敢な性格,孤高の存在で現実主義
超外向,少即決,超挑戦,孤高,少現実,調整役,周囲を見てバランスを取る人,非常に社交的で少しせっかちな面があり、果敢な性格,孤高の存在で現実的な側面を考慮する
超外向,少即決,超挑戦,孤高,少理想,調整役,周囲を見てバランスを取る人,非常に社交的で少しせっかちな面があり、果敢な性格,孤高の存在で夢見がち
超外向,少即決,超挑戦,孤高,理想,情熱家,夢と理想に燃える人物,非常に社交的で少しせっかちな面があり、果敢な性格,孤高の存在で理想的
超外向,少即決,超挑戦,孤高,超理想,情熱家,夢と理想に燃える人物,非常に社交的で少しせっかちな面があり、果敢な性格,孤高の存在で地に足がついていない
超外向,少即決,超挑戦,一匹狼,超現実,孤高の戦士,誰にも頼らず突き進む,非常に社交的で少しせっかちな面があり、果敢な性格,一匹狼で超現実主義
超外向,少即決,超挑戦,一匹狼,現実,孤高の戦士,誰にも頼らず突き進む,非常に社交的で少しせっかちな面があり、果敢な性格,一匹狼で現実主義
超外向,少即決,超挑戦,一匹狼,少現実,調整役,周囲を見てバランスを取る人,非常に社交的で少しせっかちな面があり、果敢な性格,一匹狼で現実的な側面を考慮する
超外向,少即決,超挑戦,一匹狼,少理想,調整役,周囲を見てバランスを取る人,非常に社交的で少しせっかちな面があり、果敢な性格,一匹狼で夢見がち
超外向,少即決,超挑戦,一匹狼,理想,情熱家,夢と理想に燃える人物,非常に社交的で少しせっかちな面があり、果敢な性格,一匹狼で理想的
超外向,少即決,超挑戦,一匹狼,超理想,情熱家,夢と理想に燃える人物,非常に社交的で少しせっかちな面があり、果敢な性格,一匹狼で地に足がついていない
超外向,少即決,超挑戦,少孤独,超現実,調整役,周囲を見てバランスを取る人,非常に社交的で少しせっかちな面があり、果敢な性格,自由主義で超現実主義
超外向,少即決,超挑戦,少孤独,現実,調整役,周囲を見てバランスを取る人,非常に社交的で少しせっかちな面があり、果敢な性格,自由主義で現実主義
超外向,少即決,超挑戦,少孤独,少現実,調整役,周囲を見てバランスを取る人,非常に社交的で少しせっかちな面があり、果敢な性格,自由主義で現実的な側面を考慮する
超外向,少即決,超挑戦,少孤独,少理想,調整役,周囲を見てバランスを取る人,非常に社交的で少しせっかちな面があり、果敢な性格,自由主義で夢見がち
超外向,少即決,超挑戦,少孤独,理想,情熱家,夢と理想に燃える人物,非常に社交的で少しせっかちな面があり、果敢な性格,自由主義で理想的
超外向,少即決,超挑戦,少孤独,超理想,情熱家,夢と理想に燃える人物,非常に社交的で少しせっかちな面があり、果敢な性格,自由主義で地に足がついていない
超外向,少即決,超挑戦,少仲間,超現実,調整役,周囲を見てバランスを取る人,非常に社交的で少しせっかちな面があり、果敢な性格,温厚で超現実主義
超外向,少即決,超挑戦,少仲間,現実,調整役,周囲を見てバランスを取る人,非常に社交的で少しせっかちな面があり、果敢な性格,温厚で現実主義
超外向,少即決,超挑戦,少仲間,少現実,調整役,周囲を見てバランスを取る人,非常に社交的で少しせっかちな面があり、果敢な性格,温厚で現実的な側面を考慮する
超外向,少即決,超挑戦,少仲間,少理想,調整役,周囲を見てバランスを取る人,非常に社交的で少しせっかちな面があり、果敢な性格,温厚で夢見がち
超外向,少即決,超挑戦,少仲間,理想,情熱家,夢と理想に燃える人物,非常に社交的で少しせっかちな面があり、果敢な性格,温厚で理想的
超外向,少即決,超挑戦,少仲間,超理想,情熱家,夢と理想に燃える人物,非常に社交的で少しせっかちな面があり、果敢な性格,温厚で地に足がついていない
超外向,少即決,超挑戦,仲間派,超現実,調整役,周囲を見てバランスを取る人,非常に社交的で少しせっかちな面があり、果敢な性格,仲間思いで超現実主義
超外向,少即決,超挑戦,仲間派,現実,調整役,周囲を見てバランスを取る人,非常に社交的で少しせっかちな面があり、果敢な性格,仲間思いで現実主義
超外向,少即決,超挑戦,仲間派,少現実,調整役,周囲を見てバランスを取る人,非常に社交的で少しせっかちな面があり、果敢な性格,仲間思いで現実的な側面を考慮する
超外向,少即決,超挑戦,仲間派,少理想,調整役,周囲を見てバランスを取る人,非常に社交的で少しせっかちな面があり、果敢な性格,仲間思いで夢見がち
超外向,少即決,超挑戦,仲間派,理想,挑戦家,理想を掲げ挑戦を恐れない,非常に社交的で少しせっかちな面があり、果敢な性格,仲間思いで理想的
超外向,少即決,超挑戦,仲間派,超理想,挑戦家,理想を掲げ挑戦を恐れない,非常に社交的で少しせっかちな面があり、果敢な性格,仲間思いで地に足がついていない
超外向,少即決,超挑戦,超仲間,超現実,調整役,周囲を見てバランスを取る人,非常に社交的で少しせっかちな面があり、果敢な性格,自己犠牲精神で超現実主義
超外向,少即決,超挑戦,超仲間,現実,調整役,周囲を見てバランスを取る人,非常に社交的で少しせっかちな面があり、果敢な性格,自己犠牲精神で現実主義
超外向,少即決,超挑戦,超仲間,少現実,調整役,周囲を見てバランスを取る人,非常に社交的で少しせっかちな面があり、果敢な性格,自己犠牲精神で現実的な側面を考慮する
超外向,少即決,超挑戦,超仲間,少理想,調整役,周囲を見てバランスを取る人,非常に社交的で少しせっかちな面があり、果敢な性格,自己犠牲精神で夢見がち
超外向,少即決,超挑戦,超仲間,理想,挑戦家,理想を掲げ挑戦を恐れない,非常に社交的で少しせっかちな面があり、果敢な性格,自己犠牲精神で理想的
超外向,少即決,超挑戦,超仲間,超理想,挑戦家,理想を掲げ挑戦を恐れない,非常に社交的で少しせっかちな面があり、果敢な性格,自己犠牲精神で地に足がついていない
超外向,即決,超回避,孤高,超現実,ムードメーカー,明るく場を和ませる,非常に社交的で直感に従う、対立を徹底的に避ける性格,孤高の存在で超現実主義
超外向,即決,超回避,孤高,現実,ムードメーカー,明るく場を和ませる,非常に社交的で直感に従う、対立を徹底的に避ける性格,孤高の存在で現実主義
超外向,即決,超回避,孤高,少現実,ムードメーカー,明るく場を和ませる,非常に社交的で直感に従う、対立を徹底的に避ける性格,孤高の存在で現実的な側面を考慮する
超外向,即決,超回避,孤高,少理想,ムードメーカー,明るく場を和ませる,非常に社交的で直感に従う、対立を徹底的に避ける性格,孤高の存在で夢見がち
超外向,即決,超回避,孤高,理想,ムードメーカー,明るく場を和ませる,非常に社交的で直感に従う、対立を徹底的に避ける性格,孤高の存在で理想的
超外向,即決,超回避,孤高,超理想,ムードメーカー,明るく場を和ませる,非常に社交的で直感に従う、対立を徹底的に避ける性格,孤高の存在で地に足がついていない
超外向,即決,超回避,一匹狼,超現実,ムードメーカー,明るく場を和ませる,非常に社交的で直感に従う、対立を徹底的に避ける性格,一匹狼で超現実主義
超外向,即決,超回避,一匹狼,現実,ムードメーカー,明るく場を和ませる,非常に社交的で直感に従う、対立を徹底的に避ける性格,一匹狼で現実主義
超外向,即決,超回避,一匹狼,少現実,ムードメーカー,明るく場を和ませる,非常に社交的で直感に従う、対立を徹底的に避ける性格,一匹狼で現実的な側面を考慮する
超外向,即決,超回避,一匹狼,少理想,ムードメーカー,明るく場を和ませる,非常に社交的で直感に従う、対立を徹底的に避ける性格,一匹狼で夢見がち
超外向,即決,超回避,一匹狼,理想,ムードメーカー,明るく場を和ませる,非常に社交的で直感に従う、対立を徹底的に避ける性格,一匹狼で理想的
超外向,即決,超回避,一匹狼,超理想,ムードメーカー,明るく場を和ませる,非常に社交的で直感に従う、対立を徹底的に避ける性格,一匹狼で地に足がついていない
超外向,即決,超回避,少孤独,超現実,ムードメーカー,明るく場を和ませる,非常に社交的で直感に従う、対立を徹底的に避ける性格,自由主義で超現実主義
超外向,即決,超回避,少孤独,現実,ムードメーカー,明るく場を和ませる,非常に社交的で直感に従う、対立を徹底的に避ける性格,自由主義で現実主義
超外向,即決,超回避,少孤独,少現実,ムードメーカー,明るく場を和ませる,非常に社交的で直感に従う、対立を徹底的に避ける性格,自由主義で現実的な側面を考慮する
超外向,即決,超回避,少孤独,少理想,ムードメーカー,明るく場を和ませる,非常に社交的で直感に従う、対立を徹底的に避ける性格,自由主義で夢見がち
超外向,即決,超回避,少孤独,理想,ムードメーカー,明るく場を和ませる,非常に社交的で直感に従う、対立を徹底的に避ける性格,自由主義で理想的
超外向,即決,超回避,少孤独,超理想,ムードメーカー,明るく場を和ませる,非常に社交的で直感に従う、対立を徹底的に避ける性格,自由主義で地に足がついていない
超外向,即決,超回避,少仲間,超現実,ムードメーカー,明るく場を和ませる,非常に社交的で直感に従う、対立を徹底的に避ける性格,温厚で超現実主義
超外向,即決,超回避,少仲間,現実,ムードメーカー,明るく場を和ませる,非常に社交的で直感に従う、対立を徹底的に避ける性格,温厚で現実主義
超外向,即決,超回避,少仲間,少現実,ムードメーカー,明るく場を和ませる,非常に社交的で直感に従う、対立を徹底的に避ける性格,温厚で現実的な側面を考慮する
超外向,即決,超回避,少仲間,少理想,ムードメーカー,明るく場を和ませる,非常に社交的で直感に従う、対立を徹底的に避ける性格,温厚で夢見がち
超外向,即決,超回避,少仲間,理想,ムードメーカー,明るく場を和ませる,非常に社交的で直感に従う、対立を徹底的に避ける性格,温厚で理想的
超外向,即決,超回避,少仲間,超理想,ムードメーカー,明るく場を和ませる,非常に社交的で直感に従う、対立を徹底的に避ける性格,温厚で地に足がついていない
超外向,即決,超回避,仲間派,超現実,ムードメーカー,明るく場を和ませる,非常に社交的で直感に従う、対立を徹底的に避ける性格,仲間思いで超現実主義
超外向,即決,超回避,仲間派,現実,ムードメーカー,明るく場を和ませる,非常に社交的で直感に従う、対立を徹底的に避ける性格,仲間思いで現実主義
超外向,即決,超回避,仲間派,少現実,ムードメーカー,明るく場を和ませる,非常に社交的で直感に従う、対立を徹底的に避ける性格,仲間思いで現実的な側面を考慮する
超外向,即決,超回避,仲間派,少理想,ムードメーカー,明るく場を和ませる,非常に社交的で直感に従う、対立を徹底的に避ける性格,仲間思いで夢見がち
超外向,即決,超回避,仲間派,理想,ムードメーカー,明るく場を和ませる,非常に社交的で直感に従う、対立を徹底的に避ける性格,仲間思いで理想的
超外向,即決,超回避,仲間派,超理想,ムードメーカー,明るく場を和ませる,非常に社交的で直感に従う、対立を徹底的に避ける性格,仲間思いで地に足がついていない
超外向,即決,超回避,超仲間,超現実,ムードメーカー,明るく場を和ませる,非常に社交的で直感に従う、対立を徹底的に避ける性格,自己犠牲精神で超現実主義
超外向,即決,超回避,超仲間,現実,ムードメーカー,明るく場を和ませる,非常に社交的で直感に従う、対立を徹底的に避ける性格,自己犠牲精神で現実主義
超外向,即決,超回避,超仲間,少現実,ムードメーカー,明るく場を和ませる,非常に社交的で直感に従う、対立を徹底的に避ける性格,自己犠牲精神で現実的な側面を考慮する
超外向,即決,超回避,超仲間,少理想,ムードメーカー,明るく場を和ませる,非常に社交的で直感に従う、対立を徹底的に避ける性格,自己犠牲精神で夢見がち
超外向,即決,超回避,超仲間,理想,ムードメーカー,明るく場を和ませる,非常に社交的で直感に従う、対立を徹底的に避ける性格,自己犠牲精神で理想的
超外向,即決,超回避,超仲間,超理想,ムードメーカー,明るく場を和ませる,非常に社交的で直感に従う、対立を徹底的に避ける性格,自己犠牲精神で地に足がついていない
超外向,即決,回避,孤高,超現実,ムードメーカー,明るく場を和ませる,非常に社交的で直感に従う、直接的な対応を好まない性格,孤高の存在で超現実主義
超外向,即決,回避,孤高,現実,ムードメーカー,明るく場を和ませる,非常に社交的で直感に従う、直接的な対応を好まない性格,孤高の存在で現実主義
超外向,即決,回避,孤高,少現実,ムードメーカー,明るく場を和ませる,非常に社交的で直感に従う、直接的な対応を好まない性格,孤高の存在で現実的な側面を考慮する
超外向,即決,回避,孤高,少理想,ムードメーカー,明るく場を和ませる,非常に社交的で直感に従う、直接的な対応を好まない性格,孤高の存在で夢見がち
超外向,即決,回避,孤高,理想,ムードメーカー,明るく場を和ませる,非常に社交的で直感に従う、直接的な対応を好まない性格,孤高の存在で理想的
超外向,即決,回避,孤高,超理想,ムードメーカー,明るく場を和ませる,非常に社交的で直感に従う、直接的な対応を好まない性格,孤高の存在で地に足がついていない
超外向,即決,回避,一匹狼,超現実,ムードメーカー,明るく場を和ませる,非常に社交的で直感に従う、直接的な対応を好まない性格,一匹狼で超現実主義
超外向,即決,回避,一匹狼,現実,ムードメーカー,明るく場を和ませる,非常に社交的で直感に従う、直接的な対応を好まない性格,一匹狼で現実主義
超外向,即決,回避,一匹狼,少現実,ムードメーカー,明るく場を和ませる,非常に社交的で直感に従う、直接的な対応を好まない性格,一匹狼で現実的な側面を考慮する
超外向,即決,回避,一匹狼,少理想,ムードメーカー,明るく場を和ませる,非常に社交的で直感に従う、直接的な対応を好まない性格,一匹狼で夢見がち
超外向,即決,回避,一匹狼,理想,ムードメーカー,明るく場を和ませる,非常に社交的で直感に従う、直接的な対応を好まない性格,一匹狼で理想的
超外向,即決,回避,一匹狼,超理想,ムードメーカー,明るく場を和ませる,非常に社交的で直感に従う、直接的な対応を好まない性格,一匹狼で地に足がついていない
超外向,即決,回避,少孤独,超現実,ムードメーカー,明るく場を和ませる,非常に社交的で直感に従う、直接的な対応を好まない性格,自由主義で超現実主義
超外向,即決,回避,少孤独,現実,ムードメーカー,明るく場を和ませる,非常に社交的で直感に従う、直接的な対応を好まない性格,自由主義で現実主義
超外向,即決,回避,少孤独,少現実,ムードメーカー,明るく場を和ませる,非常に社交的で直感に従う、直接的な対応を好まない性格,自由主義で現実的な側面を考慮する
超外向,即決,回避,少孤独,少理想,ムードメーカー,明るく場を和ませる,非常に社交的で直感に従う、直接的な対応を好まない性格,自由主義で夢見がち
超外向,即決,回避,少孤独,理想,ムードメーカー,明るく場を和ませる,非常に社交的で直感に従う、直接的な対応を好まない性格,自由主義で理想的
超外向,即決,回避,少孤独,超理想,ムードメーカー,明るく場を和ませる,非常に社交的で直感に従う、直接的な対応を好まない性格,自由主義で地に足がついていない
超外向,即決,回避,少仲間,超現実,ムードメーカー,明るく場を和ませる,非常に社交的で直感に従う、直接的な対応を好まない性格,温厚で超現実主義
超外向,即決,回避,少仲間,現実,ムードメーカー,明るく場を和ませる,非常に社交的で直感に従う、直接的な対応を好まない性格,温厚で現実主義
超外向,即決,回避,少仲間,少現実,ムードメーカー,明るく場を和ませる,非常に社交的で直感に従う、直接的な対応を好まない性格,温厚で現実的な側面を考慮する
超外向,即決,回避,少仲間,少理想,ムードメーカー,明るく場を和ませる,非常に社交的で直感に従う、直接的な対応を好まない性格,温厚で夢見がち
超外向,即決,回避,少仲間,理想,ムードメーカー,明るく場を和ませる,非常に社交的で直感に従う、直接的な対応を好まない性格,温厚で理想的
超外向,即決,回避,少仲間,超理想,ムードメーカー,明るく場を和ませる,非常に社交的で直感に従う、直接的な対応を好まない性格,温厚で地に足がついていない
超外向,即決,回避,仲間派,超現実,ムードメーカー,明るく場を和ませる,非常に社交的で直感に従う、直接的な対応を好まない性格,仲間思いで超現実主義
超外向,即決,回避,仲間派,現実,ムードメーカー,明るく場を和ませる,非常に社交的で直感に従う、直接的な対応を好まない性格,仲間思いで現実主義
超外向,即決,回避,仲間派,少現実,ムードメーカー,明るく場を和ませる,非常に社交的で直感に従う、直接的な対応を好まない性格,仲間思いで現実的な側面を考慮する
超外向,即決,回避,仲間派,少理想,ムードメーカー,明るく場を和ませる,非常に社交的で直感に従う、直接的な対応を好まない性格,仲間思いで夢見がち
超外向,即決,回避,仲間派,理想,ムードメーカー,明るく場を和ませる,非常に社交的で直感に従う、直接的な対応を好まない性格,仲間思いで理想的
超外向,即決,回避,仲間派,超理想,ムードメーカー,明るく場を和ませる,非常に社交的で直感に従う、直接的な対応を好まない性格,仲間思いで地に足がついていない
超外向,即決,回避,超仲間,超現実,ムードメーカー,明るく場を和ませる,非常に社交的で直感に従う、直接的な対応を好まない性格,自己犠牲精神で超現実主義
超外向,即決,回避,超仲間,現実,ムードメーカー,明るく場を和ませる,非常に社交的で直感に従う、直接的な対応を好まない性格,自己犠牲精神で現実主義
超外向,即決,回避,超仲間,少現実,ムードメーカー,明るく場を和ませる,非常に社交的で直感に従う、直接的な対応を好まない性格,自己犠牲精神で現実的な側面を考慮する
超外向,即決,回避,超仲間,少理想,ムードメーカー,明るく場を和ませる,非常に社交的で直感に従う、直接的な対応を好まない性格,自己犠牲精神で夢見がち
超外向,即決,回避,超仲間,理想,ムードメーカー,明るく場を和ませる,非常に社交的で直感に従う、直接的な対応を好まない性格,自己犠牲精神で理想的
超外向,即決,回避,超仲間,超理想,ムードメーカー,明るく場を和ませる,非常に社交的で直感に従う、直接的な対応を好まない性格,自己犠牲精神で地に足がついていない
超外向,即決,少回避,孤高,超現実,暴走隊長,突っ走る孤高タイプ,非常に社交的で直感に従う、争いごとを好まない性格,孤高の存在で超現実主義
超外向,即決,少回避,孤高,現実,暴走隊長,突っ走る孤高タイプ,非常に社交的で直感に従う、争いごとを好まない性格,孤高の存在で現実主義
超外向,即決,少回避,孤高,少現実,暴走隊長,突っ走る孤高タイプ,非常に社交的で直感に従う、争いごとを好まない性格,孤高の存在で現実的な側面を考慮する
超外向,即決,少回避,孤高,少理想,暴走隊長,突っ走る孤高タイプ,非常に社交的で直感に従う、争いごとを好まない性格,孤高の存在で夢見がち
超外向,即決,少回避,孤高,理想,暴走隊長,突っ走る孤高タイプ,非常に社交的で直感に従う、争いごとを好まない性格,孤高の存在で理想的
超外向,即決,少回避,孤高,超理想,暴走隊長,突っ走る孤高タイプ,非常に社交的で直感に従う、争いごとを好まない性格,孤高の存在で地に足がついていない
超外向,即決,少回避,一匹狼,超現実,暴走隊長,突っ走る孤高タイプ,非常に社交的で直感に従う、争いごとを好まない性格,一匹狼で超現実主義
超外向,即決,少回避,一匹狼,現実,暴走隊長,突っ走る孤高タイプ,非常に社交的で直感に従う、争いごとを好まない性格,一匹狼で現実主義
超外向,即決,少回避,一匹狼,少現実,暴走隊長,突っ走る孤高タイプ,非常に社交的で直感に従う、争いごとを好まない性格,一匹狼で現実的な側面を考慮する
超外向,即決,少回避,一匹狼,少理想,暴走隊長,突っ走る孤高タイプ,非常に社交的で直感に従う、争いごとを好まない性格,一匹狼で夢見がち
超外向,即決,少回避,一匹狼,理想,暴走隊長,突っ走る孤高タイプ,非常に社交的で直感に従う、争いごとを好まない性格,一匹狼で理想的
超外向,即決,少回避,一匹狼,超理想,暴走隊長,突っ走る孤高タイプ,非常に社交的で直感に従う、争いごとを好まない性格,一匹狼で地に足がついていない
超外向,即決,少回避,少孤独,超現実,調整役,周囲を見てバランスを取る人,非常に社交的で直感に従う、争いごとを好まない性格,自由主義で超現実主義
超外向,即決,少回避,少孤独,現実,調整役,周囲を見てバランスを取る人,非常に社交的で直感に従う、争いごとを好まない性格,自由主義で現実主義
超外向,即決,少回避,少孤独,少現実,調整役,周囲を見てバランスを取る人,非常に社交的で直感に従う、争いごとを好まない性格,自由主義で現実的な側面を考慮する
超外向,即決,少回避,少孤独,少理想,調整役,周囲を見てバランスを取る人,非常に社交的で直感に従う、争いごとを好まない性格,自由主義で夢見がち
超外向,即決,少回避,少孤独,理想,情熱家,夢と理想に燃える人物,非常に社交的で直感に従う、争いごとを好まない性格,自由主義で理想的
超外向,即決,少回避,少孤独,超理想,情熱家,夢と理想に燃える人物,非常に社交的で直感に従う、争いごとを好まない性格,自由主義で地に足がついていない
超外向,即決,少回避,少仲間,超現実,調整役,周囲を見てバランスを取る人,非常に社交的で直感に従う、争いごとを好まない性格,温厚で超現実主義
超外向,即決,少回避,少仲間,現実,調整役,周囲を見てバランスを取る人,非常に社交的で直感に従う、争いごとを好まない性格,温厚で現実主義
超外向,即決,少回避,少仲間,少現実,調整役,周囲を見てバランスを取る人,非常に社交的で直感に従う、争いごとを好まない性格,温厚で現実的な側面を考慮する
超外向,即決,少回避,少仲間,少理想,調整役,周囲を見てバランスを取る人,非常に社交的で直感に従う、争いごとを好まない性格,温厚で夢見がち
超外向,即決,少回避,少仲間,理想,情熱家,夢と理想に燃える人物,非常に社交的で直感に従う、争いごとを好まない性格,温厚で理想的
超外向,即決,少回避,少仲間,超理想,情熱家,夢と理想に燃える人物,非常に社交的で直感に従う、争いごとを好まない性格,温厚で地に足がついていない
超外向,即決,少回避,仲間派,超現実,守護者,仲間を守る頼れる存在,非常に社交的で直感に従う、争いごとを好まない性格,仲間思いで超現実主義
超外向,即決,少回避,仲間派,現実,守護者,仲間を守る頼れる存在,非常に社交的で直感に従う、争いごとを好まない性格,仲間思いで現実主義
超外向,即決,少回避,仲間派,少現実,守護者,仲間を守る頼れる存在,非常に社交的で直感に従う、争いごとを好まない性格,仲間思いで現実的な側面を考慮する
超外向,即決,少回避,仲間派,少理想,守護者,仲間を守る頼れる存在,非常に社交的で直感に従う、争いごとを好まない性格,仲間思いで夢見がち
超外向,即決,少回避,仲間派,理想,守護者,仲間を守る頼れる存在,非常に社交的で直感に従う、争いごとを好まない性格,仲間思いで理想的
超外向,即決,少回避,仲間派,超理想,守護者,仲間を守る頼れる存在,非常に社交的で直感に従う、争いごとを好まない性格,仲間思いで地に足がついていない
超外向,即決,少回避,超仲間,超現実,守護者,仲間を守る頼れる存在,非常に社交的で直感に従う、争いごとを好まない性格,自己犠牲精神で超現実主義
超外向,即決,少回避,超仲間,現実,守護者,仲間を守る頼れる存在,非常に社交的で直感に従う、争いごとを好まない性格,自己犠牲精神で現実主義
超外向,即決,少回避,超仲間,少現実,守護者,仲間を守る頼れる存在,非常に社交的で直感に従う、争いごとを好まない性格,自己犠牲精神で現実的な側面を考慮する
超外向,即決,少回避,超仲間,少理想,守護者,仲間を守る頼れる存在,非常に社交的で直感に従う、争いごとを好まない性格,自己犠牲精神で夢見がち
超外向,即決,少回避,超仲間,理想,守護者,仲間を守る頼れる存在,非常に社交的で直感に従う、争いごとを好まない性格,自己犠牲精神で理想的
超外向,即決,少回避,超仲間,超理想,守護者,仲間を守る頼れる存在,非常に社交的で直感に従う、争いごとを好まない性格,自己犠牲精神で地に足がついていない
超外向,即決,少挑戦,孤高,超現実,暴走隊長,突っ走る孤高タイプ,非常に社交的で直感に従う、探求心がある性格,孤高の存在で超現実主義
超外向,即決,少挑戦,孤高,現実,暴走隊長,突っ走る孤高タイプ,非常に社交的で直感に従う、探求心がある性格,孤高の存在で現実主義
超外向,即決,少挑戦,孤高,少現実,暴走隊長,突っ走る孤高タイプ,非常に社交的で直感に従う、探求心がある性格,孤高の存在で現実的な側面を考慮する
超外向,即決,少挑戦,孤高,少理想,暴走隊長,突っ走る孤高タイプ,非常に社交的で直感に従う、探求心がある性格,孤高の存在で夢見がち
超外向,即決,少挑戦,孤高,理想,暴走隊長,突っ走る孤高タイプ,非常に社交的で直感に従う、探求心がある性格,孤高の存在で理想的
超外向,即決,少挑戦,孤高,超理想,暴走隊長,突っ走る孤高タイプ,非常に社交的で直感に従う、探求心がある性格,孤高の存在で地に足がついていない
超外向,即決,少挑戦,一匹狼,超現実,暴走隊長,突っ走る孤高タイプ,非常に社交的で直感に従う、探求心がある性格,一匹狼で超現実主義
超外向,即決,少挑戦,一匹狼,現実,暴走隊長,突っ走る孤高タイプ,非常に社交的で直感に従う、探求心がある性格,一匹狼で現実主義
超外向,即決,少挑戦,一匹狼,少現実,暴走隊長,突っ走る孤高タイプ,非常に社交的で直感に従う、探求心がある性格,一匹狼で現実的な側面を考慮する
超外向,即決,少挑戦,一匹狼,少理想,暴走隊長,突っ走る孤高タイプ,非常に社交的で直感に従う、探求心がある性格,一匹狼で夢見がち
超外向,即決,少挑戦,一匹狼,理想,暴走隊長,突っ走る孤高タイプ,非常に社交的で直感に従う、探求心がある性格,一匹狼で理想的
超外向,即決,少挑戦,一匹狼,超理想,暴走隊長,突っ走る孤高タイプ,非常に社交的で直感に従う、探求心がある性格,一匹狼で地に足がついていない
超外向,即決,少挑戦,少孤独,超現実,調整役,周囲を見てバランスを取る人,非常に社交的で直感に従う、探求心がある性格,自由主義で超現実主義
超外向,即決,少挑戦,少孤独,現実,調整役,周囲を見てバランスを取る人,非常に社交的で直感に従う、探求心がある性格,自由主義で現実主義
超外向,即決,少挑戦,少孤独,少現実,調整役,周囲を見てバランスを取る人,非常に社交的で直感に従う、探求心がある性格,自由主義で現実的な側面を考慮する
超外向,即決,少挑戦,少孤独,少理想,調整役,周囲を見てバランスを取る人,非常に社交的で直感に従う、探求心がある性格,自由主義で夢見がち
超外向,即決,少挑戦,少孤独,理想,情熱家,夢と理想に燃える人物,非常に社交的で直感に従う、探求心がある性格,自由主義で理想的
超外向,即決,少挑戦,少孤独,超理想,情熱家,夢と理想に燃える人物,非常に社交的で直感に従う、探求心がある性格,自由主義で地に足がついていない
超外向,即決,少挑戦,少仲間,超現実,調整役,周囲を見てバランスを取る人,非常に社交的で直感に従う、探求心がある性格,温厚で超現実主義
超外向,即決,少挑戦,少仲間,現実,調整役,周囲を見てバランスを取る人,非常に社交的で直感に従う、探求心がある性格,温厚で現実主義
超外向,即決,少挑戦,少仲間,少現実,調整役,周囲を見てバランスを取る人,非常に社交的で直感に従う、探求心がある性格,温厚で現実的な側面を考慮する
超外向,即決,少挑戦,少仲間,少理想,調整役,周囲を見てバランスを取る人,非常に社交的で直感に従う、探求心がある性格,温厚で夢見がち
超外向,即決,少挑戦,少仲間,理想,情熱家,夢と理想に燃える人物,非常に社交的で直感に従う、探求心がある性格,温厚で理想的
超外向,即決,少挑戦,少仲間,超理想,情熱家,夢と理想に燃える人物,非常に社交的で直感に従う、探求心がある性格,温厚で地に足がついていない
超外向,即決,少挑戦,仲間派,超現実,調整役,周囲を見てバランスを取る人,非常に社交的で直感に従う、探求心がある性格,仲間思いで超現実主義
超外向,即決,少挑戦,仲間派,現実,調整役,周囲を見てバランスを取る人,非常に社交的で直感に従う、探求心がある性格,仲間思いで現実主義
超外向,即決,少挑戦,仲間派,少現実,調整役,周囲を見てバランスを取る人,非常に社交的で直感に従う、探求心がある性格,仲間思いで現実的な側面を考慮する
超外向,即決,少挑戦,仲間派,少理想,調整役,周囲を見てバランスを取る人,非常に社交的で直感に従う、探求心がある性格,仲間思いで夢見がち
超外向,即決,少挑戦,仲間派,理想,情熱家,夢と理想に燃える人物,非常に社交的で直感に従う、探求心がある性格,仲間思いで理想的
超外向,即決,少挑戦,仲間派,超理想,情熱家,夢と理想に燃える人物,非常に社交的で直感に従う、探求心がある性格,仲間思いで地に足がついていない
超外向,即決,少挑戦,超仲間,超現実,調整役,周囲を見てバランスを取る人,非常に社交的で直感に従う、探求心がある性格,自己犠牲精神で超現実主義
超外向,即決,少挑戦,超仲間,現実,調整役,周囲を見てバランスを取る人,非常に社交的で直感に従う、探求心がある性格,自己犠牲精神で現実主義
超外向,即決,少挑戦,超仲間,少現実,調整役,周囲を見てバランスを取る人,非常に社交的で直感に従う、探求心がある性格,自己犠牲精神で現実的な側面を考慮する
超外向,即決,少挑戦,超仲間,少理想,調整役,周囲を見てバランスを取る人,非常に社交的で直感に従う、探求心がある性格,自己犠牲精神で夢見がち
超外向,即決,少挑戦,超仲間,理想,情熱家,夢と理想に燃える人物,非常に社交的で直感に従う、探求心がある性格,自己犠牲精神で理想的
超外向,即決,少挑戦,超仲間,超理想,情熱家,夢と理想に燃える人物,非常に社交的で直感に従う、探求心がある性格,自己犠牲精神で地に足がついていない
超外向,即決,挑戦,孤高,超現実,孤高の戦士,誰にも頼らず突き進む,非常に社交的で直感に従う、挑戦的な性格,孤高の存在で超現実主義
超外向,即決,挑戦,孤高,現実,孤高の戦士,誰にも頼らず突き進む,非常に社交的で直感に従う、挑戦的な性格,孤高の存在で現実主義
超外向,即決,挑戦,孤高,少現実,暴走隊長,突っ走る孤高タイプ,非常に社交的で直感に従う、挑戦的な性格,孤高の存在で現実的な側面を考慮する
超外向,即決,挑戦,孤高,少理想,暴走隊長,突っ走る孤高タイプ,非常に社交的で直感に従う、挑戦的な性格,孤高の存在で夢見がち
超外向,即決,挑戦,孤高,理想,暴走隊長,突っ走る孤高タイプ,非常に社交的で直感に従う、挑戦的な性格,孤高の存在で理想的
超外向,即決,挑戦,孤高,超理想,暴走隊長,突っ走る孤高タイプ,非常に社交的で直感に従う、挑戦的な性格,孤高の存在で地に足がついていない
超外向,即決,挑戦,一匹狼,超現実,孤高の戦士,誰にも頼らず突き進む,非常に社交的で直感に従う、挑戦的な性格,一匹狼で超現実主義
超外向,即決,挑戦,一匹狼,現実,孤高の戦士,誰にも頼らず突き進む,非常に社交的で直感に従う、挑戦的な性格,一匹狼で現実主義
超外向,即決,挑戦,一匹狼,少現実,暴走隊長,突っ走る孤高タイプ,非常に社交的で直感に従う、挑戦的な性格,一匹狼で現実的な側面を考慮する
超外向,即決,挑戦,一匹狼,少理想,暴走隊長,突っ走る孤高タイプ,非常に社交的で直感に従う、挑戦的な性格,一匹狼で夢見がち
超外向,即決,挑戦,一匹狼,理想,暴走隊長,突っ走る孤高タイプ,非常に社交的で直感に従う、挑戦的な性格,一匹狼で理想的
超外向,即決,挑戦,一匹狼,超理想,暴走隊長,突っ走る孤高タイプ,非常に社交的で直感に従う、挑戦的な性格,一匹狼で地に足がついていない
超外向,即決,挑戦,少孤独,超現実,調整役,周囲を見てバランスを取る人,非常に社交的で直感に従う、挑戦的な性格,自由主義で超現実主義
超外向,即決,挑戦,少孤独,現実,調整役,周囲を見てバランスを取る人,非常に社交的で直感に従う、挑戦的な性格,自由主義で現実主義
超外向,即決,挑戦,少孤独,少現実,調整役,周囲を見てバランスを取る人,非常に社交的で直感に従う、挑戦的な性格,自由主義で現実的な側面を考慮する
超外向,即決,挑戦,少孤独,少理想,調整役,周囲を見てバランスを取る人,非常に社交的で直感に従う、挑戦的な性格,自由主義で夢見がち
超外向,即決,挑戦,少孤独,理想,情熱家,夢と理想に燃える人物,非常に社交的で直感に従う、挑戦的な性格,自由主義で理想的
超外向,即決,挑戦,少孤独,超理想,情熱家,夢と理想に燃える人物,非常に社交的で直感に従う、挑戦的な性格,自由主義で地に足がついていない
超外向,即決,挑戦,少仲間,超現実,調整役,周囲を見てバランスを取る人,非常に社交的で直感に従う、挑戦的な性格,温厚で超現実主義
超外向,即決,挑戦,少仲間,現実,調整役,周囲を見てバランスを取る人,非常に社交的で直感に従う、挑戦的な性格,温厚で現実主義
超外向,即決,挑戦,少仲間,少現実,調整役,周囲を見てバランスを取る人,非常に社交的で直感に従う、挑戦的な性格,温厚で現実的な側面を考慮する
超外向,即決,挑戦,少仲間,少理想,調整役,周囲を見てバランスを取る人,非常に社交的で直感に従う、挑戦的な性格,温厚で夢見がち
超外向,即決,挑戦,少仲間,理想,情熱家,夢と理想に燃える人物,非常に社交的で直感に従う、挑戦的な性格,温厚で理想的
超外向,即決,挑戦,少仲間,超理想,情熱家,夢と理想に燃える人物,非常に社交的で直感に従う、挑戦的な性格,温厚で地に足がついていない
超外向,即決,挑戦,仲間派,超現実,調整役,周囲を見てバランスを取る人,非常に社交的で直感に従う、挑戦的な性格,仲間思いで超現実主義
超外向,即決,挑戦,仲間派,現実,調整役,周囲を見てバランスを取る人,非常に社交的で直感に従う、挑戦的な性格,仲間思いで現実主義
超外向,即決,挑戦,仲間派,少現実,調整役,周囲を見てバランスを取る人,非常に社交的で直感に従う、挑戦的な性格,仲間思いで現実的な側面を考慮する
超外向,即決,挑戦,仲間派,少理想,調整役,周囲を見てバランスを取る人,非常に社交的で直感に従う、挑戦的な性格,仲間思いで夢見がち
超外向,即決,挑戦,仲間派,理想,カリスマリーダー,仲間を率いる熱血タイプ,非常に社交的で直感に従う、挑戦的な性格,仲間思いで理想的
超外向,即決,挑戦,仲間派,超理想,カリスマリーダー,仲間を率いる熱血タイプ,非常に社交的で直感に従う、挑戦的な性格,仲間思いで地に足がついていない
超外向,即決,挑戦,超仲間,超現実,調整役,周囲を見てバランスを取る人,非常に社交的で直感に従う、挑戦的な性格,自己犠牲精神で超現実主義
超外向,即決,挑戦,超仲間,現実,調整役,周囲を見てバランスを取る人,非常に社交的で直感に従う、挑戦的な性格,自己犠牲精神で現実主義
超外向,即決,挑戦,超仲間,少現実,調整役,周囲を見てバランスを取る人,非常に社交的で直感に従う、挑戦的な性格,自己犠牲精神で現実的な側面を考慮する
超外向,即決,挑戦,超仲間,少理想,調整役,周囲を見てバランスを取る人,非常に社交的で直感に従う、挑戦的な性格,自己犠牲精神で夢見がち
超外向,即決,挑戦,超仲間,理想,カリスマリーダー,仲間を率いる熱血タイプ,非常に社交的で直感に従う、挑戦的な性格,自己犠牲精神で理想的
超外向,即決,挑戦,超仲間,超理想,カリスマリーダー,仲間を率いる熱血タイプ,非常に社交的で直感に従う、挑戦的な性格,自己犠牲精神で地に足がついていない
超外向,即決,超挑戦,孤高,超現実,孤高の戦士,誰にも頼らず突き進む,非常に社交的で直感に従う、果敢な性格,孤高の存在で超現実主義
超外向,即決,超挑戦,孤高,現実,孤高の戦士,誰にも頼らず突き進む,非常に社交的で直感に従う、果敢な性格,孤高の存在で現実主義
超外向,即決,超挑戦,孤高,少現実,暴走隊長,突っ走る孤高タイプ,非常に社交的で直感に従う、果敢な性格,孤高の存在で現実的な側面を考慮する
超外向,即決,超挑戦,孤高,少理想,暴走隊長,突っ走る孤高タイプ,非常に社交的で直感に従う、果敢な性格,孤高の存在で夢見がち
超外向,即決,超挑戦,孤高,理想,暴走隊長,突っ走る孤高タイプ,非常に社交的で直感に従う、果敢な性格,孤高の存在で理想的
超外向,即決,超挑戦,孤高,超理想,暴走隊長,突っ走る孤高タイプ,非常に社交的で直感に従う、果敢な性格,孤高の存在で地に足がついていない
超外向,即決,超挑戦,一匹狼,超現実,孤高の戦士,誰にも頼らず突き進む,非常に社交的で直感に従う、果敢な性格,一匹狼で超現実主義
超外向,即決,超挑戦,一匹狼,現実,孤高の戦士,誰にも頼らず突き進む,非常に社交的で直感に従う、果敢な性格,一匹狼で現実主義
超外向,即決,超挑戦,一匹狼,少現実,暴走隊長,突っ走る孤高タイプ,非常に社交的で直感に従う、果敢な性格,一匹狼で現実的な側面を考慮する
超外向,即決,超挑戦,一匹狼,少理想,暴走隊長,突っ走る孤高タイプ,非常に社交的で直感に従う、果敢な性格,一匹狼で夢見がち
超外向,即決,超挑戦,一匹狼,理想,暴走隊長,突っ走る孤高タイプ,非常に社交的で直感に従う、果敢な性格,一匹狼で理想的
超外向,即決,超挑戦,一匹狼,超理想,暴走隊長,突っ走る孤高タイプ,非常に社交的で直感に従う、果敢な性格,一匹狼で地に足がついていない
超外向,即決,超挑戦,少孤独,超現実,調整役,周囲を見てバランスを取る人,非常に社交的で直感に従う、果敢な性格,自由主義で超現実主義
超外向,即決,超挑戦,少孤独,現実,調整役,周囲を見てバランスを取る人,非常に社交的で直感に従う、果敢な性格,自由主義で現実主義
超外向,即決,超挑戦,少孤独,少現実,調整役,周囲を見てバランスを取る人,非常に社交的で直感に従う、果敢な性格,自由主義で現実的な側面を考慮する
超外向,即決,超挑戦,少孤独,少理想,調整役,周囲を見てバランスを取る人,非常に社交的で直感に従う、果敢な性格,自由主義で夢見がち
超外向,即決,超挑戦,少孤独,理想,情熱家,夢と理想に燃える人物,非常に社交的で直感に従う、果敢な性格,自由主義で理想的
超外向,即決,超挑戦,少孤独,超理想,情熱家,夢と理想に燃える人物,非常に社交的で直感に従う、果敢な性格,自由主義で地に足がついていない
超外向,即決,超挑戦,少仲間,超現実,調整役,周囲を見てバランスを取る人,非常に社交的で直感に従う、果敢な性格,温厚で超現実主義
超外向,即決,超挑戦,少仲間,現実,調整役,周囲を見てバランスを取る人,非常に社交的で直感に従う、果敢な性格,温厚で現実主義
超外向,即決,超挑戦,少仲間,少現実,調整役,周囲を見てバランスを取る人,非常に社交的で直感に従う、果敢な性格,温厚で現実的な側面を考慮する
超外向,即決,超挑戦,少仲間,少理想,調整役,周囲を見てバランスを取る人,非常に社交的で直感に従う、果敢な性格,温厚で夢見がち
超外向,即決,超挑戦,少仲間,理想,情熱家,夢と理想に燃える人物,非常に社交的で直感に従う、果敢な性格,温厚で理想的
超外向,即決,超挑戦,少仲間,超理想,情熱家,夢と理想に燃える人物,非常に社交的で直感に従う、果敢な性格,温厚で地に足がついていない
超外向,即決,超挑戦,仲間派,超現実,調整役,周囲を見てバランスを取る人,非常に社交的で直感に従う、果敢な性格,仲間思いで超現実主義
超外向,即決,超挑戦,仲間派,現実,調整役,周囲を見てバランスを取る人,非常に社交的で直感に従う、果敢な性格,仲間思いで現実主義
超外向,即決,超挑戦,仲間派,少現実,調整役,周囲を見てバランスを取る人,非常に社交的で直感に従う、果敢な性格,仲間思いで現実的な側面を考慮する
超外向,即決,超挑戦,仲間派,少理想,調整役,周囲を見てバランスを取る人,非常に社交的で直感に従う、果敢な性格,仲間思いで夢見がち
超外向,即決,超挑戦,仲間派,理想,カリスマリーダー,仲間を率いる熱血タイプ,非常に社交的で直感に従う、果敢な性格,仲間思いで理想的
超外向,即決,超挑戦,仲間派,超理想,カリスマリーダー,仲間を率いる熱血タイプ,非常に社交的で直感に従う、果敢な性格,仲間思いで地に足がついていない
超外向,即決,超挑戦,超仲間,超現実,調整役,周囲を見てバランスを取る人,非常に社交的で直感に従う、果敢な性格,自己犠牲精神で超現実主義
超外向,即決,超挑戦,超仲間,現実,調整役,周囲を見てバランスを取る人,非常に社交的で直感に従う、果敢な性格,自己犠牲精神で現実主義
超外向,即決,超挑戦,超仲間,少現実,調整役,周囲を見てバランスを取る人,非常に社交的で直感に従う、果敢な性格,自己犠牲精神で現実的な側面を考慮する
超外向,即決,超挑戦,超仲間,少理想,調整役,周囲を見てバランスを取る人,非常に社交的で直感に従う、果敢な性格,自己犠牲精神で夢見がち
超外向,即決,超挑戦,超仲間,理想,カリスマリーダー,仲間を率いる熱血タイプ,非常に社交的で直感に従う、果敢な性格,自己犠牲精神で理想的
超外向,即決,超挑戦,超仲間,超理想,カリスマリーダー,仲間を率いる熱血タイプ,非常に社交的で直感に従う、果敢な性格,自己犠牲精神で地に足がついていない
超外向,超即決,超回避,孤高,超現実,ムードメーカー,明るく場を和ませる,非常に社交的で後先考えず、対立を徹底的に避ける性格,孤高の存在で超現実主義
超外向,超即決,超回避,孤高,現実,ムードメーカー,明るく場を和ませる,非常に社交的で後先考えず、対立を徹底的に避ける性格,孤高の存在で現実主義
超外向,超即決,超回避,孤高,少現実,ムードメーカー,明るく場を和ませる,非常に社交的で後先考えず、対立を徹底的に避ける性格,孤高の存在で現実的な側面を考慮する
超外向,超即決,超回避,孤高,少理想,ムードメーカー,明るく場を和ませる,非常に社交的で後先考えず、対立を徹底的に避ける性格,孤高の存在で夢見がち
超外向,超即決,超回避,孤高,理想,ムードメーカー,明るく場を和ませる,非常に社交的で後先考えず、対立を徹底的に避ける性格,孤高の存在で理想的
超外向,超即決,超回避,孤高,超理想,ムードメーカー,明るく場を和ませる,非常に社交的で後先考えず、対立を徹底的に避ける性格,孤高の存在で地に足がついていない
超外向,超即決,超回避,一匹狼,超現実,ムードメーカー,明るく場を和ませる,非常に社交的で後先考えず、対立を徹底的に避ける性格,一匹狼で超現実主義
超外向,超即決,超回避,一匹狼,現実,ムードメーカー,明るく場を和ませる,非常に社交的で後先考えず、対立を徹底的に避ける性格,一匹狼で現実主義
超外向,超即決,超回避,一匹狼,少現実,ムードメーカー,明るく場を和ませる,非常に社交的で後先考えず、対立を徹底的に避ける性格,一匹狼で現実的な側面を考慮する
超外向,超即決,超回避,一匹狼,少理想,ムードメーカー,明るく場を和ませる,非常に社交的で後先考えず、対立を徹底的に避ける性格,一匹狼で夢見がち
超外向,超即決,超回避,一匹狼,理想,ムードメーカー,明るく場を和ませる,非常に社交的で後先考えず、対立を徹底的に避ける性格,一匹狼で理想的
超外向,超即決,超回避,一匹狼,超理想,ムードメーカー,明るく場を和ませる,非常に社交的で後先考えず、対立を徹底的に避ける性格,一匹狼で地に足がついていない
超外向,超即決,超回避,少孤独,超現実,ムードメーカー,明るく場を和ませる,非常に社交的で後先考えず、対立を徹底的に避ける性格,自由主義で超現実主義
超外向,超即決,超回避,少孤独,現実,ムードメーカー,明るく場を和ませる,非常に社交的で後先考えず、対立を徹底的に避ける性格,自由主義で現実主義
超外向,超即決,超回避,少孤独,少現実,ムードメーカー,明るく場を和ませる,非常に社交的で後先考えず、対立を徹底的に避ける性格,自由主義で現実的な側面を考慮する
超外向,超即決,超回避,少孤独,少理想,ムードメーカー,明るく場を和ませる,非常に社交的で後先考えず、対立を徹底的に避ける性格,自由主義で夢見がち
超外向,超即決,超回避,少孤独,理想,ムードメーカー,明るく場を和ませる,非常に社交的で後先考えず、対立を徹底的に避ける性格,自由主義で理想的
超外向,超即決,超回避,少孤独,超理想,ムードメーカー,明るく場を和ませる,非常に社交的で後先考えず、対立を徹底的に避ける性格,自由主義で地に足がついていない
超外向,超即決,超回避,少仲間,超現実,ムードメーカー,明るく場を和ませる,非常に社交的で後先考えず、対立を徹底的に避ける性格,温厚で超現実主義
超外向,超即決,超回避,少仲間,現実,ムードメーカー,明るく場を和ませる,非常に社交的で後先考えず、対立を徹底的に避ける性格,温厚で現実主義
超外向,超即決,超回避,少仲間,少現実,ムードメーカー,明るく場を和ませる,非常に社交的で後先考えず、対立を徹底的に避ける性格,温厚で現実的な側面を考慮する
超外向,超即決,超回避,少仲間,少理想,ムードメーカー,明るく場を和ませる,非常に社交的で後先考えず、対立を徹底的に避ける性格,温厚で夢見がち
超外向,超即決,超回避,少仲間,理想,ムードメーカー,明るく場を和ませる,非常に社交的で後先考えず、対立を徹底的に避ける性格,温厚で理想的
超外向,超即決,超回避,少仲間,超理想,ムードメーカー,明るく場を和ませる,非常に社交的で後先考えず、対立を徹底的に避ける性格,温厚で地に足がついていない
超外向,超即決,超回避,仲間派,超現実,ムードメーカー,明るく場を和ませる,非常に社交的で後先考えず、対立を徹底的に避ける性格,仲間思いで超現実主義
超外向,超即決,超回避,仲間派,現実,ムードメーカー,明るく場を和ませる,非常に社交的で後先考えず、対立を徹底的に避ける性格,仲間思いで現実主義
超外向,超即決,超回避,仲間派,少現実,ムードメーカー,明るく場を和ませる,非常に社交的で後先考えず、対立を徹底的に避ける性格,仲間思いで現実的な側面を考慮する
超外向,超即決,超回避,仲間派,少理想,ムードメーカー,明るく場を和ませる,非常に社交的で後先考えず、対立を徹底的に避ける性格,仲間思いで夢見がち
超外向,超即決,超回避,仲間派,理想,ムードメーカー,明るく場を和ませる,非常に社交的で後先考えず、対立を徹底的に避ける性格,仲間思いで理想的
超外向,超即決,超回避,仲間派,超理想,ムードメーカー,明るく場を和ませる,非常に社交的で後先考えず、対立を徹底的に避ける性格,仲間思いで地に足がついていない
超外向,超即決,超回避,超仲間,超現実,ムードメーカー,明るく場を和ませる,非常に社交的で後先考えず、対立を徹底的に避ける性格,自己犠牲精神で超現実主義
超外向,超即決,超回避,超仲間,現実,ムードメーカー,明るく場を和ませる,非常に社交的で後先考えず、対立を徹底的に避ける性格,自己犠牲精神で現実主義
超外向,超即決,超回避,超仲間,少現実,ムードメーカー,明るく場を和ませる,非常に社交的で後先考えず、対立を徹底的に避ける性格,自己犠牲精神で現実的な側面を考慮する
超外向,超即決,超回避,超仲間,少理想,ムードメーカー,明るく場を和ませる,非常に社交的で後先考えず、対立を徹底的に避ける性格,自己犠牲精神で夢見がち
超外向,超即決,超回避,超仲間,理想,ムードメーカー,明るく場を和ませる,非常に社交的で後先考えず、対立を徹底的に避ける性格,自己犠牲精神で理想的
超外向,超即決,超回避,超仲間,超理想,ムードメーカー,明るく場を和ませる,非常に社交的で後先考えず、対立を徹底的に避ける性格,自己犠牲精神で地に足がついていない
超外向,超即決,回避,孤高,超現実,ムードメーカー,明るく場を和ませる,非常に社交的で後先考えず、直接的な対応を好まない性格,孤高の存在で超現実主義
超外向,超即決,回避,孤高,現実,ムードメーカー,明るく場を和ませる,非常に社交的で後先考えず、直接的な対応を好まない性格,孤高の存在で現実主義
超外向,超即決,回避,孤高,少現実,ムードメーカー,明るく場を和ませる,非常に社交的で後先考えず、直接的な対応を好まない性格,孤高の存在で現実的な側面を考慮する
超外向,超即決,回避,孤高,少理想,ムードメーカー,明るく場を和ませる,非常に社交的で後先考えず、直接的な対応を好まない性格,孤高の存在で夢見がち
超外向,超即決,回避,孤高,理想,ムードメーカー,明るく場を和ませる,非常に社交的で後先考えず、直接的な対応を好まない性格,孤高の存在で理想的
超外向,超即決,回避,孤高,超理想,ムードメーカー,明るく場を和ませる,非常に社交的で後先考えず、直接的な対応を好まない性格,孤高の存在で地に足がついていない
超外向,超即決,回避,一匹狼,超現実,ムードメーカー,明るく場を和ませる,非常に社交的で後先考えず、直接的な対応を好まない性格,一匹狼で超現実主義
超外向,超即決,回避,一匹狼,現実,ムードメーカー,明るく場を和ませる,非常に社交的で後先考えず、直接的な対応を好まない性格,一匹狼で現実主義
超外向,超即決,回避,一匹狼,少現実,ムードメーカー,明るく場を和ませる,非常に社交的で後先考えず、直接的な対応を好まない性格,一匹狼で現実的な側面を考慮する
超外向,超即決,回避,一匹狼,少理想,ムードメーカー,明るく場を和ませる,非常に社交的で後先考えず、直接的な対応を好まない性格,一匹狼で夢見がち
超外向,超即決,回避,一匹狼,理想,ムードメーカー,明るく場を和ませる,非常に社交的で後先考えず、直接的な対応を好まない性格,一匹狼で理想的
超外向,超即決,回避,一匹狼,超理想,ムードメーカー,明るく場を和ませる,非常に社交的で後先考えず、直接的な対応を好まない性格,一匹狼で地に足がついていない
超外向,超即決,回避,少孤独,超現実,ムードメーカー,明るく場を和ませる,非常に社交的で後先考えず、直接的な対応を好まない性格,自由主義で超現実主義
超外向,超即決,回避,少孤独,現実,ムードメーカー,明るく場を和ませる,非常に社交的で後先考えず、直接的な対応を好まない性格,自由主義で現実主義
超外向,超即決,回避,少孤独,少現実,ムードメーカー,明るく場を和ませる,非常に社交的で後先考えず、直接的な対応を好まない性格,自由主義で現実的な側面を考慮する
超外向,超即決,回避,少孤独,少理想,ムードメーカー,明るく場を和ませる,非常に社交的で後先考えず、直接的な対応を好まない性格,自由主義で夢見がち
超外向,超即決,回避,少孤独,理想,ムードメーカー,明るく場を和ませる,非常に社交的で後先考えず、直接的な対応を好まない性格,自由主義で理想的
超外向,超即決,回避,少孤独,超理想,ムードメーカー,明るく場を和ませる,非常に社交的で後先考えず、直接的な対応を好まない性格,自由主義で地に足がついていない
超外向,超即決,回避,少仲間,超現実,ムードメーカー,明るく場を和ませる,非常に社交的で後先考えず、直接的な対応を好まない性格,温厚で超現実主義
超外向,超即決,回避,少仲間,現実,ムードメーカー,明るく場を和ませる,非常に社交的で後先考えず、直接的な対応を好まない性格,温厚で現実主義
超外向,超即決,回避,少仲間,少現実,ムードメーカー,明るく場を和ませる,非常に社交的で後先考えず、直接的な対応を好まない性格,温厚で現実的な側面を考慮する
超外向,超即決,回避,少仲間,少理想,ムードメーカー,明るく場を和ませる,非常に社交的で後先考えず、直接的な対応を好まない性格,温厚で夢見がち
超外向,超即決,回避,少仲間,理想,ムードメーカー,明るく場を和ませる,非常に社交的で後先考えず、直接的な対応を好まない性格,温厚で理想的
超外向,超即決,回避,少仲間,超理想,ムードメーカー,明るく場を和ませる,非常に社交的で後先考えず、直接的な対応を好まない性格,温厚で地に足がついていない
超外向,超即決,回避,仲間派,超現実,ムードメーカー,明るく場を和ませる,非常に社交的で後先考えず、直接的な対応を好まない性格,仲間思いで超現実主義
超外向,超即決,回避,仲間派,現実,ムードメーカー,明るく場を和ませる,非常に社交的で後先考えず、直接的な対応を好まない性格,仲間思いで現実主義
超外向,超即決,回避,仲間派,少現実,ムードメーカー,明るく場を和ませる,非常に社交的で後先考えず、直接的な対応を好まない性格,仲間思いで現実的な側面を考慮する
超外向,超即決,回避,仲間派,少理想,ムードメーカー,明るく場を和ませる,非常に社交的で後先考えず、直接的な対応を好まない性格,仲間思いで夢見がち
超外向,超即決,回避,仲間派,理想,ムードメーカー,明るく場を和ませる,非常に社交的で後先考えず、直接的な対応を好まない性格,仲間思いで理想的
超外向,超即決,回避,仲間派,超理想,ムードメーカー,明るく場を和ませる,非常に社交的で後先考えず、直接的な対応を好まない性格,仲間思いで地に足がついていない
超外向,超即決,回避,超仲間,超現実,ムードメーカー,明るく場を和ませる,非常に社交的で後先考えず、直接的な対応を好まない性格,自己犠牲精神で超現実主義
超外向,超即決,回避,超仲間,現実,ムードメーカー,明るく場を和ませる,非常に社交的で後先考えず、直接的な対応を好まない性格,自己犠牲精神で現実主義
超外向,超即決,回避,超仲間,少現実,ムードメーカー,明るく場を和ませる,非常に社交的で後先考えず、直接的な対応を好まない性格,自己犠牲精神で現実的な側面を考慮する
超外向,超即決,回避,超仲間,少理想,ムードメーカー,明るく場を和ませる,非常に社交的で後先考えず、直接的な対応を好まない性格,自己犠牲精神で夢見がち
超外向,超即決,回避,超仲間,理想,ムードメーカー,明るく場を和ませる,非常に社交的で後先考えず、直接的な対応を好まない性格,自己犠牲精神で理想的
超外向,超即決,回避,超仲間,超理想,ムードメーカー,明るく場を和ませる,非常に社交的で後先考えず、直接的な対応を好まない性格,自己犠牲精神で地に足がついていない
超外向,超即決,少回避,孤高,超現実,暴走隊長,突っ走る孤高タイプ,非常に社交的で後先考えず、争いごとを好まない性格,孤高の存在で超現実主義
超外向,超即決,少回避,孤高,現実,暴走隊長,突っ走る孤高タイプ,非常に社交的で後先考えず、争いごとを好まない性格,孤高の存在で現実主義
超外向,超即決,少回避,孤高,少現実,暴走隊長,突っ走る孤高タイプ,非常に社交的で後先考えず、争いごとを好まない性格,孤高の存在で現実的な側面を考慮する
超外向,超即決,少回避,孤高,少理想,暴走隊長,突っ走る孤高タイプ,非常に社交的で後先考えず、争いごとを好まない性格,孤高の存在で夢見がち
超外向,超即決,少回避,孤高,理想,暴走隊長,突っ走る孤高タイプ,非常に社交的で後先考えず、争いごとを好まない性格,孤高の存在で理想的
超外向,超即決,少回避,孤高,超理想,暴走隊長,突っ走る孤高タイプ,非常に社交的で後先考えず、争いごとを好まない性格,孤高の存在で地に足がついていない
超外向,超即決,少回避,一匹狼,超現実,暴走隊長,突っ走る孤高タイプ,非常に社交的で後先考えず、争いごとを好まない性格,一匹狼で超現実主義
超外向,超即決,少回避,一匹狼,現実,暴走隊長,突っ走る孤高タイプ,非常に社交的で後先考えず、争いごとを好まない性格,一匹狼で現実主義
超外向,超即決,少回避,一匹狼,少現実,暴走隊長,突っ走る孤高タイプ,非常に社交的で後先考えず、争いごとを好まない性格,一匹狼で現実的な側面を考慮する
超外向,超即決,少回避,一匹狼,少理想,暴走隊長,突っ走る孤高タイプ,非常に社交的で後先考えず、争いごとを好まない性格,一匹狼で夢見がち
超外向,超即決,少回避,一匹狼,理想,暴走隊長,突っ走る孤高タイプ,非常に社交的で後先考えず、争いごとを好まない性格,一匹狼で理想的
超外向,超即決,少回避,一匹狼,超理想,暴走隊長,突っ走る孤高タイプ,非常に社交的で後先考えず、争いごとを好まない性格,一匹狼で地に足がついていない
超外向,超即決,少回避,少孤独,超現実,調整役,周囲を見てバランスを取る人,非常に社交的で後先考えず、争いごとを好まない性格,自由主義で超現実主義
超外向,超即決,少回避,少孤独,現実,調整役,周囲を見てバランスを取る人,非常に社交的で後先考えず、争いごとを好まない性格,自由主義で現実主義
超外向,超即決,少回避,少孤独,少現実,調整役,周囲を見てバランスを取る人,非常に社交的で後先考えず、争いごとを好まない性格,自由主義で現実的な側面を考慮する
超外向,超即決,少回避,少孤独,少理想,調整役,周囲を見てバランスを取る人,非常に社交的で後先考えず、争いごとを好まない性格,自由主義で夢見がち
超外向,超即決,少回避,少孤独,理想,情熱家,夢と理想に燃える人物,非常に社交的で後先考えず、争いごとを好まない性格,自由主義で理想的
超外向,超即決,少回避,少孤独,超理想,情熱家,夢と理想に燃える人物,非常に社交的で後先考えず、争いごとを好まない性格,自由主義で地に足がついていない
超外向,超即決,少回避,少仲間,超現実,調整役,周囲を見てバランスを取る人,非常に社交的で後先考えず、争いごとを好まない性格,温厚で超現実主義
超外向,超即決,少回避,少仲間,現実,調整役,周囲を見てバランスを取る人,非常に社交的で後先考えず、争いごとを好まない性格,温厚で現実主義
超外向,超即決,少回避,少仲間,少現実,調整役,周囲を見てバランスを取る人,非常に社交的で後先考えず、争いごとを好まない性格,温厚で現実的な側面を考慮する
超外向,超即決,少回避,少仲間,少理想,調整役,周囲を見てバランスを取る人,非常に社交的で後先考えず、争いごとを好まない性格,温厚で夢見がち
超外向,超即決,少回避,少仲間,理想,情熱家,夢と理想に燃える人物,非常に社交的で後先考えず、争いごとを好まない性格,温厚で理想的
超外向,超即決,少回避,少仲間,超理想,情熱家,夢と理想に燃える人物,非常に社交的で後先考えず、争いごとを好まない性格,温厚で地に足がついていない
超外向,超即決,少回避,仲間派,超現実,守護者,仲間を守る頼れる存在,非常に社交的で後先考えず、争いごとを好まない性格,仲間思いで超現実主義
超外向,超即決,少回避,仲間派,現実,守護者,仲間を守る頼れる存在,非常に社交的で後先考えず、争いごとを好まない性格,仲間思いで現実主義
超外向,超即決,少回避,仲間派,少現実,守護者,仲間を守る頼れる存在,非常に社交的で後先考えず、争いごとを好まない性格,仲間思いで現実的な側面を考慮する
超外向,超即決,少回避,仲間派,少理想,守護者,仲間を守る頼れる存在,非常に社交的で後先考えず、争いごとを好まない性格,仲間思いで夢見がち
超外向,超即決,少回避,仲間派,理想,守護者,仲間を守る頼れる存在,非常に社交的で後先考えず、争いごとを好まない性格,仲間思いで理想的
超外向,超即決,少回避,仲間派,超理想,守護者,仲間を守る頼れる存在,非常に社交的で後先考えず、争いごとを好まない性格,仲間思いで地に足がついていない
超外向,超即決,少回避,超仲間,超現実,守護者,仲間を守る頼れる存在,非常に社交的で後先考えず、争いごとを好まない性格,自己犠牲精神で超現実主義
超外向,超即決,少回避,超仲間,現実,守護者,仲間を守る頼れる存在,非常に社交的で後先考えず、争いごとを好まない性格,自己犠牲精神で現実主義
超外向,超即決,少回避,超仲間,少現実,守護者,仲間を守る頼れる存在,非常に社交的で後先考えず、争いごとを好まない性格,自己犠牲精神で現実的な側面を考慮する
超外向,超即決,少回避,超仲間,少理想,守護者,仲間を守る頼れる存在,非常に社交的で後先考えず、争いごとを好まない性格,自己犠牲精神で夢見がち
超外向,超即決,少回避,超仲間,理想,守護者,仲間を守る頼れる存在,非常に社交的で後先考えず、争いごとを好まない性格,自己犠牲精神で理想的
超外向,超即決,少回避,超仲間,超理想,守護者,仲間を守る頼れる存在,非常に社交的で後先考えず、争いごとを好まない性格,自己犠牲精神で地に足がついていない
超外向,超即決,少挑戦,孤高,超現実,暴走隊長,突っ走る孤高タイプ,非常に社交的で後先考えず、探求心がある性格,孤高の存在で超現実主義
超外向,超即決,少挑戦,孤高,現実,暴走隊長,突っ走る孤高タイプ,非常に社交的で後先考えず、探求心がある性格,孤高の存在で現実主義
超外向,超即決,少挑戦,孤高,少現実,暴走隊長,突っ走る孤高タイプ,非常に社交的で後先考えず、探求心がある性格,孤高の存在で現実的な側面を考慮する
超外向,超即決,少挑戦,孤高,少理想,暴走隊長,突っ走る孤高タイプ,非常に社交的で後先考えず、探求心がある性格,孤高の存在で夢見がち
超外向,超即決,少挑戦,孤高,理想,暴走隊長,突っ走る孤高タイプ,非常に社交的で後先考えず、探求心がある性格,孤高の存在で理想的
超外向,超即決,少挑戦,孤高,超理想,暴走隊長,突っ走る孤高タイプ,非常に社交的で後先考えず、探求心がある性格,孤高の存在で地に足がついていない
超外向,超即決,少挑戦,一匹狼,超現実,暴走隊長,突っ走る孤高タイプ,非常に社交的で後先考えず、探求心がある性格,一匹狼で超現実主義
超外向,超即決,少挑戦,一匹狼,現実,暴走隊長,突っ走る孤高タイプ,非常に社交的で後先考えず、探求心がある性格,一匹狼で現実主義
超外向,超即決,少挑戦,一匹狼,少現実,暴走隊長,突っ走る孤高タイプ,非常に社交的で後先考えず、探求心がある性格,一匹狼で現実的な側面を考慮する
超外向,超即決,少挑戦,一匹狼,少理想,暴走隊長,突っ走る孤高タイプ,非常に社交的で後先考えず、探求心がある性格,一匹狼で夢見がち
超外向,超即決,少挑戦,一匹狼,理想,暴走隊長,突っ走る孤高タイプ,非常に社交的で後先考えず、探求心がある性格,一匹狼で理想的
超外向,超即決,少挑戦,一匹狼,超理想,暴走隊長,突っ走る孤高タイプ,非常に社交的で後先考えず、探求心がある性格,一匹狼で地に足がついていない
超外向,超即決,少挑戦,少孤独,超現実,調整役,周囲を見てバランスを取る人,非常に社交的で後先考えず、探求心がある性格,自由主義で超現実主義
超外向,超即決,少挑戦,少孤独,現実,調整役,周囲を見てバランスを取る人,非常に社交的で後先考えず、探求心がある性格,自由主義で現実主義
超外向,超即決,少挑戦,少孤独,少現実,調整役,周囲を見てバランスを取る人,非常に社交的で後先考えず、探求心がある性格,自由主義で現実的な側面を考慮する
超外向,超即決,少挑戦,少孤独,少理想,調整役,周囲を見てバランスを取る人,非常に社交的で後先考えず、探求心がある性格,自由主義で夢見がち
超外向,超即決,少挑戦,少孤独,理想,情熱家,夢と理想に燃える人物,非常に社交的で後先考えず、探求心がある性格,自由主義で理想的
超外向,超即決,少挑戦,少孤独,超理想,情熱家,夢と理想に燃える人物,非常に社交的で後先考えず、探求心がある性格,自由主義で地に足がついていない
超外向,超即決,少挑戦,少仲間,超現実,調整役,周囲を見てバランスを取る人,非常に社交的で後先考えず、探求心がある性格,温厚で超現実主義
超外向,超即決,少挑戦,少仲間,現実,調整役,周囲を見てバランスを取る人,非常に社交的で後先考えず、探求心がある性格,温厚で現実主義
超外向,超即決,少挑戦,少仲間,少現実,調整役,周囲を見てバランスを取る人,非常に社交的で後先考えず、探求心がある性格,温厚で現実的な側面を考慮する
超外向,超即決,少挑戦,少仲間,少理想,調整役,周囲を見てバランスを取る人,非常に社交的で後先考えず、探求心がある性格,温厚で夢見がち
超外向,超即決,少挑戦,少仲間,理想,情熱家,夢と理想に燃える人物,非常に社交的で後先考えず、探求心がある性格,温厚で理想的
超外向,超即決,少挑戦,少仲間,超理想,情熱家,夢と理想に燃える人物,非常に社交的で後先考えず、探求心がある性格,温厚で地に足がついていない
超外向,超即決,少挑戦,仲間派,超現実,調整役,周囲を見てバランスを取る人,非常に社交的で後先考えず、探求心がある性格,仲間思いで超現実主義
超外向,超即決,少挑戦,仲間派,現実,調整役,周囲を見てバランスを取る人,非常に社交的で後先考えず、探求心がある性格,仲間思いで現実主義
超外向,超即決,少挑戦,仲間派,少現実,調整役,周囲を見てバランスを取る人,非常に社交的で後先考えず、探求心がある性格,仲間思いで現実的な側面を考慮する
超外向,超即決,少挑戦,仲間派,少理想,調整役,周囲を見てバランスを取る人,非常に社交的で後先考えず、探求心がある性格,仲間思いで夢見がち
超外向,超即決,少挑戦,仲間派,理想,情熱家,夢と理想に燃える人物,非常に社交的で後先考えず、探求心がある性格,仲間思いで理想的
超外向,超即決,少挑戦,仲間派,超理想,情熱家,夢と理想に燃える人物,非常に社交的で後先考えず、探求心がある性格,仲間思いで地に足がついていない
超外向,超即決,少挑戦,超仲間,超現実,調整役,周囲を見てバランスを取る人,非常に社交的で後先考えず、探求心がある性格,自己犠牲精神で超現実主義
超外向,超即決,少挑戦,超仲間,現実,調整役,周囲を見てバランスを取る人,非常に社交的で後先考えず、探求心がある性格,自己犠牲精神で現実主義
超外向,超即決,少挑戦,超仲間,少現実,調整役,周囲を見てバランスを取る人,非常に社交的で後先考えず、探求心がある性格,自己犠牲精神で現実的な側面を考慮する
超外向,超即決,少挑戦,超仲間,少理想,調整役,周囲を見てバランスを取る人,非常に社交的で後先考えず、探求心がある性格,自己犠牲精神で夢見がち
超外向,超即決,少挑戦,超仲間,理想,情熱家,夢と理想に燃える人物,非常に社交的で後先考えず、探求心がある性格,自己犠牲精神で理想的
超外向,超即決,少挑戦,超仲間,超理想,情熱家,夢と理想に燃える人物,非常に社交的で後先考えず、探求心がある性格,自己犠牲精神で地に足がついていない
超外向,超即決,挑戦,孤高,超現実,孤高の戦士,誰にも頼らず突き進む,非常に社交的で後先考えず、挑戦的な性格,孤高の存在で超現実主義
超外向,超即決,挑戦,孤高,現実,孤高の戦士,誰にも頼らず突き進む,非常に社交的で後先考えず、挑戦的な性格,孤高の存在で現実主義
超外向,超即決,挑戦,孤高,少現実,暴走隊長,突っ走る孤高タイプ,非常に社交的で後先考えず、挑戦的な性格,孤高の存在で現実的な側面を考慮する
超外向,超即決,挑戦,孤高,少理想,暴走隊長,突っ走る孤高タイプ,非常に社交的で後先考えず、挑戦的な性格,孤高の存在で夢見がち
超外向,超即決,挑戦,孤高,理想,暴走隊長,突っ走る孤高タイプ,非常に社交的で後先考えず、挑戦的な性格,孤高の存在で理想的
超外向,超即決,挑戦,孤高,超理想,暴走隊長,突っ走る孤高タイプ,非常に社交的で後先考えず、挑戦的な性格,孤高の存在で地に足がついていない
超外向,超即決,挑戦,一匹狼,超現実,孤高の戦士,誰にも頼らず突き進む,非常に社交的で後先考えず、挑戦的な性格,一匹狼で超現実主義
超外向,超即決,挑戦,一匹狼,現実,孤高の戦士,誰にも頼らず突き進む,非常に社交的で後先考えず、挑戦的な性格,一匹狼で現実主義
超外向,超即決,挑戦,一匹狼,少現実,暴走隊長,突っ走る孤高タイプ,非常に社交的で後先考えず、挑戦的な性格,一匹狼で現実的な側面を考慮する
超外向,超即決,挑戦,一匹狼,少理想,暴走隊長,突っ走る孤高タイプ,非常に社交的で後先考えず、挑戦的な性格,一匹狼で夢見がち
超外向,超即決,挑戦,一匹狼,理想,暴走隊長,突っ走る孤高タイプ,非常に社交的で後先考えず、挑戦的な性格,一匹狼で理想的
超外向,超即決,挑戦,一匹狼,超理想,暴走隊長,突っ走る孤高タイプ,非常に社交的で後先考えず、挑戦的な性格,一匹狼で地に足がついていない
超外向,超即決,挑戦,少孤独,超現実,調整役,周囲を見てバランスを取る人,非常に社交的で後先考えず、挑戦的な性格,自由主義で超現実主義
超外向,超即決,挑戦,少孤独,現実,調整役,周囲を見てバランスを取る人,非常に社交的で後先考えず、挑戦的な性格,自由主義で現実主義
超外向,超即決,挑戦,少孤独,少現実,調整役,周囲を見てバランスを取る人,非常に社交的で後先考えず、挑戦的な性格,自由主義で現実的な側面を考慮する
超外向,超即決,挑戦,少孤独,少理想,調整役,周囲を見てバランスを取る人,非常に社交的で後先考えず、挑戦的な性格,自由主義で夢見がち
超外向,超即決,挑戦,少孤独,理想,情熱家,夢と理想に燃える人物,非常に社交的で後先考えず、挑戦的な性格,自由主義で理想的
超外向,超即決,挑戦,少孤独,超理想,情熱家,夢と理想に燃える人物,非常に社交的で後先考えず、挑戦的な性格,自由主義で地に足がついていない
超外向,超即決,挑戦,少仲間,超現実,調整役,周囲を見てバランスを取る人,非常に社交的で後先考えず、挑戦的な性格,温厚で超現実主義
超外向,超即決,挑戦,少仲間,現実,調整役,周囲を見てバランスを取る人,非常に社交的で後先考えず、挑戦的な性格,温厚で現実主義
超外向,超即決,挑戦,少仲間,少現実,調整役,周囲を見てバランスを取る人,非常に社交的で後先考えず、挑戦的な性格,温厚で現実的な側面を考慮する
超外向,超即決,挑戦,少仲間,少理想,調整役,周囲を見てバランスを取る人,非常に社交的で後先考えず、挑戦的な性格,温厚で夢見がち
超外向,超即決,挑戦,少仲間,理想,情熱家,夢と理想に燃える人物,非常に社交的で後先考えず、挑戦的な性格,温厚で理想的
超外向,超即決,挑戦,少仲間,超理想,情熱家,夢と理想に燃える人物,非常に社交的で後先考えず、挑戦的な性格,温厚で地に足がついていない
超外向,超即決,挑戦,仲間派,超現実,調整役,周囲を見てバランスを取る人,非常に社交的で後先考えず、挑戦的な性格,仲間思いで超現実主義
超外向,超即決,挑戦,仲間派,現実,調整役,周囲を見てバランスを取る人,非常に社交的で後先考えず、挑戦的な性格,仲間思いで現実主義
超外向,超即決,挑戦,仲間派,少現実,調整役,周囲を見てバランスを取る人,非常に社交的で後先考えず、挑戦的な性格,仲間思いで現実的な側面を考慮する
超外向,超即決,挑戦,仲間派,少理想,調整役,周囲を見てバランスを取る人,非常に社交的で後先考えず、挑戦的な性格,仲間思いで夢見がち
超外向,超即決,挑戦,仲間派,理想,カリスマリーダー,仲間を率いる熱血タイプ,非常に社交的で後先考えず、挑戦的な性格,仲間思いで理想的
超外向,超即決,挑戦,仲間派,超理想,カリスマリーダー,仲間を率いる熱血タイプ,非常に社交的で後先考えず、挑戦的な性格,仲間思いで地に足がついていない
超外向,超即決,挑戦,超仲間,超現実,調整役,周囲を見てバランスを取る人,非常に社交的で後先考えず、挑戦的な性格,自己犠牲精神で超現実主義
超外向,超即決,挑戦,超仲間,現実,調整役,周囲を見てバランスを取る人,非常に社交的で後先考えず、挑戦的な性格,自己犠牲精神で現実主義
超外向,超即決,挑戦,超仲間,少現実,調整役,周囲を見てバランスを取る人,非常に社交的で後先考えず、挑戦的な性格,自己犠牲精神で現実的な側面を考慮する
超外向,超即決,挑戦,超仲間,少理想,調整役,周囲を見てバランスを取る人,非常に社交的で後先考えず、挑戦的な性格,自己犠牲精神で夢見がち
超外向,超即決,挑戦,超仲間,理想,カリスマリーダー,仲間を率いる熱血タイプ,非常に社交的で後先考えず、挑戦的な性格,自己犠牲精神で理想的
超外向,超即決,挑戦,超仲間,超理想,カリスマリーダー,仲間を率いる熱血タイプ,非常に社交的で後先考えず、挑戦的な性格,自己犠牲精神で地に足がついていない
超外向,超即決,超挑戦,孤高,超現実,孤高の戦士,誰にも頼らず突き進む,非常に社交的で後先考えず、果敢な性格,孤高の存在で超現実主義
超外向,超即決,超挑戦,孤高,現実,孤高の戦士,誰にも頼らず突き進む,非常に社交的で後先考えず、果敢な性格,孤高の存在で現実主義
超外向,超即決,超挑戦,孤高,少現実,暴走隊長,突っ走る孤高タイプ,非常に社交的で後先考えず、果敢な性格,孤高の存在で現実的な側面を考慮する
超外向,超即決,超挑戦,孤高,少理想,暴走隊長,突っ走る孤高タイプ,非常に社交的で後先考えず、果敢な性格,孤高の存在で夢見がち
超外向,超即決,超挑戦,孤高,理想,暴走隊長,突っ走る孤高タイプ,非常に社交的で後先考えず、果敢な性格,孤高の存在で理想的
超外向,超即決,超挑戦,孤高,超理想,暴走隊長,突っ走る孤高タイプ,非常に社交的で後先考えず、果敢な性格,孤高の存在で地に足がついていない
超外向,超即決,超挑戦,一匹狼,超現実,孤高の戦士,誰にも頼らず突き進む,非常に社交的で後先考えず、果敢な性格,一匹狼で超現実主義
超外向,超即決,超挑戦,一匹狼,現実,孤高の戦士,誰にも頼らず突き進む,非常に社交的で後先考えず、果敢な性格,一匹狼で現実主義
超外向,超即決,超挑戦,一匹狼,少現実,暴走隊長,突っ走る孤高タイプ,非常に社交的で後先考えず、果敢な性格,一匹狼で現実的な側面を考慮する
超外向,超即決,超挑戦,一匹狼,少理想,暴走隊長,突っ走る孤高タイプ,非常に社交的で後先考えず、果敢な性格,一匹狼で夢見がち
超外向,超即決,超挑戦,一匹狼,理想,暴走隊長,突っ走る孤高タイプ,非常に社交的で後先考えず、果敢な性格,一匹狼で理想的
超外向,超即決,超挑戦,一匹狼,超理想,暴走隊長,突っ走る孤高タイプ,非常に社交的で後先考えず、果敢な性格,一匹狼で地に足がついていない
超外向,超即決,超挑戦,少孤独,超現実,調整役,周囲を見てバランスを取る人,非常に社交的で後先考えず、果敢な性格,自由主義で超現実主義
超外向,超即決,超挑戦,少孤独,現実,調整役,周囲を見てバランスを取る人,非常に社交的で後先考えず、果敢な性格,自由主義で現実主義
超外向,超即決,超挑戦,少孤独,少現実,調整役,周囲を見てバランスを取る人,非常に社交的で後先考えず、果敢な性格,自由主義で現実的な側面を考慮する
超外向,超即決,超挑戦,少孤独,少理想,調整役,周囲を見てバランスを取る人,非常に社交的で後先考えず、果敢な性格,自由主義で夢見がち
超外向,超即決,超挑戦,少孤独,理想,情熱家,夢と理想に燃える人物,非常に社交的で後先考えず、果敢な性格,自由主義で理想的
超外向,超即決,超挑戦,少孤独,超理想,情熱家,夢と理想に燃える人物,非常に社交的で後先考えず、果敢な性格,自由主義で地に足がついていない
超外向,超即決,超挑戦,少仲間,超現実,調整役,周囲を見てバランスを取る人,非常に社交的で後先考えず、果敢な性格,温厚で超現実主義
超外向,超即決,超挑戦,少仲間,現実,調整役,周囲を見てバランスを取る人,非常に社交的で後先考えず、果敢な性格,温厚で現実主義
超外向,超即決,超挑戦,少仲間,少現実,調整役,周囲を見てバランスを取る人,非常に社交的で後先考えず、果敢な性格,温厚で現実的な側面を考慮する
超外向,超即決,超挑戦,少仲間,少理想,調整役,周囲を見てバランスを取る人,非常に社交的で後先考えず、果敢な性格,温厚で夢見がち
超外向,超即決,超挑戦,少仲間,理想,情熱家,夢と理想に燃える人物,非常に社交的で後先考えず、果敢な性格,温厚で理想的
超外向,超即決,超挑戦,少仲間,超理想,情熱家,夢と理想に燃える人物,非常に社交的で後先考えず、果敢な性格,温厚で地に足がついていない
超外向,超即決,超挑戦,仲間派,超現実,調整役,周囲を見てバランスを取る人,非常に社交的で後先考えず、果敢な性格,仲間思いで超現実主義
超外向,超即決,超挑戦,仲間派,現実,調整役,周囲を見てバランスを取る人,非常に社交的で後先考えず、果敢な性格,仲間思いで現実主義
超外向,超即決,超挑戦,仲間派,少現実,調整役,周囲を見てバランスを取る人,非常に社交的で後先考えず、果敢な性格,仲間思いで現実的な側面を考慮する
超外向,超即決,超挑戦,仲間派,少理想,調整役,周囲を見てバランスを取る人,非常に社交的で後先考えず、果敢な性格,仲間思いで夢見がち
超外向,超即決,超挑戦,仲間派,理想,カリスマリーダー,仲間を率いる熱血タイプ,非常に社交的で後先考えず、果敢な性格,仲間思いで理想的
超外向,超即決,超挑戦,仲間派,超理想,カリスマリーダー,仲間を率いる熱血タイプ,非常に社交的で後先考えず、果敢な性格,仲間思いで地に足がついていない
超外向,超即決,超挑戦,超仲間,超現実,調整役,周囲を見てバランスを取る人,非常に社交的で後先考えず、果敢な性格,自己犠牲精神で超現実主義
超外向,超即決,超挑戦,超仲間,現実,調整役,周囲を見てバランスを取る人,非常に社交的で後先考えず、果敢な性格,自己犠牲精神で現実主義
超外向,超即決,超挑戦,超仲間,少現実,調整役,周囲を見てバランスを取る人,非常に社交的で後先考えず、果敢な性格,自己犠牲精神で現実的な側面を考慮する
超外向,超即決,超挑戦,超仲間,少理想,調整役,周囲を見てバランスを取る人,非常に社交的で後先考えず、果敢な性格,自己犠牲精神で夢見がち
超外向,超即決,超挑戦,超仲間,理想,カリスマリーダー,仲間を率いる熱血タイプ,非常に社交的で後先考えず、果敢な性格,自己犠牲精神で理想的
超外向,超即決,超挑戦,超仲間,超理想,カリスマリーダー,仲間を率いる熱血タイプ,非常に社交的で後先考えず、果敢な性格,自己犠牲精神で地に足がついていない
